{
  "query_1": {
    "doc_ids": [
      "arxiv:2412.10543",
      "arxiv:2307.10169",
      "arxiv:2303.18223",
      "arxiv:2307.10169",
      "arxiv:2307.10169",
      "arxiv:2307.10169",
      "arxiv:2307.10169",
      "arxiv:2307.10169",
      "arxiv:2303.18223",
      "arxiv:2306.17806"
    ],
    "query_time": 1.909869909286499,
    "metadata": {
      "scores": [
        4.353336334228516,
        3.5778629779815674,
        2.871995449066162,
        2.722613573074341,
        -0.0007309615612030029,
        -1.8697199821472168,
        -2.2895283699035645,
        -3.0006539821624756,
        -3.4602556228637695,
        -5.348000526428223
      ],
      "num_hits": 10
    }
  },
  "query_2": {
    "doc_ids": [
      "arxiv:2308.10792",
      "arxiv:2106.09685",
      "arxiv:2106.09685",
      "arxiv:2306.09782",
      "arxiv:2306.09782",
      "arxiv:2305.14314",
      "arxiv:2308.10792",
      "arxiv:20-074",
      "arxiv:2304.01933",
      "arxiv:2106.09685"
    ],
    "query_time": 1.1731820106506348,
    "metadata": {
      "scores": [
        3.824204444885254,
        3.082984209060669,
        2.974358081817627,
        2.7684483528137207,
        1.9888677597045898,
        1.9337366819381714,
        1.658418893814087,
        1.3265743255615234,
        1.0724811553955078,
        0.9624016284942627
      ],
      "num_hits": 10
    }
  },
  "query_3": {
    "doc_ids": [
      "arxiv:2307.09288",
      "arxiv:10000000_662098952474184_2584067087619170692_n",
      "arxiv:2001.08361",
      "arxiv:333078981_693988129081760_4712707815225756708_n",
      "arxiv:2302.13971",
      "arxiv:2304.00612",
      "arxiv:2303.18223",
      "arxiv:2303.18223",
      "arxiv:2211.05102",
      "arxiv:2302.13971"
    ],
    "query_time": 1.0105290412902832,
    "metadata": {
      "scores": [
        3.575730800628662,
        3.575730800628662,
        3.083230972290039,
        2.967801332473755,
        2.9150896072387695,
        2.295053482055664,
        2.126103639602661,
        1.8638474941253662,
        1.7899272441864014,
        1.760993480682373
      ],
      "num_hits": 10
    }
  },
  "query_4": {
    "doc_ids": [
      "arxiv:2303.18223",
      "arxiv:2303.18223",
      "arxiv:2303.18223",
      "arxiv:2303.18223",
      "arxiv:333078981_693988129081760_4712707815225756708_n",
      "arxiv:2303.18223",
      "arxiv:2401.04088",
      "arxiv:2307.10169",
      "arxiv:2501.19393",
      "arxiv:2310.06825"
    ],
    "query_time": 1.1225581169128418,
    "metadata": {
      "scores": [
        6.814050674438477,
        4.643477439880371,
        4.015842914581299,
        3.5089547634124756,
        3.2628369331359863,
        3.2189927101135254,
        3.130157470703125,
        3.0347514152526855,
        2.534599781036377,
        2.281461238861084
      ],
      "num_hits": 10
    }
  },
  "query_5": {
    "doc_ids": [
      "arxiv:2303.18223",
      "arxiv:2203.02155",
      "arxiv:2305.18290",
      "arxiv:2305.03047",
      "arxiv:2303.18223",
      "arxiv:2203.02155",
      "arxiv:2307.10169",
      "arxiv:2308.10792",
      "arxiv:2305.18290",
      "arxiv:2412.19437"
    ],
    "query_time": 1.1294128894805908,
    "metadata": {
      "scores": [
        4.345754623413086,
        3.7759861946105957,
        3.5978407859802246,
        2.0330872535705566,
        1.1072704792022705,
        0.9679601192474365,
        0.9262648820877075,
        0.8760223984718323,
        0.023921102285385132,
        -0.022182323038578033
      ],
      "num_hits": 10
    }
  },
  "query_6": {
    "doc_ids": [
      "arxiv:palm2techreport",
      "arxiv:2211.05100",
      "arxiv:2020.aacl-main.88",
      "arxiv:2211.05100",
      "arxiv:2307.10169",
      "arxiv:2307.09288",
      "arxiv:10000000_662098952474184_2584067087619170692_n",
      "arxiv:2204.02311",
      "arxiv:2211.09110",
      "arxiv:1910.01108"
    ],
    "query_time": 1.0196800231933594,
    "metadata": {
      "scores": [
        3.2237448692321777,
        2.6906628608703613,
        2.3235535621643066,
        1.9543347358703613,
        1.4118788242340088,
        1.3721177577972412,
        1.3721177577972412,
        1.2420573234558105,
        0.8404802083969116,
        0.8402020931243896
      ],
      "num_hits": 10
    }
  },
  "query_7": {
    "doc_ids": [
      "arxiv:2303.18223",
      "arxiv:2303.18223",
      "arxiv:2412.19437",
      "arxiv:2307.10169",
      "arxiv:2307.03172",
      "arxiv:2303.18223",
      "arxiv:2307.10169",
      "arxiv:2305.07185",
      "arxiv:2307.10169",
      "arxiv:2312.00752"
    ],
    "query_time": 1.0260510444641113,
    "metadata": {
      "scores": [
        3.4833831787109375,
        1.496767282485962,
        0.988332986831665,
        -0.19825902581214905,
        -0.20014159381389618,
        -0.4279288649559021,
        -0.589432418346405,
        -0.8718584775924683,
        -0.9109316468238831,
        -2.5261025428771973
      ],
      "num_hits": 10
    }
  },
  "query_8": {
    "doc_ids": [
      "arxiv:2310.20707",
      "arxiv:2310.20707",
      "arxiv:2307.10169",
      "arxiv:2310.20707",
      "arxiv:2005.14165",
      "arxiv:2310.20707",
      "arxiv:2310.20707",
      "arxiv:2304.01373",
      "arxiv:2005.14165",
      "arxiv:2211.05100"
    ],
    "query_time": 1.128114938735962,
    "metadata": {
      "scores": [
        2.0564260482788086,
        1.4954191446304321,
        0.2492835819721222,
        0.14296449720859528,
        -0.3261694312095642,
        -0.6442805528640747,
        -0.852545440196991,
        -1.021742343902588,
        -1.7391788959503174,
        -1.7831883430480957
      ],
      "num_hits": 10
    }
  },
  "query_9": {
    "doc_ids": [
      "arxiv:10000000_662098952474184_2584067087619170692_n",
      "arxiv:2307.09288",
      "arxiv:2303.18223",
      "arxiv:10000000_662098952474184_2584067087619170692_n",
      "arxiv:2307.09288",
      "arxiv:2303.18223",
      "arxiv:2304.01933",
      "arxiv:10000000_662098952474184_2584067087619170692_n",
      "arxiv:2307.09288",
      "arxiv:333078981_693988129081760_4712707815225756708_n"
    ],
    "query_time": 1.3886852264404297,
    "metadata": {
      "scores": [
        0.8121936321258545,
        0.8121936321258545,
        0.479507178068161,
        0.2547873258590698,
        0.2547873258590698,
        0.02665472775697708,
        -0.06193685531616211,
        -2.6192474365234375,
        -2.6192474365234375,
        -2.6251890659332275
      ],
      "num_hits": 10
    }
  },
  "query_10": {
    "doc_ids": [
      "arxiv:2307.10169",
      "arxiv:2305.03047",
      "arxiv:2303.18223",
      "arxiv:2203.02155",
      "arxiv:2305.03047",
      "arxiv:2305.03047",
      "arxiv:2305.03047",
      "arxiv:10000000_662098952474184_2584067087619170692_n",
      "arxiv:2307.09288",
      "arxiv:2305.03047"
    ],
    "query_time": 1.067514181137085,
    "metadata": {
      "scores": [
        3.9590096473693848,
        1.7393933534622192,
        1.4471222162246704,
        1.0833526849746704,
        0.4809392988681793,
        -0.6107277274131775,
        -1.462640643119812,
        -3.5425238609313965,
        -3.5425238609313965,
        -3.598224639892578
      ],
      "num_hits": 10
    }
  }
}