{
  "system_metrics": {
    "baseline": {
      "recall@5": 0.7321428571428571,
      "hit_rate@5": 1.0,
      "hit_rate@1": 0.7,
      "mrr": 0.825,
      "recall@3": 0.5345238095238095,
      "precision@1": 0.7,
      "citation_accuracy": 0.44952380952380955,
      "hit_rate@10": 1.0,
      "precision@3": 0.6333333333333333,
      "hit_rate@3": 0.9,
      "grounding_accuracy": 1.0,
      "recall@10": 0.7607142857142857,
      "precision@5": 0.54,
      "ndcg@1": 0.7,
      "precision@10": 0.44952380952380955,
      "ndcg@3": 0.6350499802054138,
      "ndcg@5": 0.7237737640164681,
      "recall@1": 0.20595238095238094,
      "retrieval_latency": 0.005976390838623047,
      "ndcg@10": 0.7321099877019595,
      "average_response_time": 0.005976390838623047,
      "queries_per_second": 167.32506741985415
    },
    "chunk_350_ov20": {
      "recall@5": 0.5321428571428571,
      "hit_rate@5": 0.9,
      "hit_rate@1": 0.5,
      "mrr": 0.6366666666666666,
      "recall@3": 0.4261904761904762,
      "precision@1": 0.5,
      "citation_accuracy": 0.3193253968253968,
      "hit_rate@10": 0.9,
      "precision@3": 0.4666666666666666,
      "hit_rate@3": 0.8,
      "grounding_accuracy": 1.0,
      "recall@10": 0.5797619047619047,
      "precision@5": 0.37,
      "ndcg@1": 0.45,
      "precision@10": 0.3193253968253968,
      "ndcg@3": 0.45721659395735703,
      "ndcg@5": 0.514400952425462,
      "recall@1": 0.1392857142857143,
      "retrieval_latency": 0.014812850952148437,
      "ndcg@10": 0.5285096272760599,
      "average_response_time": 0.014812850952148437,
      "queries_per_second": 67.50894903556437
    }
  },
  "best_systems": {
    "recall@5": {
      "system": "baseline",
      "score": 0.7321428571428571
    },
    "hit_rate@5": {
      "system": "baseline",
      "score": 1.0
    },
    "hit_rate@1": {
      "system": "baseline",
      "score": 0.7
    },
    "mrr": {
      "system": "baseline",
      "score": 0.825
    },
    "recall@3": {
      "system": "baseline",
      "score": 0.5345238095238095
    },
    "precision@1": {
      "system": "baseline",
      "score": 0.7
    },
    "citation_accuracy": {
      "system": "baseline",
      "score": 0.44952380952380955
    },
    "hit_rate@10": {
      "system": "baseline",
      "score": 1.0
    },
    "precision@3": {
      "system": "baseline",
      "score": 0.6333333333333333
    },
    "hit_rate@3": {
      "system": "baseline",
      "score": 0.9
    },
    "grounding_accuracy": {
      "system": "baseline",
      "score": 1.0
    },
    "recall@10": {
      "system": "baseline",
      "score": 0.7607142857142857
    },
    "precision@5": {
      "system": "baseline",
      "score": 0.54
    },
    "ndcg@1": {
      "system": "baseline",
      "score": 0.7
    },
    "precision@10": {
      "system": "baseline",
      "score": 0.44952380952380955
    },
    "ndcg@3": {
      "system": "baseline",
      "score": 0.6350499802054138
    },
    "ndcg@5": {
      "system": "baseline",
      "score": 0.7237737640164681
    },
    "recall@1": {
      "system": "baseline",
      "score": 0.20595238095238094
    },
    "retrieval_latency": {
      "system": "chunk_350_ov20",
      "score": 0.014812850952148437
    },
    "ndcg@10": {
      "system": "baseline",
      "score": 0.7321099877019595
    },
    "average_response_time": {
      "system": "chunk_350_ov20",
      "score": 0.014812850952148437
    },
    "queries_per_second": {
      "system": "baseline",
      "score": 167.32506741985415
    }
  }
}