{
  "system_metrics": {
    "baseline": {
      "mrr": 0.825,
      "precision@1": 0.7,
      "recall@1": 0.20595238095238094,
      "recall@10": 0.7607142857142857,
      "ndcg@5": 0.7237737640164681,
      "retrieval_latency": 0.005976390838623047,
      "hit_rate@5": 1.0,
      "hit_rate@10": 1.0,
      "ndcg@10": 0.7321099877019595,
      "recall@3": 0.5345238095238095,
      "grounding_accuracy": 1.0,
      "ndcg@1": 0.7,
      "recall@5": 0.7321428571428571,
      "hit_rate@3": 0.9,
      "precision@5": 0.54,
      "precision@3": 0.6333333333333333,
      "ndcg@3": 0.6350499802054138,
      "hit_rate@1": 0.7,
      "citation_accuracy": 0.44952380952380955,
      "precision@10": 0.44952380952380955,
      "average_response_time": 0.005976390838623047,
      "queries_per_second": 167.32506741985415
    },
    "chunk_350_ov60": {
      "mrr": 0.465,
      "precision@1": 0.2,
      "recall@1": 0.06666666666666667,
      "recall@10": 0.588095238095238,
      "ndcg@5": 0.3927877961501621,
      "retrieval_latency": 0.08369245529174804,
      "hit_rate@5": 0.9,
      "hit_rate@10": 0.9,
      "ndcg@10": 0.452516907564587,
      "recall@3": 0.25357142857142856,
      "grounding_accuracy": 1.0,
      "ndcg@1": 0.2,
      "recall@5": 0.4261904761904762,
      "hit_rate@3": 0.6,
      "precision@5": 0.37,
      "precision@3": 0.35,
      "ndcg@3": 0.293768885145029,
      "hit_rate@1": 0.2,
      "citation_accuracy": 0.4001190476190476,
      "precision@10": 0.4001190476190476,
      "average_response_time": 0.08369245529174804,
      "queries_per_second": 11.948508339420155
    }
  },
  "best_systems": {
    "mrr": {
      "system": "baseline",
      "score": 0.825
    },
    "precision@1": {
      "system": "baseline",
      "score": 0.7
    },
    "recall@1": {
      "system": "baseline",
      "score": 0.20595238095238094
    },
    "recall@10": {
      "system": "baseline",
      "score": 0.7607142857142857
    },
    "ndcg@5": {
      "system": "baseline",
      "score": 0.7237737640164681
    },
    "retrieval_latency": {
      "system": "chunk_350_ov60",
      "score": 0.08369245529174804
    },
    "hit_rate@5": {
      "system": "baseline",
      "score": 1.0
    },
    "hit_rate@10": {
      "system": "baseline",
      "score": 1.0
    },
    "ndcg@10": {
      "system": "baseline",
      "score": 0.7321099877019595
    },
    "recall@3": {
      "system": "baseline",
      "score": 0.5345238095238095
    },
    "grounding_accuracy": {
      "system": "baseline",
      "score": 1.0
    },
    "ndcg@1": {
      "system": "baseline",
      "score": 0.7
    },
    "recall@5": {
      "system": "baseline",
      "score": 0.7321428571428571
    },
    "hit_rate@3": {
      "system": "baseline",
      "score": 0.9
    },
    "precision@5": {
      "system": "baseline",
      "score": 0.54
    },
    "precision@3": {
      "system": "baseline",
      "score": 0.6333333333333333
    },
    "ndcg@3": {
      "system": "baseline",
      "score": 0.6350499802054138
    },
    "hit_rate@1": {
      "system": "baseline",
      "score": 0.7
    },
    "citation_accuracy": {
      "system": "baseline",
      "score": 0.44952380952380955
    },
    "precision@10": {
      "system": "baseline",
      "score": 0.44952380952380955
    },
    "average_response_time": {
      "system": "chunk_350_ov60",
      "score": 0.08369245529174804
    },
    "queries_per_second": {
      "system": "baseline",
      "score": 167.32506741985415
    }
  }
}