{
  "query_1": {
    "doc_ids": [
      "arxiv:2307.10169#methods:part-4",
      "arxiv:2307.10169#methods:part-4",
      "arxiv:2307.10169#methods:part-4",
      "arxiv:2307.10169#methods:part-4",
      "arxiv:2307.10169#methods:part-4",
      "arxiv:2307.10169#methods:part-4",
      "arxiv:2307.10169#methods:part-4",
      "arxiv:2303.18223#model:part-35",
      "arxiv:2303.18223#model:part-35",
      "arxiv:2303.18223#model:part-35",
      "arxiv:2303.18223#model:part-35",
      "arxiv:2303.18223#model:part-35",
      "arxiv:2303.18223#model:part-35",
      "arxiv:2303.18223#model:part-35",
      "arxiv:2307.10169#methods:part-3",
      "arxiv:2307.10169#methods:part-3",
      "arxiv:2307.10169#methods:part-3",
      "arxiv:2307.10169#methods:part-3",
      "arxiv:2307.10169#methods:part-3",
      "arxiv:2307.10169#methods:part-3"
    ],
    "metadata": {
      "scores": [
        30.31119718520653,
        30.31119718520653,
        30.31119718520653,
        30.31119718520653,
        30.31119718520653,
        30.31119718520653,
        30.31119718520653,
        28.375579935833443,
        28.375579935833443,
        28.375579935833443,
        28.375579935833443,
        28.375579935833443,
        28.375579935833443,
        28.375579935833443,
        25.369384350108263,
        25.369384350108263,
        25.369384350108263,
        25.369384350108263,
        25.369384350108263,
        25.369384350108263
      ]
    },
    "query_time": 2.2266390323638916
  },
  "query_2": {
    "doc_ids": [
      "arxiv:2304.01933#method:part-5",
      "arxiv:2304.01933#method:part-5",
      "arxiv:2304.01933#method:part-5",
      "arxiv:2304.01933#method:part-5",
      "arxiv:2304.01933#method:part-5",
      "arxiv:2304.01933#method:part-5",
      "arxiv:2304.01933#method:part-5",
      "arxiv:2106.09685#method:part-7",
      "arxiv:2106.09685#method:part-7",
      "arxiv:2106.09685#method:part-7",
      "arxiv:2106.09685#method:part-7",
      "arxiv:2106.09685#method:part-7",
      "arxiv:2106.09685#method:part-7",
      "arxiv:2106.09685#method:part-7",
      "arxiv:2308.10792#model:part-9",
      "arxiv:2308.10792#model:part-9",
      "arxiv:2308.10792#model:part-9",
      "arxiv:2308.10792#model:part-9",
      "arxiv:2308.10792#model:part-9",
      "arxiv:2308.10792#model:part-9"
    ],
    "metadata": {
      "scores": [
        33.11106293692701,
        33.11106293692701,
        33.11106293692701,
        33.11106293692701,
        33.11106293692701,
        33.11106293692701,
        33.11106293692701,
        28.532567880230253,
        28.532567880230253,
        28.532567880230253,
        28.532567880230253,
        28.532567880230253,
        28.532567880230253,
        28.532567880230253,
        28.42339082634347,
        28.42339082634347,
        28.42339082634347,
        28.42339082634347,
        28.42339082634347,
        28.42339082634347
      ]
    },
    "query_time": 2.01611590385437
  },
  "query_3": {
    "doc_ids": [
      "arxiv:2303.18223#introduction:part-6",
      "arxiv:2303.18223#introduction:part-6",
      "arxiv:2303.18223#introduction:part-6",
      "arxiv:2303.18223#introduction:part-6",
      "arxiv:2303.18223#introduction:part-6",
      "arxiv:2303.18223#introduction:part-6",
      "arxiv:2303.18223#introduction:part-6",
      "arxiv:2303.18223#introduction:part-8",
      "arxiv:2303.18223#introduction:part-8",
      "arxiv:2303.18223#introduction:part-8",
      "arxiv:2303.18223#introduction:part-8",
      "arxiv:2303.18223#introduction:part-8",
      "arxiv:2303.18223#introduction:part-8",
      "arxiv:2303.18223#introduction:part-8",
      "arxiv:2307.10169#introduction:part-9",
      "arxiv:2307.10169#introduction:part-9",
      "arxiv:2307.10169#introduction:part-9",
      "arxiv:2307.10169#introduction:part-9",
      "arxiv:2307.10169#introduction:part-9",
      "arxiv:2307.10169#introduction:part-9"
    ],
    "metadata": {
      "scores": [
        22.499644017792278,
        22.499644017792278,
        22.499644017792278,
        22.499644017792278,
        22.499644017792278,
        22.499644017792278,
        22.499644017792278,
        20.004103529380735,
        20.004103529380735,
        20.004103529380735,
        20.004103529380735,
        20.004103529380735,
        20.004103529380735,
        20.004103529380735,
        16.866063036424446,
        16.866063036424446,
        16.866063036424446,
        16.866063036424446,
        16.866063036424446,
        16.866063036424446
      ]
    },
    "query_time": 2.0489089488983154
  },
  "query_4": {
    "doc_ids": [
      "arxiv:2303.18223#result:part-18",
      "arxiv:2303.18223#result:part-18",
      "arxiv:2303.18223#result:part-18",
      "arxiv:2303.18223#result:part-18",
      "arxiv:2303.18223#result:part-18",
      "arxiv:2303.18223#result:part-18",
      "arxiv:2303.18223#result:part-18",
      "arxiv:2303.18223#approach:part-19",
      "arxiv:2303.18223#approach:part-19",
      "arxiv:2303.18223#approach:part-19",
      "arxiv:2303.18223#approach:part-19",
      "arxiv:2303.18223#approach:part-19",
      "arxiv:2303.18223#approach:part-19",
      "arxiv:2303.18223#approach:part-19",
      "arxiv:2211.09110#model:part-34",
      "arxiv:2211.09110#model:part-34",
      "arxiv:2211.09110#model:part-34",
      "arxiv:2211.09110#model:part-34",
      "arxiv:2211.09110#model:part-34",
      "arxiv:2211.09110#model:part-34"
    ],
    "metadata": {
      "scores": [
        30.75648237435651,
        30.75648237435651,
        30.75648237435651,
        30.75648237435651,
        30.75648237435651,
        30.75648237435651,
        30.75648237435651,
        29.001737983259016,
        29.001737983259016,
        29.001737983259016,
        29.001737983259016,
        29.001737983259016,
        29.001737983259016,
        29.001737983259016,
        27.670094813755732,
        27.670094813755732,
        27.670094813755732,
        27.670094813755732,
        27.670094813755732,
        27.670094813755732
      ]
    },
    "query_time": 2.0456361770629883
  },
  "query_5": {
    "doc_ids": [
      "arxiv:2305.03047#introduction:part-4",
      "arxiv:2305.03047#introduction:part-4",
      "arxiv:2305.03047#introduction:part-4",
      "arxiv:2305.03047#introduction:part-4",
      "arxiv:2305.03047#introduction:part-4",
      "arxiv:2305.03047#introduction:part-4",
      "arxiv:2305.03047#introduction:part-4",
      "arxiv:2305.03047#introduction:part-3",
      "arxiv:2305.03047#introduction:part-3",
      "arxiv:2305.03047#introduction:part-3",
      "arxiv:2305.03047#introduction:part-3",
      "arxiv:2305.03047#introduction:part-3",
      "arxiv:2305.03047#introduction:part-3",
      "arxiv:2305.03047#introduction:part-3",
      "arxiv:2305.18290#introduction:part-1",
      "arxiv:2305.18290#introduction:part-1",
      "arxiv:2305.18290#introduction:part-1",
      "arxiv:2305.18290#introduction:part-1",
      "arxiv:2305.18290#introduction:part-1",
      "arxiv:2305.18290#introduction:part-1"
    ],
    "metadata": {
      "scores": [
        36.316792157639036,
        36.316792157639036,
        36.316792157639036,
        36.316792157639036,
        36.316792157639036,
        36.316792157639036,
        36.316792157639036,
        33.572694105921975,
        33.572694105921975,
        33.572694105921975,
        33.572694105921975,
        33.572694105921975,
        33.572694105921975,
        33.572694105921975,
        30.912111799343442,
        30.912111799343442,
        30.912111799343442,
        30.912111799343442,
        30.912111799343442,
        30.912111799343442
      ]
    },
    "query_time": 2.094377040863037
  },