{
  "system_metrics": {
    "baseline": {
      "grounding_accuracy": 1.0,
      "ndcg@3": 0.6350499802054138,
      "precision@1": 0.7,
      "hit_rate@5": 1.0,
      "ndcg@10": 0.7321099877019595,
      "mrr": 0.825,
      "ndcg@1": 0.7,
      "recall@5": 0.7321428571428571,
      "ndcg@5": 0.7237737640164681,
      "precision@10": 0.44952380952380955,
      "precision@3": 0.6333333333333333,
      "recall@10": 0.7607142857142857,
      "hit_rate@3": 0.9,
      "precision@5": 0.54,
      "recall@3": 0.5345238095238095,
      "citation_accuracy": 0.44952380952380955,
      "hit_rate@10": 1.0,
      "hit_rate@1": 0.7,
      "retrieval_latency": 0.005976390838623047,
      "recall@1": 0.20595238095238094,
      "average_response_time": 0.005976390838623047,
      "queries_per_second": 167.32506741985415
    },
    "chunk_500_ov100": {
      "grounding_accuracy": 1.0,
      "ndcg@3": 0.5402783055198124,
      "precision@1": 0.7,
      "hit_rate@5": 1.0,
      "ndcg@10": 0.6169368579833021,
      "mrr": 0.8033333333333333,
      "ndcg@1": 0.65,
      "recall@5": 0.5928571428571429,
      "ndcg@5": 0.6006768792275563,
      "precision@10": 0.3352380952380952,
      "precision@3": 0.4666666666666666,
      "recall@10": 0.6214285714285714,
      "hit_rate@3": 0.9,
      "precision@5": 0.4066666666666666,
      "recall@3": 0.42857142857142855,
      "citation_accuracy": 0.3352380952380952,
      "hit_rate@10": 1.0,
      "hit_rate@1": 0.7,
      "retrieval_latency": 0.008941960334777833,
      "recall@1": 0.20595238095238094,
      "average_response_time": 0.008941960334777833,
      "queries_per_second": 111.83230103478708
    }
  },
  "best_systems": {
    "grounding_accuracy": {
      "system": "baseline",
      "score": 1.0
    },
    "ndcg@3": {
      "system": "baseline",
      "score": 0.6350499802054138
    },
    "precision@1": {
      "system": "baseline",
      "score": 0.7
    },
    "hit_rate@5": {
      "system": "baseline",
      "score": 1.0
    },
    "ndcg@10": {
      "system": "baseline",
      "score": 0.7321099877019595
    },
    "mrr": {
      "system": "baseline",
      "score": 0.825
    },
    "ndcg@1": {
      "system": "baseline",
      "score": 0.7
    },
    "recall@5": {
      "system": "baseline",
      "score": 0.7321428571428571
    },
    "ndcg@5": {
      "system": "baseline",
      "score": 0.7237737640164681
    },
    "precision@10": {
      "system": "baseline",
      "score": 0.44952380952380955
    },
    "precision@3": {
      "system": "baseline",
      "score": 0.6333333333333333
    },
    "recall@10": {
      "system": "baseline",
      "score": 0.7607142857142857
    },
    "hit_rate@3": {
      "system": "baseline",
      "score": 0.9
    },
    "precision@5": {
      "system": "baseline",
      "score": 0.54
    },
    "recall@3": {
      "system": "baseline",
      "score": 0.5345238095238095
    },
    "citation_accuracy": {
      "system": "baseline",
      "score": 0.44952380952380955
    },
    "hit_rate@10": {
      "system": "baseline",
      "score": 1.0
    },
    "hit_rate@1": {
      "system": "baseline",
      "score": 0.7
    },
    "retrieval_latency": {
      "system": "chunk_500_ov100",
      "score": 0.008941960334777833
    },
    "recall@1": {
      "system": "baseline",
      "score": 0.20595238095238094
    },
    "average_response_time": {
      "system": "chunk_500_ov100",
      "score": 0.008941960334777833
    },
    "queries_per_second": {
      "system": "baseline",
      "score": 167.32506741985415
    }
  }
}