{
  "system_metrics": {
    "baseline": {
      "precision@3": 0.6333333333333333,
      "ndcg@3": 0.6350499802054138,
      "ndcg@1": 0.7,
      "hit_rate@3": 0.9,
      "mrr": 0.825,
      "precision@5": 0.54,
      "ndcg@10": 0.7321099877019595,
      "recall@1": 0.20595238095238094,
      "retrieval_latency": 0.005976390838623047,
      "citation_accuracy": 0.44952380952380955,
      "precision@1": 0.7,
      "hit_rate@1": 0.7,
      "hit_rate@5": 1.0,
      "recall@3": 0.5345238095238095,
      "recall@10": 0.7607142857142857,
      "ndcg@5": 0.7237737640164681,
      "precision@10": 0.44952380952380955,
      "recall@5": 0.7321428571428571,
      "hit_rate@10": 1.0,
      "grounding_accuracy": 1.0,
      "average_response_time": 0.005976390838623047,
      "queries_per_second": 167.32506741985415
    },
    "chunk_400_ov40": {
      "precision@3": 0.36666666666666664,
      "ndcg@3": 0.36455617894195386,
      "ndcg@1": 0.35,
      "hit_rate@3": 0.6,
      "mrr": 0.5866666666666667,
      "precision@5": 0.42000000000000004,
      "ndcg@10": 0.5691317841019158,
      "recall@1": 0.11428571428571428,
      "retrieval_latency": 0.3556985378265381,
      "citation_accuracy": 0.3965873015873016,
      "precision@1": 0.4,
      "hit_rate@1": 0.4,
      "hit_rate@5": 0.9,
      "recall@3": 0.3011904761904762,
      "recall@10": 0.738095238095238,
      "ndcg@5": 0.5065330145845024,
      "precision@10": 0.3965873015873016,
      "recall@5": 0.5821428571428571,
      "hit_rate@10": 1.0,
      "grounding_accuracy": 1.0,
      "average_response_time": 0.3556985378265381,
      "queries_per_second": 2.811369442535256
    }
  },
  "best_systems": {
    "precision@3": {
      "system": "baseline",
      "score": 0.6333333333333333
    },
    "ndcg@3": {
      "system": "baseline",
      "score": 0.6350499802054138
    },
    "ndcg@1": {
      "system": "baseline",
      "score": 0.7
    },
    "hit_rate@3": {
      "system": "baseline",
      "score": 0.9
    },
    "mrr": {
      "system": "baseline",
      "score": 0.825
    },
    "precision@5": {
      "system": "baseline",
      "score": 0.54
    },
    "ndcg@10": {
      "system": "baseline",
      "score": 0.7321099877019595
    },
    "recall@1": {
      "system": "baseline",
      "score": 0.20595238095238094
    },
    "retrieval_latency": {
      "system": "chunk_400_ov40",
      "score": 0.3556985378265381
    },
    "citation_accuracy": {
      "system": "baseline",
      "score": 0.44952380952380955
    },
    "precision@1": {
      "system": "baseline",
      "score": 0.7
    },
    "hit_rate@1": {
      "system": "baseline",
      "score": 0.7
    },
    "hit_rate@5": {
      "system": "baseline",
      "score": 1.0
    },
    "recall@3": {
      "system": "baseline",
      "score": 0.5345238095238095
    },
    "recall@10": {
      "system": "baseline",
      "score": 0.7607142857142857
    },
    "ndcg@5": {
      "system": "baseline",
      "score": 0.7237737640164681
    },
    "precision@10": {
      "system": "baseline",
      "score": 0.44952380952380955
    },
    "recall@5": {
      "system": "baseline",
      "score": 0.7321428571428571
    },
    "hit_rate@10": {
      "system": "baseline",
      "score": 1.0
    },
    "grounding_accuracy": {
      "system": "baseline",
      "score": 1.0
    },
    "average_response_time": {
      "system": "chunk_400_ov40",
      "score": 0.3556985378265381
    },
    "queries_per_second": {
      "system": "baseline",
      "score": 167.32506741985415
    }
  }
}