{
  "query_1": {
    "doc_ids": [
      "arxiv:2307.10169#methods:part-3",
      "arxiv:2307.10169#methods:part-4",
      "arxiv:2303.18223#result:part-13",
      "arxiv:2303.18223#model:part-25",
      "arxiv:2303.18223#model:part-42",
      "arxiv:2303.18223#model:part-28",
      "arxiv:2307.10169#methods:part-58",
      "arxiv:2307.10169#methods:part-2",
      "arxiv:10000000_662098952474184_2584067087619170692_n#model:part-15",
      "arxiv:2307.09288#model:part-15"
    ],
    "query_time": 1.131209135055542,
    "metadata": {
      "scores": [
        0.52656126,
        0.5095735,
        0.4831934,
        0.4223412,
        0.41112742,
        0.37095946,
        0.36672944,
        0.33945572,
        0.33235395,
        0.33235395
      ],
      "num_hits": 10
    }
  },
  "query_2": {
    "doc_ids": [
      "arxiv:2106.09685#introduction:part-5",
      "arxiv:2412.10543#introduction:part-2",
      "arxiv:2304.01933#method:part-6",
      "arxiv:2305.14314#background:part-2",
      "arxiv:2306.09782#introduction:part-1",
      "arxiv:2304.01933#method:part-7",
      "arxiv:2106.09685#method:part-8",
      "arxiv:2306.09782#experiment:part-1",
      "arxiv:2306.09782#method:part-1",
      "arxiv:2101.03961#introduction:part-1"
    ],
    "query_time": 0.7389099597930908,
    "metadata": {
      "scores": [
        0.57944435,
        0.54850006,
        0.53985935,
        0.5395763,
        0.5357233,
        0.5348814,
        0.52680564,
        0.5235605,
        0.5170572,
        0.5167752
      ],
      "num_hits": 10
    }
  },
  "query_3": {
    "doc_ids": [
      "arxiv:2303.18223#introduction:part-8",
      "arxiv:2302.13971#introduction:part-1",
      "arxiv:333078981_693988129081760_4712707815225756708_n#introduction:part-1",
      "arxiv:10000000_662098952474184_2584067087619170692_n#related-work:part-1",
      "arxiv:2307.09288#related-work:part-1",
      "arxiv:2001.08361#results:part-8",
      "arxiv:2001.08361#abstract",
      "arxiv:2001.08361#related-work:part-3",
      "arxiv:2304.01373#abstract:part-2",
      "arxiv:2302.13971#related-work:part-2"
    ],
    "query_time": 0.220383882522583,
    "metadata": {
      "scores": [
        0.70492774,
        0.6884725,
        0.6878826,
        0.67381096,
        0.67381096,
        0.6604831,
        0.6493593,
        0.6283356,
        0.62798727,
        0.62010384
      ],
      "num_hits": 10
    }
  },
  "query_4": {
    "doc_ids": [
      "arxiv:2303.18223#result:part-22",
      "arxiv:2303.18223#result:part-24",
      "arxiv:2307.10169#methods:part-17",
      "arxiv:2307.10169#methods:part-18",
      "arxiv:2303.18223#introduction:part-7",
      "arxiv:2303.18223#result:part-23",
      "arxiv:2303.18223#result:part-5",
      "arxiv:333078981_693988129081760_4712707815225756708_n#approach:part-7",
      "arxiv:2305.14314#evaluation:part-1",
      "arxiv:2303.18223#result:part-15"
    ],
    "query_time": 0.7971856594085693,
    "metadata": {
      "scores": [
        0.65077,
        0.64115775,
        0.6244064,
        0.60032356,
        0.59045935,
        0.5869942,
        0.5660894,
        0.5544716,
        0.55027187,
        0.5488844
      ],
      "num_hits": 10
    }
  },
  "query_5": {
    "doc_ids": [
      "arxiv:2307.09288#model:part-4",
      "arxiv:10000000_662098952474184_2584067087619170692_n#model:part-4",
      "arxiv:10000000_662098952474184_2584067087619170692_n#model:part-18",
      "arxiv:2307.09288#model:part-18",
      "arxiv:2510.13794#background:part-1",
      "arxiv:2510.13704#introduction:part-3",
      "arxiv:2203.02155#related-work:part-1",
      "arxiv:2510.13794#background:part-2",
      "arxiv:2303.18223#model:part-6",
      "arxiv:2304.00612#introduction:part-8"
    ],
    "query_time": 0.02495574951171875,
    "metadata": {
      "scores": [
        0.5371946,
        0.5371946,
        0.53504604,
        0.53504604,
        0.5328868,
        0.5278346,
        0.51899755,
        0.50847924,
        0.4915585,
        0.4848011
      ],
      "num_hits": 10
    }
  },
  "query_6": {
    "doc_ids": [
      "arxiv:2307.10169#conclusion",
      "arxiv:2211.05100#model:part-6",
      "arxiv:2211.09110#model:part-7",
      "arxiv:2207.00112#introduction:part-1",
      "arxiv:2304.01373#abstract:part-2",
      "arxiv:palm2techreport#introduction:part-1",
      "arxiv:2203.15556#model:part-1",
      "arxiv:2211.05100#model:part-16",
      "arxiv:2211.05100#abstract:part-2",
      "arxiv:2412.19437#method:part-16"
    ],
    "query_time": 0.5276851654052734,
    "metadata": {
      "scores": [
        0.7156366,
        0.6196073,
        0.61804175,
        0.5896987,
        0.588205,
        0.58578,
        0.5775151,
        0.5557535,
        0.5556328,
        0.55454755
      ],
      "num_hits": 10
    }
  },
  "query_7": {
    "doc_ids": [
      "arxiv:2303.18223#method:part-9",
      "arxiv:2312.00752#introduction:part-1",
      "arxiv:2303.18223#method:part-7",
      "arxiv:2305.13048#background:part-9",
      "arxiv:2307.10169#introduction:part-26",
      "arxiv:1901.02860#related-work",
      "arxiv:2307.03172#related-work:part-1",
      "arxiv:2307.03172#abstract",
      "arxiv:2312.00752#conclusion",
      "arxiv:2302.10866#experiments:part-2"
    ],
    "query_time": 0.06160593032836914,
    "metadata": {
      "scores": [
        0.5675114,
        0.5598581,
        0.54519343,
        0.5432228,
        0.5203537,
        0.50076807,
        0.4961029,
        0.49580938,
        0.49276823,
        0.47921634
      ],
      "num_hits": 10
    }
  },
  "query_8": {
    "doc_ids": [
      "arxiv:palm2techreport#evaluation:part-17",
      "arxiv:2303.18223#model:part-18",
      "arxiv:2304.01373#abstract:part-4",
      "arxiv:2005.14165#results:part-32",
      "arxiv:2310.20707#model:part-14",
      "arxiv:333078981_693988129081760_4712707815225756708_n#approach:part-2",
      "arxiv:20-074#abstract:part-9",
      "arxiv:2204.02311#model:part-2",
      "arxiv:2310.20707#model:part-12",
      "arxiv:2302.13971#approach:part-2"
    ],
    "query_time": 0.018023014068603516,
    "metadata": {
      "scores": [
        0.57124233,
        0.56561756,
        0.55806035,
        0.53638536,
        0.5337884,
        0.53168803,
        0.5311272,
        0.525066,
        0.524858,
        0.5243187
      ],
      "num_hits": 10
    }
  },
  "query_9": {
    "doc_ids": [
      "arxiv:2307.09288#related-work:part-1",
      "arxiv:10000000_662098952474184_2584067087619170692_n#related-work:part-1",
      "arxiv:10000000_662098952474184_2584067087619170692_n#conclusion",
      "arxiv:2307.09288#conclusion",
      "arxiv:2304.00612#abstract",
      "arxiv:2304.00612#introduction:part-5",
      "arxiv:2211.05100#evaluation:part-1",
      "arxiv:2203.02155#model:part-14",
      "arxiv:2304.01373#abstract:part-2",
      "arxiv:2303.18223#model:part-38"
    ],
    "query_time": 0.01874995231628418,
    "metadata": {
      "scores": [
        0.48764014,
        0.48764014,
        0.45026493,
        0.45026493,
        0.43823314,
        0.43164843,
        0.39175117,
        0.3915665,
        0.38029432,
        0.37271637
      ],
      "num_hits": 10
    }
  },
  "query_10": {
    "doc_ids": [
      "arxiv:2305.03047#introduction:part-3",
      "arxiv:2203.02155#model:part-7",
      "arxiv:2203.02155#model:part-8",
      "arxiv:2303.18223#model:part-6",
      "arxiv:2305.03047#evaluation",
      "arxiv:2307.10169#methods:part-6",
      "arxiv:2305.03047#model:part-3",
      "arxiv:2305.03047#introduction:part-5",
      "arxiv:2305.03047#model:part-4",
      "arxiv:2210.07558#model:part-3"
    ],
    "query_time": 0.01827692985534668,
    "metadata": {
      "scores": [
        0.61211866,
        0.55413353,
        0.5332953,
        0.49710047,
        0.44628567,
        0.4277451,
        0.42649567,
        0.4226714,
        0.41950703,
        0.41822106
      ],
      "num_hits": 10
    }
  }
}