{
  "system_metrics": {
    "baseline": {
      "precision@3": 0.6333333333333333,
      "precision@10": 0.44952380952380955,
      "citation_accuracy": 0.44952380952380955,
      "precision@1": 0.7,
      "hit_rate@5": 1.0,
      "hit_rate@1": 0.7,
      "grounding_accuracy": 1.0,
      "mrr": 0.825,
      "recall@3": 0.5345238095238095,
      "recall@10": 0.7607142857142857,
      "hit_rate@3": 0.9,
      "ndcg@10": 0.7321099877019595,
      "recall@1": 0.20595238095238094,
      "recall@5": 0.7321428571428571,
      "retrieval_latency": 0.005976390838623047,
      "hit_rate@10": 1.0,
      "ndcg@5": 0.7237737640164681,
      "ndcg@3": 0.6350499802054138,
      "ndcg@1": 0.7,
      "precision@5": 0.54,
      "average_response_time": 0.005976390838623047,
      "queries_per_second": 167.32506741985415
    },
    "chunk_300_ov40": {
      "precision@3": 0.3833333333333333,
      "precision@10": 0.37702380952380954,
      "citation_accuracy": 0.37702380952380954,
      "precision@1": 0.6,
      "hit_rate@5": 1.0,
      "hit_rate@1": 0.6,
      "grounding_accuracy": 1.0,
      "mrr": 0.75,
      "recall@3": 0.3095238095238095,
      "recall@10": 0.5797619047619047,
      "hit_rate@3": 0.8,
      "ndcg@10": 0.5424907024002878,
      "recall@1": 0.18928571428571428,
      "recall@5": 0.4988095238095238,
      "retrieval_latency": 0.16592791080474853,
      "hit_rate@10": 1.0,
      "ndcg@5": 0.51072391159697,
      "ndcg@3": 0.4492261789035668,
      "ndcg@1": 0.6,
      "precision@5": 0.38,
      "average_response_time": 0.16592791080474853,
      "queries_per_second": 6.026713620089659
    }
  },
  "best_systems": {
    "precision@3": {
      "system": "baseline",
      "score": 0.6333333333333333
    },
    "precision@10": {
      "system": "baseline",
      "score": 0.44952380952380955
    },
    "citation_accuracy": {
      "system": "baseline",
      "score": 0.44952380952380955
    },
    "precision@1": {
      "system": "baseline",
      "score": 0.7
    },
    "hit_rate@5": {
      "system": "baseline",
      "score": 1.0
    },
    "hit_rate@1": {
      "system": "baseline",
      "score": 0.7
    },
    "grounding_accuracy": {
      "system": "baseline",
      "score": 1.0
    },
    "mrr": {
      "system": "baseline",
      "score": 0.825
    },
    "recall@3": {
      "system": "baseline",
      "score": 0.5345238095238095
    },
    "recall@10": {
      "system": "baseline",
      "score": 0.7607142857142857
    },
    "hit_rate@3": {
      "system": "baseline",
      "score": 0.9
    },
    "ndcg@10": {
      "system": "baseline",
      "score": 0.7321099877019595
    },
    "recall@1": {
      "system": "baseline",
      "score": 0.20595238095238094
    },
    "recall@5": {
      "system": "baseline",
      "score": 0.7321428571428571
    },
    "retrieval_latency": {
      "system": "chunk_300_ov40",
      "score": 0.16592791080474853
    },
    "hit_rate@10": {
      "system": "baseline",
      "score": 1.0
    },
    "ndcg@5": {
      "system": "baseline",
      "score": 0.7237737640164681
    },
    "ndcg@3": {
      "system": "baseline",
      "score": 0.6350499802054138
    },
    "ndcg@1": {
      "system": "baseline",
      "score": 0.7
    },
    "precision@5": {
      "system": "baseline",
      "score": 0.54
    },
    "average_response_time": {
      "system": "chunk_300_ov40",
      "score": 0.16592791080474853
    },
    "queries_per_second": {
      "system": "baseline",
      "score": 167.32506741985415
    }
  }
}