{
  "query_1": {
    "doc_ids": [
      "arxiv:2307.10169#methods:part-5",
      "arxiv:2307.10169#methods:part-39",
      "arxiv:2303.18223#model:part-21",
      "arxiv:2401.15077#model:part-5",
      "arxiv:2203.02155#model:part-3",
      "arxiv:2307.10169#methods:part-3",
      "arxiv:2301.10226#abstract:part-9",
      "arxiv:2211.09110#model:part-38",
      "arxiv:2307.10169#methods:part-2",
      "arxiv:2303.18223#result:part-11"
    ],
    "query_time": 0.02383589744567871,
    "metadata": {
      "scores": [
        0.6338055,
        0.4744447,
        0.41209155,
        0.35852373,
        0.3584097,
        0.350135,
        0.3297856,
        0.32577616,
        0.32058918,
        0.3141358
      ]
    }
  },
  "query_2": {
    "doc_ids": [
      "arxiv:2306.09782#related-work",
      "arxiv:2106.09685#method:part-7",
      "arxiv:2305.14314#background:part-2",
      "arxiv:2301.13688#model:part-6",
      "arxiv:2412.10543#introduction:part-2",
      "arxiv:2308.10792#model:part-11",
      "arxiv:2106.09685#method:part-1",
      "arxiv:2303.06865#model:part-3",
      "arxiv:2307.10169#introduction:part-17",
      "arxiv:palm2techreport#introduction:part-6"
    ],
    "query_time": 0.010796070098876953,
    "metadata": {
      "scores": [
        0.5328995,
        0.5327372,
        0.5161457,
        0.5152081,
        0.5094759,
        0.5025897,
        0.5021139,
        0.50163066,
        0.49843475,
        0.49487096
      ]
    }
  },
  "query_3": {
    "doc_ids": [
      "arxiv:10000000_662098952474184_2584067087619170692_n#related-work:part-1",
      "arxiv:2307.09288#related-work:part-1",
      "arxiv:2304.00612#introduction:part-2",
      "arxiv:2303.18223#introduction:part-7",
      "arxiv:2001.08361#abstract",
      "arxiv:2307.10169#conclusion",
      "arxiv:2302.13971#related-work:part-2",
      "arxiv:2305.19268#introduction:part-1",
      "arxiv:2310.06825#conclusion",
      "arxiv:333078981_693988129081760_4712707815225756708_n#related-work:part-2"
    ],
    "query_time": 0.012246847152709961,
    "metadata": {
      "scores": [
        0.7238259,
        0.7238259,
        0.7047378,
        0.6917241,
        0.66843116,
        0.6560054,
        0.64175874,
        0.63708746,
        0.62879074,
        0.62722564
      ]
    }
  },
  "query_4": {
    "doc_ids": [
      "arxiv:2303.18223#result:part-20",
      "arxiv:2303.18223#result:part-18",
      "arxiv:2303.18223#introduction:part-6",
      "arxiv:2101.03961#model:part-6",
      "arxiv:2303.18223#model:part-17",
      "arxiv:2310.05492#experiments:part-2",
      "arxiv:2303.18223#model:part-38",
      "arxiv:2303.18223#result:part-19",
      "arxiv:2303.18223#evaluation",
      "arxiv:2310.06825#results"
    ],
    "query_time": 0.007750988006591797,
    "metadata": {
      "scores": [
        0.711582,
        0.62170315,
        0.5915787,
        0.58394027,
        0.56128347,
        0.5609541,
        0.5498362,
        0.53937054,
        0.531718,
        0.53170884
      ]
    }
  },
  "query_5": {
    "doc_ids": [
      "arxiv:2212.03551#introduction:part-19",
      "arxiv:2308.10792#methods:part-9",
      "arxiv:2303.18223#model:part-5",
      "arxiv:2510.13358#conclusion",
      "arxiv:2510.13704#introduction:part-1",
      "arxiv:2305.18290#abstract",
      "arxiv:2510.13358#related-work:part-1",
      "arxiv:2510.13367#abstract",
      "arxiv:2305.03047#introduction:part-4",
      "arxiv:2203.02155#model:part-4"
    ],
    "query_time": 0.010949850082397461,
    "metadata": {
      "scores": [
        0.5616629,
        0.549742,
        0.5459931,
        0.50417936,
        0.48956275,
        0.48872298,
        0.482094,
        0.48137093,
        0.48026907,
        0.46565694
      ]
    }
  },
  "query_6": {
    "doc_ids": [
      "arxiv:2307.10169#conclusion",
      "arxiv:2204.02311#introduction:part-4",
      "arxiv:2305.19268#introduction:part-1",
      "arxiv:2308.10792#introduction:part-1",
      "arxiv:2305.11627#introduction",
      "arxiv:palm2techreport#introduction:part-1",
      "arxiv:2311.00502#abstract",
      "arxiv:2211.05102#introduction:part-3",
      "arxiv:2203.15556#model:part-1",
      "arxiv:2307.10169#related-work"
    ],
    "query_time": 0.008442163467407227,
    "metadata": {
      "scores": [
        0.7591939,
        0.6301234,
        0.6262991,
        0.6252868,
        0.6185534,
        0.61843294,
        0.5890711,
        0.5880803,
        0.58302367,
        0.58246017
      ]
    }
  },
  "query_7": {
    "doc_ids": [
      "arxiv:2312.00752#conclusion",
      "arxiv:2307.03172#related-work",
      "arxiv:2412.19437#method:part-13",
      "arxiv:2302.10866#experiments:part-2",
      "arxiv:2312.00752#introduction:part-1",
      "arxiv:2303.18223#model:part-34",
      "arxiv:2307.10169#introduction:part-22",
      "arxiv:2001.08361#model:part-4",
      "arxiv:2307.10169#introduction:part-26",
      "arxiv:2307.10169#introduction:part-25"
    ],
    "query_time": 0.012483835220336914,
    "metadata": {
      "scores": [
        0.5890356,
        0.57509387,
        0.5385904,
        0.5353259,
        0.5257666,
        0.5212491,
        0.5112226,
        0.50821745,
        0.5023967,
        0.4972447
      ]
    }
  },
  "query_8": {
    "doc_ids": [
      "arxiv:2304.01373#abstract:part-14",
      "arxiv:2303.18223#model:part-15",
      "arxiv:2310.20707#model:part-11",
      "arxiv:2204.06745#introduction:part-7",
      "arxiv:2301.13688#related-work:part-1",
      "arxiv:palm2techreport#evaluation:part-17",
      "arxiv:2307.10169#introduction",
      "arxiv:2211.05100#evaluation:part-4",
      "arxiv:palm2techreport#introduction:part-7",
      "arxiv:2005.14165#results:part-27"
    ],
    "query_time": 0.0074727535247802734,
    "metadata": {
      "scores": [
        0.6060551,
        0.5382445,
        0.52408504,
        0.51930755,
        0.5115302,
        0.5105283,
        0.49345177,
        0.483648,
        0.4831426,
        0.48183066
      ]
    }
  },
  "query_9": {
    "doc_ids": [
      "arxiv:2312.09993#introduction:part-3",
      "arxiv:2304.01373#abstract:part-2",
      "arxiv:2211.09110#introduction:part-9",
      "arxiv:2211.05100#model:part-2",
      "arxiv:2304.00612#introduction:part-2",
      "arxiv:2303.18223#model:part-32",
      "arxiv:2304.00612#abstract",
      "arxiv:2211.05100#evaluation:part-4",
      "arxiv:333078981_693988129081760_4712707815225756708_n#approach:part-7",
      "arxiv:2304.00612#introduction:part-1"
    ],
    "query_time": 0.011641263961791992,
    "metadata": {
      "scores": [
        0.5331556,
        0.49432838,
        0.45035517,
        0.44659862,
        0.4422019,
        0.42628026,
        0.4170987,
        0.4049367,
        0.39901444,
        0.39816934
      ]
    }
  },
  "query_10": {
    "doc_ids": [
      "arxiv:2303.18223#model:part-5",
      "arxiv:2203.02155#model:part-6",
      "arxiv:2203.02155#model:part-7",
      "arxiv:2203.02155#evaluation:part-1",
      "arxiv:2307.09288#model:part-11",
      "arxiv:10000000_662098952474184_2584067087619170692_n#model:part-11",
      "arxiv:2305.13048#conclusions:part-2",
      "arxiv:2307.10169#methods:part-7",
      "arxiv:1409.3215v3#introduction:part-2",
      "arxiv:10000000_662098952474184_2584067087619170692_n#model:part-2"
    ],
    "query_time": 0.007748126983642578,
    "metadata": {
      "scores": [
        0.48339748,
        0.46255514,
        0.45080775,
        0.4420996,
        0.4324138,
        0.4324138,
        0.4056852,
        0.3958988,
        0.38844195,
        0.38305008
      ]
    }
  }
}