{
  "query_1": {
    "doc_ids": [
      "arxiv:2303.18223#model:part-35",
      "arxiv:2307.10169#methods:part-4",
      "arxiv:2307.10169#methods:part-3",
      "arxiv:2312.07104#introduction:part-6",
      "arxiv:2211.05102#conclusions",
      "arxiv:2306.09782#related-work",
      "arxiv:2303.18223#result:part-11",
      "arxiv:2307.10169#methods:part-5",
      "arxiv:2303.18223#model:part-21",
      "arxiv:2307.10169#methods:part-2",
      "arxiv:2303.18223#result:part-10",
      "arxiv:2307.10169#methods:part-39",
      "arxiv:2307.10169#introduction:part-12",
      "arxiv:2303.18223#result:part-3",
      "arxiv:2009.06489#introduction:part-11",
      "arxiv:2303.18223#result:part-4",
      "arxiv:2309.06180#background:part-4",
      "arxiv:2309.06180#method:part-3",
      "arxiv:2309.06180#method:part-5",
      "arxiv:2510.13367#introduction:part-3"
    ],
    "metadata": {
      "scores": [
        0.0735865036704589,
        0.06310137310697239,
        0.05987779288479469,
        0.052991754570701946,
        0.04167202606812871,
        0.03797874066861409,
        0.016129032258064516,
        0.015873015873015872,
        0.015625,
        0.015384615384615385,
        0.015151515151515152,
        0.014925373134328358,
        0.014492753623188406,
        0.014285714285714285,
        0.014084507042253521,
        0.013888888888888888,
        0.0136986301369863,
        0.013513513513513514,
        0.013333333333333334,
        0.013157894736842105
      ]
    },
    "query_time": 1.8937158584594727
  },
  "query_2": {
    "doc_ids": [
      "arxiv:2304.01933#method:part-5",
      "arxiv:2106.09685#method:part-7",
      "arxiv:2308.10792#model:part-9",
      "arxiv:2304.01933#introduction:part-2",
      "arxiv:2304.01933#method:part-1",
      "arxiv:2306.09782#introduction:part-1",
      "arxiv:2304.01933#method:part-6",
      "arxiv:2412.10543#introduction:part-2",
      "arxiv:20-074#abstract:part-35",
      "arxiv:2106.09685#introduction:part-10",
      "arxiv:2306.09782#experiment:part-1",
      "arxiv:2307.10169#introduction:part-15",
      "arxiv:2306.09782#method:part-1",
      "arxiv:2101.03961#introduction:part-1",
      "arxiv:2001.08361#related-work:part-11",
      "arxiv:2301.13688#related-work:part-2",
      "arxiv:2312.09993#introduction:part-11",
      "arxiv:2210.07558#introduction:part-1",
      "arxiv:2308.10792#model:part-10",
      "arxiv:2308.10792#model:part-13"
    ],
    "metadata": {
      "scores": [
        0.06402049075403121,
        0.06185494629340972,
        0.05756885730409739,
        0.05443436587272204,
        0.051623648392469176,
        0.016129032258064516,
        0.015873015873015872,
        0.015625,
        0.015384615384615385,
        0.015151515151515152,
        0.014925373134328358,
        0.014705882352941176,
        0.014492753623188406,
        0.014285714285714285,
        0.014084507042253521,
        0.013888888888888888,
        0.0136986301369863,
        0.013513513513513514,
        0.013333333333333334,
        0.013157894736842105
      ]
    },
    "query_time": 1.1842100620269775
  },
  "query_3": {
    "doc_ids": [
      "arxiv:2303.18223#introduction:part-8",
      "arxiv:2303.18223#introduction:part-6",
      "arxiv:2303.18223#model:part-37",
      "arxiv:2307.10169#introduction:part-9",
      "arxiv:2307.10169#introduction:part-8",
      "arxiv:2303.18223#introduction:part-9",
      "arxiv:2001.08361#model:part-2",
      "arxiv:2303.18223#introduction:part-7",
      "arxiv:2302.13971#introduction:part-1",
      "arxiv:333078981_693988129081760_4712707815225756708_n#introduction:part-1",
      "arxiv:10000000_662098952474184_2584067087619170692_n#related-work:part-1",
      "arxiv:2307.09288#related-work:part-1",
      "arxiv:2203.15556#model:part-3",
      "arxiv:2001.08361#abstract",
      "arxiv:2203.15556#model:part-2",
      "arxiv:2307.10169#conclusion",
      "arxiv:2204.06745#introduction:part-1",
      "arxiv:2001.08361#results:part-7",
      "arxiv:2001.08361#related-work:part-2",
      "arxiv:333078981_693988129081760_4712707815225756708_n#related-work:part-2"
    ],
    "metadata": {
      "scores": [
        0.07425189306565359,
        0.06402049075403121,
        0.05229875387770125,
        0.042862974951156214,
        0.0411010325393887,
        0.038316122584943366,
        0.01639344262295082,
        0.016129032258064516,
        0.015873015873015872,
        0.015625,
        0.015384615384615385,
        0.015151515151515152,
        0.014925373134328358,
        0.014705882352941176,
        0.014492753623188406,
        0.014285714285714285,
        0.013888888888888888,
        0.0136986301369863,
        0.013513513513513514,
        0.013333333333333334
      ]
    },
    "query_time": 1.1429896354675293
  },
  "query_4": {
    "doc_ids": [
      "arxiv:2303.18223#result:part-18",
      "arxiv:2303.18223#approach:part-19",
      "arxiv:2211.09110#introduction:part-4",
      "arxiv:2211.09110#model:part-34",
      "arxiv:2211.09110#model:part-35",
      "arxiv:2303.18223#introduction:part-10",
      "arxiv:2303.18223#result:part-20",
      "arxiv:2303.18223#result:part-14",
      "arxiv:2303.18223#introduction:part-6",
      "arxiv:333078981_693988129081760_4712707815225756708_n#approach:part-6",
      "arxiv:2303.18223#result:part-19",
      "arxiv:2305.14314#evaluation:part-1",
      "arxiv:2302.13971#approach:part-6",
      "arxiv:2304.00612#introduction:part-9",
      "arxiv:2303.18223#result:part-9",
      "arxiv:2303.18223#result:part-13",
      "arxiv:2412.19437#model",
      "arxiv:2501.19393#evaluation:part-1",
      "arxiv:palm2techreport#evaluation:part-7",
      "arxiv:2307.10169#methods:part-15"
    ],
    "metadata": {
      "scores": [
        0.07989350662704708,
        0.06016738602340008,
        0.042862974951156214,
        0.0411010325393887,
        0.03947824105718843,
        0.03797874066861409,
        0.01639344262295082,
        0.016129032258064516,
        0.015625,
        0.015384615384615385,
        0.015151515151515152,
        0.014925373134328358,
        0.014705882352941176,
        0.014492753623188406,
        0.014285714285714285,
        0.014084507042253521,
        0.013888888888888888,
        0.0136986301369863,
        0.013513513513513514,
        0.013333333333333334
      ]
    },
    "query_time": 1.071274995803833
  },
  "query_5": {
    "doc_ids": [
      "arxiv:2303.18223#model:part-5",
      "arxiv:2305.03047#introduction:part-4",
      "arxiv:2305.18290#introduction:part-1",
      "arxiv:2305.03047#introduction:part-3",
      "arxiv:2305.03047#abstract",
      "arxiv:2303.18223#model:part-8",
      "arxiv:2305.18290#related-work:part-2",
      "arxiv:2510.13794#background:part-1",
      "arxiv:2307.10169#methods:part-7",
      "arxiv:2203.02155#related-work:part-1",
      "arxiv:2307.09288#model:part-15",
      "arxiv:10000000_662098952474184_2584067087619170692_n#model:part-15",
      "arxiv:2303.18223#result:part-10",
      "arxiv:2305.18290#related-work:part-7",
      "arxiv:2304.00612#introduction:part-7",
      "arxiv:2510.13367#abstract",
      "arxiv:2510.13626#related-work",
      "arxiv:2510.13704#introduction:part-1",
      "arxiv:2510.13794#model:part-1",
      "arxiv:2510.13149#evaluation:part-3"
    ],
    "metadata": {
      "scores": [
        0.07057015496625761,
        0.06228437964292009,
        0.058409723396172224,
        0.04616113053613054,
        0.03947824105718843,
        0.03797874066861409,
        0.01639344262295082,
        0.016129032258064516,
        0.015873015873015872,
        0.015625,
        0.015151515151515152,
        0.014925373134328358,
        0.014705882352941176,
        0.014492753623188406,
        0.014285714285714285,
        0.014084507042253521,
        0.0136986301369863,
        0.013513513513513514,
        0.013333333333333334,
        0.013157894736842105
      ]
    },
    "query_time": 1.107841968536377
  },