{
  "query_1": {
    "doc_ids": [
      "arxiv:2307.10169#methods:part-3",
      "arxiv:2307.10169#methods:part-4",
      "arxiv:2307.10169#methods:part-5",
      "arxiv:2307.10169#methods:part-55",
      "arxiv:2303.18223#model:part-40",
      "arxiv:2307.10169#methods:part-44",
      "arxiv:2303.18223#model:part-24",
      "arxiv:2303.18223#result:part-12",
      "arxiv:2307.10169#methods:part-2",
      "arxiv:2303.18223#result:part-3"
    ],
    "query_time": 1.1786599159240723,
    "metadata": {
      "scores": [
        0.53233904,
        0.4618189,
        0.42839724,
        0.36672944,
        0.3603352,
        0.359491,
        0.34782934,
        0.34170446,
        0.33939207,
        0.32705206
      ],
      "num_hits": 10
    }
  },
  "query_2": {
    "doc_ids": [
      "arxiv:2106.09685#introduction:part-6",
      "arxiv:2106.09685#introduction:part-11",
      "arxiv:2308.10792#model:part-11",
      "arxiv:2306.09782#introduction:part-1",
      "arxiv:2306.09782#experiment:part-1",
      "arxiv:2307.10169#introduction:part-17",
      "arxiv:2306.09782#method:part-1",
      "arxiv:2305.14314#background:part-2",
      "arxiv:2101.03961#introduction:part-1",
      "arxiv:2106.09685#introduction:part-12"
    ],
    "query_time": 0.7058680057525635,
    "metadata": {
      "scores": [
        0.5726893,
        0.56772053,
        0.5606306,
        0.5357233,
        0.5235605,
        0.5186826,
        0.5170572,
        0.516942,
        0.5167752,
        0.5142473
      ],
      "num_hits": 10
    }
  },
  "query_3": {
    "doc_ids": [
      "arxiv:palm2techreport#introduction:part-5",
      "arxiv:2302.13971#introduction:part-1",
      "arxiv:333078981_693988129081760_4712707815225756708_n#introduction:part-1",
      "arxiv:2307.09288#related-work:part-1",
      "arxiv:10000000_662098952474184_2584067087619170692_n#related-work:part-1",
      "arxiv:2001.08361#abstract",
      "arxiv:2001.08361#model:part-6",
      "arxiv:2303.18223#introduction:part-8",
      "arxiv:2304.01373#abstract:part-5",
      "arxiv:2304.01373#abstract:part-2"
    ],
    "query_time": 0.14625191688537598,
    "metadata": {
      "scores": [
        0.73770607,
        0.6884725,
        0.6878826,
        0.67381096,
        0.67381096,
        0.6493593,
        0.6471512,
        0.6440923,
        0.64218414,
        0.6410124
      ],
      "num_hits": 10
    }
  },
  "query_4": {
    "doc_ids": [
      "arxiv:2303.18223#result:part-23",
      "arxiv:2303.18223#result:part-21",
      "arxiv:2303.18223#result:part-22",
      "arxiv:2307.10169#methods:part-16",
      "arxiv:2307.10169#methods:part-47",
      "arxiv:2303.18223#model:part-43",
      "arxiv:2307.10169#methods:part-17",
      "arxiv:2303.18223#result:part-14",
      "arxiv:2305.14314#evaluation:part-1",
      "arxiv:2412.19437#model"
    ],
    "query_time": 0.39165687561035156,
    "metadata": {
      "scores": [
        0.65762997,
        0.6492865,
        0.6125309,
        0.5894793,
        0.5891782,
        0.57536006,
        0.5712228,
        0.5686513,
        0.55027187,
        0.5443043
      ],
      "num_hits": 10
    }
  },
  "query_5": {
    "doc_ids": [
      "arxiv:2307.10169#methods:part-7",
      "arxiv:2307.10169#methods:part-8",
      "arxiv:2510.13794#background:part-1",
      "arxiv:2307.09288#model:part-17",
      "arxiv:10000000_662098952474184_2584067087619170692_n#model:part-17",
      "arxiv:2203.02155#related-work:part-1",
      "arxiv:10000000_662098952474184_2584067087619170692_n#model:part-4",
      "arxiv:2307.09288#model:part-4",
      "arxiv:2305.18290#related-work:part-8",
      "arxiv:2510.13794#background:part-2"
    ],
    "query_time": 0.4331340789794922,
    "metadata": {
      "scores": [
        0.6618903,
        0.5689903,
        0.5328868,
        0.52590907,
        0.52590907,
        0.51899755,
        0.5187439,
        0.5187439,
        0.51782465,
        0.49900106
      ],
      "num_hits": 10
    }
  },
  "query_6": {
    "doc_ids": [
      "arxiv:2307.10169#conclusion",
      "arxiv:2211.05100#abstract:part-2",
      "arxiv:2304.01373#abstract:part-10",
      "arxiv:2207.00112#introduction:part-1",
      "arxiv:2304.01373#abstract:part-5",
      "arxiv:2005.14165#results:part-6",
      "arxiv:palm2techreport#introduction:part-1",
      "arxiv:2203.15556#model:part-1",
      "arxiv:2211.05100#model:part-11",
      "arxiv:2304.01373#abstract:part-6"
    ],
    "query_time": 0.011052608489990234,
    "metadata": {
      "scores": [
        0.7156366,
        0.6456231,
        0.62313235,
        0.5896987,
        0.58818316,
        0.58770645,
        0.58578,
        0.5775151,
        0.57711506,
        0.5678997
      ],
      "num_hits": 10
    }
  },
  "query_7": {
    "doc_ids": [
      "arxiv:2303.18223#method:part-7",
      "arxiv:2312.00752#introduction:part-1",
      "arxiv:2305.07185#model:part-14",
      "arxiv:2307.03172#introduction:part-7",
      "arxiv:2001.08361#related-work:part-10",
      "arxiv:1901.02860#related-work",
      "arxiv:2307.03172#related-work:part-1",
      "arxiv:2307.03172#abstract",
      "arxiv:2307.10169#introduction:part-11",
      "arxiv:2312.00752#conclusion"
    ],
    "query_time": 0.02139902114868164,
    "metadata": {
      "scores": [
        0.63776094,
        0.5598581,
        0.5495926,
        0.5031878,
        0.5015908,
        0.50076807,
        0.4961029,
        0.49580938,
        0.49452832,
        0.49276823
      ],
      "num_hits": 10
    }
  },
  "query_8": {
    "doc_ids": [
      "arxiv:2303.18223#model:part-21",
      "arxiv:333078981_693988129081760_4712707815225756708_n#approach:part-2",
      "arxiv:2302.13971#approach:part-2",
      "arxiv:2303.18223#model:part-17",
      "arxiv:2303.18223#model:part-14",
      "arxiv:10000000_662098952474184_2584067087619170692_n#model:part-23",
      "arxiv:2307.09288#model:part-23",
      "arxiv:palm2techreport#evaluation:part-18",
      "arxiv:2304.01373#abstract:part-4",
      "arxiv:2310.20707#introduction:part-4"
    ],
    "query_time": 0.025241851806640625,
    "metadata": {
      "scores": [
        0.60613,
        0.56158006,
        0.5590714,
        0.5588564,
        0.55180126,
        0.54041374,
        0.54041374,
        0.5164089,
        0.51469445,
        0.5068406
      ],
      "num_hits": 10
    }
  },
  "query_9": {
    "doc_ids": [
      "arxiv:2307.09288#related-work:part-1",
      "arxiv:10000000_662098952474184_2584067087619170692_n#related-work:part-1",
      "arxiv:2204.06745#introduction:part-13",
      "arxiv:10000000_662098952474184_2584067087619170692_n#conclusion",
      "arxiv:2307.09288#conclusion",
      "arxiv:2304.00612#abstract",
      "arxiv:2307.09288#model:part-25",
      "arxiv:10000000_662098952474184_2584067087619170692_n#model:part-25",
      "arxiv:2307.09288#model:part-24",
      "arxiv:10000000_662098952474184_2584067087619170692_n#model:part-24"
    ],
    "query_time": 0.03070378303527832,
    "metadata": {
      "scores": [
        0.48764014,
        0.48764014,
        0.4817515,
        0.45026493,
        0.45026493,
        0.43823314,
        0.4379189,
        0.4379189,
        0.41513285,
        0.41513285
      ],
      "num_hits": 10
    }
  },
  "query_10": {
    "doc_ids": [
      "arxiv:2307.10169#methods:part-8",
      "arxiv:2203.02155#model:part-7",
      "arxiv:2305.03047#introduction:part-3",
      "arxiv:2303.18223#model:part-6",
      "arxiv:2307.09288#model:part-2",
      "arxiv:10000000_662098952474184_2584067087619170692_n#model:part-2",
      "arxiv:2305.03047#evaluation",
      "arxiv:2307.10169#methods:part-6",
      "arxiv:2303.18223#result:part-21",
      "arxiv:2307.13304#experiments:part-2"
    ],
    "query_time": 0.1845710277557373,