{
  "query_1": {
    "doc_ids": [
      "arxiv:2307.10169#methods:part-6",
      "arxiv:2307.10169#methods:part-8",
      "arxiv:2307.10169#methods:part-5",
      "arxiv:2303.18223#result:part-21",
      "arxiv:2307.10169#methods:part-3",
      "arxiv:2307.10169#methods:part-9",
      "arxiv:2303.18223#model:part-68",
      "arxiv:2307.10169#methods:part-4",
      "arxiv:2303.18223#model:part-40",
      "arxiv:2303.18223#model:part-45"
    ],
    "query_time": 0.2325749397277832,
    "metadata": {
      "scores": [
        0.60539144,
        0.55111265,
        0.534732,
        0.50921834,
        0.46287113,
        0.44645342,
        0.44041896,
        0.42510307,
        0.38785508,
        0.3694883
      ],
      "num_hits": 10
    }
  },
  "query_2": {
    "doc_ids": [
      "arxiv:2106.09685#introduction:part-12",
      "arxiv:2308.10792#model:part-18",
      "arxiv:2106.09685#introduction:part-10",
      "arxiv:2304.01933#method:part-9",
      "arxiv:2306.09782#introduction:part-1",
      "arxiv:2412.10543#introduction:part-3",
      "arxiv:2301.13688#model:part-8",
      "arxiv:2306.09782#experiment:part-1",
      "arxiv:2306.09782#method:part-1",
      "arxiv:2101.03961#introduction:part-1"
    ],
    "query_time": 0.09060215950012207,
    "metadata": {
      "scores": [
        0.58720696,
        0.58565557,
        0.55719876,
        0.53727406,
        0.5357233,
        0.5318636,
        0.52601343,
        0.5235605,
        0.5170572,
        0.5167752
      ],
      "num_hits": 10
    }
  },
  "query_3": {
    "doc_ids": [
      "arxiv:palm2techreport#introduction:part-8",
      "arxiv:2005.14165#related-work:part-2",
      "arxiv:2303.18223#introduction:part-13",
      "arxiv:2302.13971#introduction:part-1",
      "arxiv:333078981_693988129081760_4712707815225756708_n#introduction:part-1",
      "arxiv:2001.08361#model:part-3",
      "arxiv:2307.09288#related-work:part-1",
      "arxiv:10000000_662098952474184_2584067087619170692_n#related-work:part-1",
      "arxiv:2303.18223#introduction:part-15",
      "arxiv:2001.08361#model:part-9"
    ],
    "query_time": 0.09905791282653809,
    "metadata": {
      "scores": [
        0.72202677,
        0.7208507,
        0.6964487,
        0.6884725,
        0.6878826,
        0.6811434,
        0.67381096,
        0.67381096,
        0.6536828,
        0.6519488
      ],
      "num_hits": 10
    }
  },
  "query_4": {
    "doc_ids": [
      "arxiv:2303.18223#result:part-38",
      "arxiv:2303.18223#result:part-36",
      "arxiv:2303.18223#result:part-39",
      "arxiv:2307.10169#methods:part-27",
      "arxiv:2303.18223#result:part-37",
      "arxiv:2307.10169#methods:part-30",
      "arxiv:2303.18223#result:part-17",
      "arxiv:2310.05492#conclusion:part-2",
      "arxiv:2303.18223#result:part-29",
      "arxiv:2307.10169#methods:part-29"
    ],
    "query_time": 0.04140186309814453,
    "metadata": {
      "scores": [
        0.6830677,
        0.6660459,
        0.65762997,
        0.62323797,
        0.5869942,
        0.5856438,
        0.57549804,
        0.571507,
        0.5714828,
        0.5689617
      ],
      "num_hits": 10
    }
  },
  "query_5": {
    "doc_ids": [
      "arxiv:2307.10169#methods:part-13",
      "arxiv:10000000_662098952474184_2584067087619170692_n#model:part-18",
      "arxiv:2307.09288#model:part-18",
      "arxiv:2305.18290#related-work:part-10",
      "arxiv:2305.18290#related-work:part-3",
      "arxiv:2307.10169#methods:part-12",
      "arxiv:2510.13794#background:part-1",
      "arxiv:2303.18223#model:part-9",
      "arxiv:2203.02155#related-work:part-1",
      "arxiv:2305.18290#related-work:part-5"
    ],
    "query_time": 0.02815389633178711,
    "metadata": {
      "scores": [
        0.5664613,
        0.5631271,
        0.5631271,
        0.56224275,
        0.561802,
        0.5350206,
        0.5328868,
        0.5272568,
        0.51899755,
        0.50647646
      ],
      "num_hits": 10
    }
  },
  "query_6": {
    "doc_ids": [
      "arxiv:2307.10169#conclusion",
      "arxiv:palm2techreport#introduction:part-2",
      "arxiv:2211.09110#model:part-11",
      "arxiv:palm2techreport#introduction:part-12",
      "arxiv:2211.05100#abstract:part-3",
      "arxiv:2207.00112#introduction:part-1",
      "arxiv:2304.01373#abstract:part-10",
      "arxiv:palm2techreport#introduction:part-1",
      "arxiv:2204.02311#introduction:part-7",
      "arxiv:2305.07185#model:part-15"
    ],
    "query_time": 0.03178286552429199,
    "metadata": {
      "scores": [
        0.7156366,
        0.6375953,
        0.63012344,
        0.62021154,
        0.5997035,
        0.5896987,
        0.58580506,
        0.58578,
        0.5819819,
        0.58016914
      ],
      "num_hits": 10
    }
  },
  "query_7": {
    "doc_ids": [
      "arxiv:2307.10169#introduction:part-42",
      "arxiv:2307.03172#introduction:part-2",
      "arxiv:2303.18223#method:part-11",
      "arxiv:2303.18223#method:part-14",
      "arxiv:2312.00752#introduction:part-1",
      "arxiv:2305.13048#background:part-14",
      "arxiv:2307.03172#related-work:part-2",
      "arxiv:2303.18223#model:part-35",
      "arxiv:1901.02860#model:part-2",
      "arxiv:2303.18223#method:part-10"
    ],
    "query_time": 0.06076693534851074,
    "metadata": {
      "scores": [
        0.58562994,
        0.57809895,
        0.57313746,
        0.56419927,
        0.5598581,
        0.5436574,
        0.5189712,
        0.5151231,
        0.5109289,
        0.51088387
      ],
      "num_hits": 10
    }
  },
  "query_8": {
    "doc_ids": [
      "arxiv:2303.18223#model:part-36",
      "arxiv:palm2techreport#evaluation:part-26",
      "arxiv:2304.01373#abstract:part-6",
      "arxiv:2310.20707#introduction:part-3",
      "arxiv:2307.09288#model:part-39",
      "arxiv:10000000_662098952474184_2584067087619170692_n#model:part-39",
      "arxiv:20-074#abstract:part-14",
      "arxiv:2310.20707#introduction:part-4",
      "arxiv:2310.20707#model:part-23",
      "arxiv:2005.14165#results:part-52"
    ],
    "query_time": 0.05164313316345215,
    "metadata": {
      "scores": [
        0.64699733,
        0.576663,
        0.57424426,
        0.5448817,
        0.54041374,
        0.54041374,
        0.5403591,
        0.5386721,
        0.53699166,
        0.5333924
      ],
      "num_hits": 10
    }
  },
  "query_9": {
    "doc_ids": [
      "arxiv:2307.09288#related-work:part-1",
      "arxiv:10000000_662098952474184_2584067087619170692_n#related-work:part-1",
      "arxiv:2211.05100#model:part-3",
      "arxiv:2304.01373#abstract:part-3",
      "arxiv:10000000_662098952474184_2584067087619170692_n#conclusion",
      "arxiv:2307.09288#conclusion",
      "arxiv:2304.00612#abstract",
      "arxiv:2211.05100#abstract:part-2",
      "arxiv:2204.06745#introduction:part-22",
      "arxiv:2301.13688#methods:part-4"
    ],
    "query_time": 0.08448004722595215,
    "metadata": {
      "scores": [
        0.48764014,
        0.48764014,
        0.46585447,
        0.45059937,
        0.45026493,
        0.45026493,
        0.43823314,
        0.4323999,
        0.4164926,
        0.41372752
      ],
      "num_hits": 10
    }
  },
  "query_10": {
    "doc_ids": [
      "arxiv:2203.02155#model:part-12",
      "arxiv:2203.02155#model:part-11",
      "arxiv:2303.18223#model:part-69",
      "arxiv:2307.10169#methods:part-13",
      "arxiv:2305.03047#introduction:part-4",
      "arxiv:2308.10792#model:part-2",
      "arxiv:2303.18223#model:part-9",
      "arxiv:2305.03047#evaluation",
      "arxiv:2305.03047#model:part-4",
      "arxiv:10000000_662098952474184_2584067087619170692_n#model:part-3"
    ],
    "query_time": 0.2237377166748047,
    "metadata": {
      "scores": [
        0.63698363,
        0.62937135,
        0.5279263,
        0.5040571,
        0.49018538,
        0.46663946,
        0.46328935,
        0.44628567,
        0.4454972,
        0.44249558
      ],
      "num_hits": 10
    }
  }
}