{
  "query_1": {
    "doc_ids": [
      "arxiv:2307.10169#methods:part-7",
      "arxiv:2307.10169#methods:part-4",
      "arxiv:2307.10169#methods:part-3",
      "arxiv:2307.10169#methods:part-5",
      "arxiv:2303.18223#result:part-17",
      "arxiv:2303.18223#model:part-32",
      "arxiv:2303.18223#result:part-16",
      "arxiv:2307.10169#methods:part-6",
      "arxiv:2303.18223#result:part-15",
      "arxiv:2303.18223#result:part-4"
    ],
    "query_time": 0.20285797119140625,
    "metadata": {
      "scores": [
        0.5862372,
        0.5610094,
        0.53051156,
        0.52111334,
        0.45682412,
        0.4423465,
        0.42539924,
        0.36108798,
        0.35053363,
        0.3458717
      ],
      "num_hits": 10
    }
  },
  "query_2": {
    "doc_ids": [
      "arxiv:2106.09685#introduction:part-16",
      "arxiv:2106.09685#introduction:part-6",
      "arxiv:2106.09685#introduction:part-8",
      "arxiv:2306.09782#introduction:part-1",
      "arxiv:2305.14314#background:part-2",
      "arxiv:2306.09782#introduction:part-2",
      "arxiv:2106.09685#method:part-10",
      "arxiv:2307.10169#introduction:part-22",
      "arxiv:2306.09782#experiment:part-1",
      "arxiv:2306.09782#method:part-2"
    ],
    "query_time": 0.053505897521972656,
    "metadata": {
      "scores": [
        0.6273535,
        0.60203266,
        0.57603025,
        0.5357233,
        0.53143966,
        0.5308694,
        0.52680564,
        0.5245868,
        0.5235605,
        0.51928854
      ],
      "num_hits": 10
    }
  },
  "query_3": {
    "doc_ids": [
      "arxiv:2303.18223#introduction:part-10",
      "arxiv:2305.13048#background:part-8",
      "arxiv:2302.13971#introduction:part-1",
      "arxiv:333078981_693988129081760_4712707815225756708_n#introduction:part-1",
      "arxiv:2307.09288#related-work:part-1",
      "arxiv:10000000_662098952474184_2584067087619170692_n#related-work:part-1",
      "arxiv:2302.13971#related-work:part-2",
      "arxiv:2302.13971#related-work:part-3",
      "arxiv:333078981_693988129081760_4712707815225756708_n#related-work:part-3",
      "arxiv:333078981_693988129081760_4712707815225756708_n#related-work:part-2"
    ],
    "query_time": 0.22654008865356445,
    "metadata": {
      "scores": [
        0.70492774,
        0.68938416,
        0.6884725,
        0.6878826,
        0.67381096,
        0.67381096,
        0.6716234,
        0.6699351,
        0.66844225,
        0.6614437
      ],
      "num_hits": 10
    }
  },
  "query_4": {
    "doc_ids": [
      "arxiv:2303.18223#result:part-31",
      "arxiv:2303.18223#result:part-30",
      "arxiv:2303.18223#result:part-28",
      "arxiv:2303.18223#result:part-21",
      "arxiv:2303.18223#model:part-58",
      "arxiv:2303.18223#result:part-29",
      "arxiv:2303.18223#result:part-23",
      "arxiv:2307.10169#methods:part-63",
      "arxiv:2307.10169#methods:part-23",
      "arxiv:2307.10169#methods:part-12"
    ],
    "query_time": 0.043457746505737305,
    "metadata": {
      "scores": [
        0.68523395,
        0.6595746,
        0.65077,
        0.60450435,
        0.57536006,
        0.5731321,
        0.5714828,
        0.57004297,
        0.5689617,
        0.559941
      ],
      "num_hits": 10
    }
  },
  "query_5": {
    "doc_ids": [
      "arxiv:2307.10169#methods:part-9",
      "arxiv:2305.18290#introduction:part-2",
      "arxiv:2305.18290#related-work:part-8",
      "arxiv:10000000_662098952474184_2584067087619170692_n#model:part-14",
      "arxiv:2307.09288#model:part-14",
      "arxiv:2510.13794#background:part-1",
      "arxiv:10000000_662098952474184_2584067087619170692_n#model:part-5",
      "arxiv:2307.09288#model:part-5",
      "arxiv:2203.02155#related-work:part-1",
      "arxiv:2510.13358#related-work:part-3"
    ],
    "query_time": 0.0626981258392334,
    "metadata": {
      "scores": [
        0.58527017,
        0.57302773,
        0.54832685,
        0.54075336,
        0.54075336,
        0.5328868,
        0.5260566,
        0.5260566,
        0.51899755,
        0.49454212
      ],
      "num_hits": 10
    }
  },
  "query_6": {
    "doc_ids": [
      "arxiv:2307.10169#conclusion",
      "arxiv:2304.01373#abstract:part-8",
      "arxiv:2303.18223#model:part-14",
      "arxiv:palm2techreport#introduction:part-2",
      "arxiv:2207.00112#introduction:part-1",
      "arxiv:palm2techreport#introduction:part-1",
      "arxiv:2211.09110#model:part-9",
      "arxiv:2304.01373#abstract:part-6",
      "arxiv:2305.07185#model:part-12",
      "arxiv:2203.15556#model:part-1"
    ],
    "query_time": 0.02095484733581543,
    "metadata": {
      "scores": [
        0.7156366,
        0.62730396,
        0.6116334,
        0.600731,
        0.5896987,
        0.58578,
        0.5831952,
        0.5806354,
        0.58016914,
        0.5775151
      ],
      "num_hits": 10
    }
  },
  "query_7": {
    "doc_ids": [
      "arxiv:2303.18223#method:part-9",
      "arxiv:2307.03172#introduction:part-2",
      "arxiv:2312.00752#introduction:part-1",
      "arxiv:2307.03172#related-work:part-2",
      "arxiv:2312.00752#introduction:part-17",
      "arxiv:2302.14045#abstract:part-8",
      "arxiv:1901.02860#model:part-2",
      "arxiv:2307.03172#introduction:part-9",
      "arxiv:2307.10169#introduction:part-33",
      "arxiv:1901.02860#related-work"
    ],
    "query_time": 0.013640880584716797,
    "metadata": {
      "scores": [
        0.5892739,
        0.57331145,
        0.5598581,
        0.5447322,
        0.5418676,
        0.5197699,
        0.51204896,
        0.5102854,
        0.5070964,
        0.50076807
      ],
      "num_hits": 10
    }
  },
  "query_8": {
    "doc_ids": [
      "arxiv:2310.20707#model:part-18",
      "arxiv:palm2techreport#introduction:part-3",
      "arxiv:2310.20707#model:part-14",
      "arxiv:2307.10169#introduction:part-3",
      "arxiv:2304.01373#abstract:part-21",
      "arxiv:2310.20707#introduction:part-3",
      "arxiv:2303.18223#model:part-23",
      "arxiv:2310.20707#model:part-3",
      "arxiv:2304.01373#abstract:part-5",
      "arxiv:palm2techreport#evaluation:part-21"
    ],
    "query_time": 0.02400803565979004,
    "metadata": {
      "scores": [
        0.6297101,
        0.5940094,
        0.5833286,
        0.58266497,
        0.5605733,
        0.5546498,
        0.5173485,
        0.51714593,
        0.51695865,
        0.5134096
      ],
      "num_hits": 10
    }
  },
  "query_9": {
    "doc_ids": [
      "arxiv:10000000_662098952474184_2584067087619170692_n#related-work:part-1",
      "arxiv:2307.09288#related-work:part-1",
      "arxiv:2203.02155#model:part-18",
      "arxiv:2307.09288#conclusion",
      "arxiv:10000000_662098952474184_2584067087619170692_n#conclusion",
      "arxiv:2211.09110#conclusion:part-3",
      "arxiv:10000000_662098952474184_2584067087619170692_n#model:part-25",
      "arxiv:2307.09288#model:part-25",
      "arxiv:2304.00612#abstract",
      "arxiv:2510.13704#introduction:part-23"
    ],
    "query_time": 0.10172915458679199,
    "metadata": {
      "scores": [
        0.48764014,
        0.48764014,
        0.45114216,
        0.45026493,
        0.45026493,
        0.44850552,
        0.44234186,
        0.44234186,
        0.43823314,
        0.43822193
      ],
      "num_hits": 10
    }
  },
  "query_10": {
    "doc_ids": [
      "arxiv:2303.18223#model:part-7",
      "arxiv:2203.02155#model:part-10",
      "arxiv:2203.02155#model:part-9",
      "arxiv:2307.10169#methods:part-11",
      "arxiv:1901.02860#model:part-7",
      "arxiv:2305.03047#evaluation",
      "arxiv:2303.18223#result:part-25",
      "arxiv:2303.18223#model:part-8",
      "arxiv:2310.05492#experiments:part-2",
      "arxiv:2412.19437#model:part-2"
    ],
    "query_time": 0.034047842025756836,