{
  "system_metrics": {
    "baseline": {
      "precision@5": 0.54,
      "hit_rate@10": 1.0,
      "recall@10": 0.7607142857142857,
      "ndcg@3": 0.6350499802054138,
      "ndcg@10": 0.7321099877019595,
      "hit_rate@3": 0.9,
      "recall@3": 0.5345238095238095,
      "precision@10": 0.44952380952380955,
      "ndcg@5": 0.7237737640164681,
      "mrr": 0.825,
      "recall@1": 0.20595238095238094,
      "precision@3": 0.6333333333333333,
      "retrieval_latency": 0.005976390838623047,
      "hit_rate@5": 1.0,
      "ndcg@1": 0.7,
      "hit_rate@1": 0.7,
      "citation_accuracy": 0.44952380952380955,
      "precision@1": 0.7,
      "recall@5": 0.7321428571428571,
      "grounding_accuracy": 1.0,
      "average_response_time": 0.005976390838623047,
      "queries_per_second": 167.32506741985415
    },
    "chunk_250_ov40": {
      "precision@5": 0.47000000000000003,
      "hit_rate@10": 1.0,
      "recall@10": 0.6797619047619048,
      "ndcg@3": 0.4579792821081997,
      "ndcg@10": 0.5597829117406861,
      "hit_rate@3": 0.9,
      "recall@3": 0.42857142857142855,
      "precision@10": 0.43499999999999994,
      "ndcg@5": 0.5374491401866802,
      "mrr": 0.6583333333333333,
      "recall@1": 0.13095238095238096,
      "precision@3": 0.4833333333333333,
      "retrieval_latency": 0.043208193778991696,
      "hit_rate@5": 1.0,
      "ndcg@1": 0.4,
      "hit_rate@1": 0.4,
      "citation_accuracy": 0.43499999999999994,
      "precision@1": 0.4,
      "recall@5": 0.5738095238095238,
      "grounding_accuracy": 1.0,
      "average_response_time": 0.043208193778991696,
      "queries_per_second": 23.143758452736133
    }
  },
  "best_systems": {
    "precision@5": {
      "system": "baseline",
      "score": 0.54
    },
    "hit_rate@10": {
      "system": "baseline",
      "score": 1.0
    },
    "recall@10": {
      "system": "baseline",
      "score": 0.7607142857142857
    },
    "ndcg@3": {
      "system": "baseline",
      "score": 0.6350499802054138
    },
    "ndcg@10": {
      "system": "baseline",
      "score": 0.7321099877019595
    },
    "hit_rate@3": {
      "system": "baseline",
      "score": 0.9
    },
    "recall@3": {
      "system": "baseline",
      "score": 0.5345238095238095
    },
    "precision@10": {
      "system": "baseline",
      "score": 0.44952380952380955
    },
    "ndcg@5": {
      "system": "baseline",
      "score": 0.7237737640164681
    },
    "mrr": {
      "system": "baseline",
      "score": 0.825
    },
    "recall@1": {
      "system": "baseline",
      "score": 0.20595238095238094
    },
    "precision@3": {
      "system": "baseline",
      "score": 0.6333333333333333
    },
    "retrieval_latency": {
      "system": "chunk_250_ov40",
      "score": 0.043208193778991696
    },
    "hit_rate@5": {
      "system": "baseline",
      "score": 1.0
    },
    "ndcg@1": {
      "system": "baseline",
      "score": 0.7
    },
    "hit_rate@1": {
      "system": "baseline",
      "score": 0.7
    },
    "citation_accuracy": {
      "system": "baseline",
      "score": 0.44952380952380955
    },
    "precision@1": {
      "system": "baseline",
      "score": 0.7
    },
    "recall@5": {
      "system": "baseline",
      "score": 0.7321428571428571
    },
    "grounding_accuracy": {
      "system": "baseline",
      "score": 1.0
    },
    "average_response_time": {
      "system": "chunk_250_ov40",
      "score": 0.043208193778991696
    },
    "queries_per_second": {
      "system": "baseline",
      "score": 167.32506741985415
    }
  }
}