{
  "query_1": {
    "doc_ids": [
      "arxiv:2307.10169#methods:part-9",
      "arxiv:2307.10169#methods:part-5",
      "arxiv:2307.10169#methods:part-7",
      "arxiv:2307.10169#methods:part-6",
      "arxiv:2307.10169#methods:part-4",
      "arxiv:2303.18223#model:part-42",
      "arxiv:2303.18223#result:part-22",
      "arxiv:2307.10169#methods:part-3",
      "arxiv:2307.10169#methods:part-8",
      "arxiv:2303.18223#result:part-21"
    ],
    "query_time": 0.2151181697845459,
    "metadata": {
      "scores": [
        0.5862372,
        0.5610094,
        0.49342006,
        0.49328226,
        0.46438372,
        0.4546086,
        0.44781727,
        0.44518963,
        0.44078195,
        0.42539924
      ],
      "num_hits": 10
    }
  },
  "query_2": {
    "doc_ids": [
      "arxiv:2308.10792#model:part-19",
      "arxiv:2106.09685#introduction:part-21",
      "arxiv:2106.09685#introduction:part-10",
      "arxiv:2210.07558#experiments:part-2",
      "arxiv:20-074#abstract:part-71",
      "arxiv:2304.01933#method:part-10",
      "arxiv:2301.13688#related-work:part-3",
      "arxiv:2307.10169#introduction:part-30",
      "arxiv:2306.09782#introduction:part-1",
      "arxiv:2106.09685#method:part-13"
    ],
    "query_time": 0.06380319595336914,
    "metadata": {
      "scores": [
        0.632644,
        0.6273535,
        0.5913313,
        0.5545432,
        0.5485624,
        0.54374415,
        0.5360862,
        0.53602743,
        0.5357233,
        0.52680564
      ],
      "num_hits": 10
    }
  },
  "query_3": {
    "doc_ids": [
      "arxiv:2001.08361#model:part-3",
      "arxiv:2303.18223#introduction:part-13",
      "arxiv:2005.14165#related-work:part-2",
      "arxiv:2302.13971#introduction:part-1",
      "arxiv:333078981_693988129081760_4712707815225756708_n#introduction:part-1",
      "arxiv:2307.09288#related-work:part-1",
      "arxiv:10000000_662098952474184_2584067087619170692_n#related-work:part-1",
      "arxiv:2001.08361#model:part-10",
      "arxiv:2001.08361#results:part-13",
      "arxiv:2101.03961#conclusion:part-4"
    ],
    "query_time": 0.03672599792480469,
    "metadata": {
      "scores": [
        0.7125766,
        0.70492774,
        0.69746226,
        0.6884725,
        0.6878826,
        0.67381096,
        0.67381096,
        0.67197114,
        0.6604831,
        0.65159833
      ],
      "num_hits": 10
    }
  },
  "query_4": {
    "doc_ids": [
      "arxiv:2303.18223#result:part-41",
      "arxiv:2303.18223#result:part-40",
      "arxiv:2303.18223#result:part-37",
      "arxiv:2307.10169#methods:part-82",
      "arxiv:2303.18223#result:part-39",
      "arxiv:2307.10169#methods:part-31",
      "arxiv:2303.18223#result:part-36",
      "arxiv:2303.18223#result:part-8",
      "arxiv:2303.18223#introduction:part-22",
      "arxiv:2303.18223#model:part-77"
    ],
    "query_time": 0.013810873031616211,
    "metadata": {
      "scores": [
        0.68523395,
        0.6581399,
        0.65077,
        0.6323714,
        0.6125309,
        0.5870637,
        0.57962656,
        0.5794041,
        0.5784324,
        0.57536006
      ],
      "num_hits": 10
    }
  },
  "query_5": {
    "doc_ids": [
      "arxiv:2307.10169#methods:part-12",
      "arxiv:2305.18290#related-work:part-3",
      "arxiv:2203.02155#model:part-20",
      "arxiv:2510.13794#background:part-1",
      "arxiv:2305.18290#related-work:part-6",
      "arxiv:2203.02155#related-work:part-1",
      "arxiv:2203.02155#model:part-2",
      "arxiv:2307.10169#methods:part-14",
      "arxiv:2303.18223#approach:part-16",
      "arxiv:2305.18290#experiments:part-12"
    ],
    "query_time": 0.006089925765991211,
    "metadata": {
      "scores": [
        0.66165566,
        0.55992067,
        0.5529106,
        0.5328868,
        0.5236602,
        0.51899755,
        0.5085528,
        0.4956633,
        0.49353728,
        0.49029815
      ],
      "num_hits": 10
    }
  },
  "query_6": {
    "doc_ids": [
      "arxiv:2307.10169#conclusion",
      "arxiv:2211.09110#model:part-11",
      "arxiv:2211.05100#abstract:part-3",
      "arxiv:palm2techreport#introduction:part-2",
      "arxiv:2207.00112#introduction:part-1",
      "arxiv:palm2techreport#introduction:part-1",
      "arxiv:2204.02311#abstract:part-2",
      "arxiv:2203.15556#model:part-1",
      "arxiv:2211.05100#model:part-10",
      "arxiv:2307.03172#introduction:part-2"
    ],
    "query_time": 0.009500980377197266,
    "metadata": {
      "scores": [
        0.7156366,
        0.61733234,
        0.6153673,
        0.6066367,
        0.5896987,
        0.58578,
        0.5800085,
        0.5775151,
        0.57499284,
        0.57476836
      ],
      "num_hits": 10
    }
  },
  "query_7": {
    "doc_ids": [
      "arxiv:2303.18223#method:part-12",
      "arxiv:2307.03172#introduction:part-2",
      "arxiv:2312.00752#introduction:part-1",
      "arxiv:2307.10169#introduction:part-44",
      "arxiv:2305.13048#background:part-15",
      "arxiv:2303.18223#method:part-11",
      "arxiv:1901.02860#related-work:part-1",
      "arxiv:2303.18223#method:part-15",
      "arxiv:1901.02860#introduction:part-2",
      "arxiv:2307.03172#related-work:part-1"
    ],
    "query_time": 0.03368210792541504,
    "metadata": {
      "scores": [
        0.59122646,
        0.5807471,
        0.5598581,
        0.55181396,
        0.52617604,
        0.5200336,
        0.50076807,
        0.49701852,
        0.49697793,
        0.4961029
      ],
      "num_hits": 10
    }
  },
  "query_8": {
    "doc_ids": [
      "arxiv:2304.01373#abstract:part-6",
      "arxiv:2302.13971#approach:part-3",
      "arxiv:palm2techreport#evaluation:part-27",
      "arxiv:2310.20707#model:part-24",
      "arxiv:2303.18223#model:part-30",
      "arxiv:2310.20707#introduction:part-4",
      "arxiv:2211.09110#model:part-75",
      "arxiv:333078981_693988129081760_4712707815225756708_n#approach:part-3",
      "arxiv:20-074#abstract:part-63",
      "arxiv:2303.18223#model:part-38"
    ],
    "query_time": 0.01276087760925293,
    "metadata": {
      "scores": [
        0.6038578,
        0.58155394,
        0.5736525,
        0.5734833,
        0.5734749,
        0.5651656,
        0.55742687,
        0.55250645,
        0.5507511,
        0.5506246
      ],
      "num_hits": 10
    }
  },
  "query_9": {
    "doc_ids": [
      "arxiv:10000000_662098952474184_2584067087619170692_n#related-work:part-1",
      "arxiv:2307.09288#related-work:part-1",
      "arxiv:2307.09288#conclusion",
      "arxiv:10000000_662098952474184_2584067087619170692_n#conclusion",
      "arxiv:2211.05100#model:part-3",
      "arxiv:10000000_662098952474184_2584067087619170692_n#model:part-33",
      "arxiv:2307.09288#model:part-33",
      "arxiv:2304.00612#abstract",
      "arxiv:2301.13688#methods:part-4",
      "arxiv:2204.06745#introduction:part-23"
    ],
    "query_time": 0.0221099853515625,
    "metadata": {
      "scores": [
        0.48764014,
        0.48764014,
        0.45026493,
        0.45026493,
        0.44718465,
        0.44234186,
        0.44234186,
        0.43823314,
        0.42825776,
        0.4164926
      ],
      "num_hits": 10
    }
  },
  "query_10": {
    "doc_ids": [
      "arxiv:2307.10169#methods:part-14",
      "arxiv:2303.18223#model:part-9",
      "arxiv:2203.02155#model:part-13",
      "arxiv:2303.18223#model:part-72",
      "arxiv:2305.03047#introduction:part-4",
      "arxiv:2303.18223#model:part-10",
      "arxiv:2203.02155#model:part-11",
      "arxiv:2305.03047#model:part-4",
      "arxiv:2308.10792#model:part-2",
      "arxiv:1901.02860#model:part-9"
    ],
    "query_time": 0.01847982406616211,
    "metadata": {
      "scores": [
        0.59350383,
        0.54330134,
        0.5332953,
        0.5146315,
        0.51370084,
        0.5104974,
        0.5084839,
        0.5003978,
        0.46101537,
        0.45928228
      ],
      "num_hits": 10
    }
  }
}