{
  "query_1": {
    "doc_ids": [
      "arxiv:2307.10169#methods:part-3",
      "arxiv:palm2techreport#conclusion:part-1",
      "arxiv:2303.18223#result:part-11",
      "arxiv:2307.10169#methods:part-2",
      "arxiv:2412.10543#abstract",
      "arxiv:2307.10169#methods:part-4",
      "arxiv:2307.10169#methods:part-5",
      "arxiv:2303.18223#model:part-23",
      "arxiv:2312.09993#introduction:part-10",
      "arxiv:palm2techreport#conclusion:part-2"
    ],
    "query_time": 0.01936793327331543,
    "metadata": {
      "scores": [
        0.92167044,
        0.91902894,
        0.9163414,
        0.91594434,
        0.91525453,
        0.9151981,
        0.9140742,
        0.9139592,
        0.90958184,
        0.907992
      ],
      "num_hits": 10
    }
  },
  "query_2": {
    "doc_ids": [
      "arxiv:20-074#abstract:part-35",
      "arxiv:20-074#experiment:part-6",
      "arxiv:2306.09782#conclusion",
      "arxiv:2307.10169#introduction:part-14",
      "arxiv:2305.14314#related-work:part-3",
      "arxiv:2307.10169#introduction:part-15",
      "arxiv:2312.09993#introduction:part-11",
      "arxiv:2301.13688#abstract",
      "arxiv:2305.14314#model:part-1",
      "arxiv:2305.14314#abstract"
    ],
    "query_time": 0.006700038909912109,
    "metadata": {
      "scores": [
        0.9397207,
        0.9391414,
        0.93893373,
        0.938231,
        0.93716335,
        0.9364608,
        0.9341123,
        0.93370336,
        0.9334837,
        0.9334263
      ],
      "num_hits": 10
    }
  },
  "query_3": {
    "doc_ids": [
      "arxiv:2203.15556#method:part-3",
      "arxiv:2001.08361#related-work:part-2",
      "arxiv:2001.08361#results:part-7",
      "arxiv:2303.18223#introduction:part-7",
      "arxiv:2311.00502#abstract",
      "arxiv:2211.10438#abstract",
      "arxiv:2302.13971#introduction:part-1",
      "arxiv:2306.09782#abstract",
      "arxiv:2001.08361#related-work:part-1",
      "arxiv:2306.09782#conclusion"
    ],
    "query_time": 0.0050470829010009766,
    "metadata": {
      "scores": [
        0.93214613,
        0.9284741,
        0.9284188,
        0.92688227,
        0.9265613,
        0.92629236,
        0.92431027,
        0.9230259,
        0.92295766,
        0.92290455
      ],
      "num_hits": 10
    }
  },
  "query_4": {
    "doc_ids": [
      "arxiv:palm2techreport#evaluation:part-7",
      "arxiv:2303.18223#result:part-13",
      "arxiv:2303.18223#result:part-18",
      "arxiv:2401.04088#model:part-1",
      "arxiv:2303.18223#result:part-20",
      "arxiv:2303.18223#result:part-14",
      "arxiv:2303.18223#result:part-15",
      "arxiv:2501.19393#evaluation:part-1",
      "arxiv:2303.18223#evaluation",
      "arxiv:2304.01933#method:part-4"
    ],
    "query_time": 0.00391387939453125,
    "metadata": {
      "scores": [
        0.9404717,
        0.93675804,
        0.9318092,
        0.92848814,
        0.9280623,
        0.9270494,
        0.92673075,
        0.92570114,
        0.9253438,
        0.9240039
      ],
      "num_hits": 10
    }
  },
  "query_5": {
    "doc_ids": [
      "arxiv:2510.13358#evaluation",
      "arxiv:2307.09288#introduction:part-1",
      "arxiv:10000000_662098952474184_2584067087619170692_n#introduction:part-1",
      "arxiv:2510.13358#evaluation:part-2",
      "arxiv:2305.03047#introduction:part-4",
      "arxiv:2305.03047#introduction:part-3",
      "arxiv:2305.18290#related-work:part-1",
      "arxiv:2510.13794#background:part-2",
      "arxiv:2303.18223#model:part-5",
      "arxiv:10000000_662098952474184_2584067087619170692_n#related-work:part-2"
    ],
    "query_time": 0.007175922393798828,
    "metadata": {
      "scores": [
        0.9424734,
        0.93854773,
        0.93854773,
        0.93592644,
        0.9349245,
        0.9340545,
        0.9316008,
        0.9313278,
        0.93073165,
        0.92994094
      ],
      "num_hits": 10
    }
  },
  "query_6": {
    "doc_ids": [
      "arxiv:2307.10169#conclusion",
      "arxiv:2307.10169#abstract",
      "arxiv:2211.10438#introduction:part-1",
      "arxiv:2020.aacl-main.88#conclusions",
      "arxiv:2305.19268#introduction:part-1",
      "arxiv:2311.00502#introduction:part-1",
      "arxiv:2203.15556#model:part-1",
      "arxiv:2211.05100#abstract:part-2",
      "arxiv:2306.11695#introduction:part-1",
      "arxiv:2308.10792#introduction:part-1"
    ],
    "query_time": 0.005554914474487305,
    "metadata": {
      "scores": [
        0.95746595,
        0.9448328,
        0.942687,
        0.93999577,
        0.93899393,
        0.9374949,
        0.936763,
        0.9365828,
        0.9361229,
        0.9353997
      ],
      "num_hits": 10
    }
  },
  "query_7": {
    "doc_ids": [
      "arxiv:2303.18223#method:part-7",
      "arxiv:20-074#experiment:part-2",
      "arxiv:2310.20707#model:part-5",
      "arxiv:20-074#experiment:part-4",
      "arxiv:2307.03172#model:part-4",
      "arxiv:2305.11627#evaluation:part-2",
      "arxiv:1907.01470#conclusion",
      "arxiv:2307.10169#introduction:part-25",
      "arxiv:2307.10169#conclusion",
      "arxiv:2303.18223#model:part-15"
    ],
    "query_time": 0.0035889148712158203,
    "metadata": {
      "scores": [
        0.9232322,
        0.9137442,
        0.91359603,
        0.9121339,
        0.91212225,
        0.9100358,
        0.90828955,
        0.90710115,
        0.90667063,
        0.9064745
      ],
      "num_hits": 10
    }
  },
  "query_8": {
    "doc_ids": [
      "arxiv:2002.05202#abstract",
      "arxiv:1901.02860#model",
      "arxiv:2308.10792#abstract",
      "arxiv:2302.10866#model",
      "arxiv:20-074#abstract:part-22",
      "arxiv:2210.07558#abstract",
      "arxiv:2005.14165#introduction:part-1",
      "arxiv:2210.07558#introduction:part-1",
      "arxiv:2109.06243#model:part-3",
      "arxiv:20-074#abstract:part-43"
    ],
    "query_time": 0.0025780200958251953,
    "metadata": {
      "scores": [
        0.92136496,
        0.9209999,
        0.91987383,
        0.91975725,
        0.9178418,
        0.9162887,
        0.9162857,
        0.91613,
        0.91586536,
        0.91443235
      ],
      "num_hits": 10
    }
  },
  "query_9": {
    "doc_ids": [
      "arxiv:2211.09110#model:part-17",
      "arxiv:2211.09110#conclusion:part-2",
      "arxiv:2304.00612#abstract",
      "arxiv:2310.20707#model:part-12",
      "arxiv:2203.02155#model:part-12",
      "arxiv:2211.05100#evaluation:part-4",
      "arxiv:10000000_662098952474184_2584067087619170692_n#introduction:part-2",
      "arxiv:2307.09288#introduction:part-2",
      "arxiv:2304.00612#introduction:part-1",
      "arxiv:2304.00612#introduction:part-4"
    ],
    "query_time": 0.0025937557220458984,
    "metadata": {
      "scores": [
        0.9201066,
        0.91144454,
        0.9078226,
        0.9043879,
        0.9033565,
        0.90332156,
        0.9009705,
        0.9009705,
        0.90075547,
        0.89966583
      ],
      "num_hits": 10
    }
  },
  "query_10": {
    "doc_ids": [
      "arxiv:2303.18223#model:part-5",
      "arxiv:2301.10226#abstract:part-11",
      "arxiv:10000000_662098952474184_2584067087619170692_n#model:part-2",
      "arxiv:2307.09288#model:part-2",
      "arxiv:20-074#experiment:part-4",
      "arxiv:20-074#model",
      "arxiv:20-074#experiment:part-2",
      "arxiv:20-074#abstract:part-46",
      "arxiv:10000000_662098952474184_2584067087619170692_n#model:part-5",
      "arxiv:2307.09288#model:part-5"
    ],
    "query_time": 0.0025250911712646484,
    "metadata": {
      "scores": [
        0.91187274,
        0.90526754,
        0.9046637,
        0.9046637,
        0.9036685,
        0.9000042,
        0.8992168,
        0.89784896,
        0.89699966,
        0.89699966
      ],
      "num_hits": 10
    }
  }
}