{
  "query_1": {
    "doc_ids": [
      "arxiv:2307.10169",
      "arxiv:2307.10169",
      "arxiv:2303.18223",
      "arxiv:2307.10169",
      "arxiv:2303.18223",
      "arxiv:2303.18223",
      "arxiv:2307.10169",
      "arxiv:2303.18223",
      "arxiv:2303.18223",
      "arxiv:2307.10169"
    ],
    "query_time": 0.0352630615234375,
    "metadata": {
      "scores": [
        0.5264144,
        0.44734073,
        0.44146806,
        0.4398641,
        0.42018947,
        0.33841243,
        0.33676487,
        0.3288259,
        0.32710359,
        0.32246625
      ],
      "num_hits": 10
    }
  },
  "query_2": {
    "doc_ids": [
      "arxiv:2106.09685",
      "arxiv:2304.01933",
      "arxiv:2307.10169",
      "arxiv:20-074",
      "arxiv:2412.10543",
      "arxiv:2106.09685",
      "arxiv:2306.09782",
      "arxiv:2306.09782",
      "blog:hazyresearch.stanford.edu",
      "arxiv:2306.09782"
    ],
    "query_time": 0.007643938064575195,
    "metadata": {
      "scores": [
        0.5791912,
        0.5396933,
        0.53679085,
        0.5261764,
        0.52379674,
        0.52333707,
        0.52275884,
        0.5195978,
        0.5127969,
        0.50941676
      ],
      "num_hits": 10
    }
  },
  "query_3": {
    "doc_ids": [
      "arxiv:2001.08361",
      "arxiv:2303.18223",
      "arxiv:2302.13971",
      "arxiv:333078981_693988129081760_4712707815225756708_n",
      "arxiv:2203.15556",
      "arxiv:10000000_662098952474184_2584067087619170692_n",
      "arxiv:2307.09288",
      "arxiv:2001.08361",
      "arxiv:2203.15556",
      "arxiv:2204.06745"
    ],
    "query_time": 0.012056827545166016,
    "metadata": {
      "scores": [
        0.7121798,
        0.6955164,
        0.6933732,
        0.6915693,
        0.67898077,
        0.67122996,
        0.67122996,
        0.6523609,
        0.6344217,
        0.6226348
      ],
      "num_hits": 10
    }
  },
  "query_4": {
    "doc_ids": [
      "arxiv:2303.18223",
      "arxiv:2303.18223",
      "arxiv:2303.18223",
      "arxiv:2303.18223",
      "arxiv:2501.19393",
      "arxiv:2305.14314",
      "arxiv:2303.18223",
      "arxiv:333078981_693988129081760_4712707815225756708_n",
      "arxiv:2412.19437",
      "arxiv:palm2techreport"
    ],
    "query_time": 0.01283884048461914,
    "metadata": {
      "scores": [
        0.67110205,
        0.5884447,
        0.57882756,
        0.5762538,
        0.5657754,
        0.55490685,
        0.5521786,
        0.55144644,
        0.5498201,
        0.54831815
      ],
      "num_hits": 10
    }
  },
  "query_5": {
    "doc_ids": [
      "arxiv:2303.18223",
      "arxiv:2305.18290",
      "arxiv:2510.13794",
      "arxiv:2203.02155",
      "arxiv:2307.10169",
      "arxiv:2307.09288",
      "arxiv:10000000_662098952474184_2584067087619170692_n",
      "arxiv:2304.00612",
      "arxiv:2305.18290",
      "arxiv:2303.18223"
    ],
    "query_time": 0.012799978256225586,
    "metadata": {
      "scores": [
        0.55821717,
        0.5471281,
        0.5418244,
        0.5318619,
        0.51395214,
        0.51147276,
        0.51147276,
        0.5011377,
        0.49679834,
        0.48981684
      ],
      "num_hits": 10
    }
  },
  "query_6": {
    "doc_ids": [
      "arxiv:2307.10169",
      "arxiv:2211.09110",
      "arxiv:2211.05100",
      "arxiv:2211.05100",
      "arxiv:2207.00112",
      "arxiv:palm2techreport",
      "arxiv:2204.02311",
      "arxiv:2001.08361",
      "arxiv:2204.02311",
      "arxiv:2211.05100"
    ],
    "query_time": 0.008183956146240234,
    "metadata": {
      "scores": [
        0.70499593,
        0.65001565,
        0.62948877,
        0.62786627,
        0.58367884,
        0.5793674,
        0.5743959,
        0.5692622,
        0.5677413,
        0.56615233
      ],
      "num_hits": 10
    }
  },
  "query_7": {
    "doc_ids": [
      "arxiv:2312.00752",
      "arxiv:2303.18223",
      "arxiv:1901.02860",
      "arxiv:2302.10866",
      "arxiv:2307.10169",
      "arxiv:2312.00752",
      "arxiv:2307.03172",
      "arxiv:1901.02860",
      "arxiv:2307.03172",
      "arxiv:2001.08361"
    ],
    "query_time": 0.008412837982177734,
    "metadata": {
      "scores": [
        0.555989,
        0.54712415,
        0.54066855,
        0.50611764,
        0.50150627,
        0.50080645,
        0.49850127,
        0.4895077,
        0.48739403,
        0.47523093
      ],
      "num_hits": 10
    }
  },
  "query_8": {
    "doc_ids": [
      "arxiv:2310.20707",
      "arxiv:2303.18223",
      "arxiv:2005.14165",
      "arxiv:2310.20707",
      "arxiv:2304.01373",
      "arxiv:2310.20707",
      "arxiv:2211.09110",
      "arxiv:2303.18223",
      "arxiv:2303.18223",
      "arxiv:333078981_693988129081760_4712707815225756708_n"
    ],
    "query_time": 0.004904985427856445,
    "metadata": {
      "scores": [
        0.6000481,
        0.564551,
        0.5593778,
        0.55575466,
        0.54328775,
        0.5404844,
        0.5384646,
        0.53449535,
        0.5216337,
        0.5197073
      ],
      "num_hits": 10
    }
  },
  "query_9": {
    "doc_ids": [
      "arxiv:10000000_662098952474184_2584067087619170692_n",
      "arxiv:2307.09288",
      "arxiv:2203.02155",
      "arxiv:2211.05100",
      "arxiv:2304.01373",
      "arxiv:2304.00612",
      "arxiv:2211.05100",
      "arxiv:2211.05100",
      "arxiv:2211.05100",
      "arxiv:333078981_693988129081760_4712707815225756708_n"
    ],
    "query_time": 0.007482051849365234,
    "metadata": {
      "scores": [
        0.50236714,
        0.50236714,
        0.4740265,
        0.46241707,
        0.4472133,
        0.43997595,
        0.42710316,
        0.39206618,
        0.39082414,
        0.36894813
      ],
      "num_hits": 10
    }
  },
  "query_10": {
    "doc_ids": [
      "arxiv:2203.02155",
      "arxiv:2307.10169",
      "arxiv:2305.03047",
      "arxiv:2203.02155",
      "arxiv:2303.18223",
      "arxiv:2203.02155",
      "arxiv:2106.09685",
      "arxiv:10000000_662098952474184_2584067087619170692_n",
      "arxiv:2307.09288",
      "arxiv:2303.18223"
    ],
    "query_time": 0.007091999053955078,
    "metadata": {
      "scores": [
        0.48900896,
        0.45780993,
        0.4521161,
        0.44849312,
        0.44780576,
        0.43042102,
        0.41763705,
        0.4128055,
        0.4128055,
        0.40682256
      ],
      "num_hits": 10
    }
  }
}