{
  "system_metrics": {
    "baseline": {
      "recall@3": 0.5345238095238095,
      "ndcg@5": 0.7237737640164681,
      "mrr": 0.825,
      "precision@5": 0.54,
      "precision@10": 0.44952380952380955,
      "retrieval_latency": 0.005976390838623047,
      "recall@5": 0.7321428571428571,
      "grounding_accuracy": 1.0,
      "precision@1": 0.7,
      "hit_rate@10": 1.0,
      "citation_accuracy": 0.44952380952380955,
      "ndcg@1": 0.7,
      "ndcg@3": 0.6350499802054138,
      "hit_rate@1": 0.7,
      "recall@10": 0.7607142857142857,
      "recall@1": 0.20595238095238094,
      "hit_rate@3": 0.9,
      "ndcg@10": 0.7321099877019595,
      "precision@3": 0.6333333333333333,
      "hit_rate@5": 1.0,
      "average_response_time": 0.005976390838623047,
      "queries_per_second": 167.32506741985415
    },
    "chunk_500_ov40": {
      "recall@3": 0.3761904761904762,
      "ndcg@5": 0.5375183837366325,
      "mrr": 0.745,
      "precision@5": 0.35,
      "precision@10": 0.35285714285714287,
      "retrieval_latency": 0.5756964206695556,
      "recall@5": 0.5071428571428571,
      "grounding_accuracy": 1.0,
      "precision@1": 0.6,
      "hit_rate@10": 1.0,
      "citation_accuracy": 0.35285714285714287,
      "ndcg@1": 0.55,
      "ndcg@3": 0.480153406267691,
      "hit_rate@1": 0.6,
      "recall@10": 0.638095238095238,
      "recall@1": 0.18928571428571428,
      "hit_rate@3": 0.8,
      "ndcg@10": 0.5936870721758665,
      "precision@3": 0.4333333333333333,
      "hit_rate@5": 1.0,
      "average_response_time": 0.5756964206695556,
      "queries_per_second": 1.7370266065523978
    }
  },
  "best_systems": {
    "recall@3": {
      "system": "baseline",
      "score": 0.5345238095238095
    },
    "ndcg@5": {
      "system": "baseline",
      "score": 0.7237737640164681
    },
    "mrr": {
      "system": "baseline",
      "score": 0.825
    },
    "precision@5": {
      "system": "baseline",
      "score": 0.54
    },
    "precision@10": {
      "system": "baseline",
      "score": 0.44952380952380955
    },
    "retrieval_latency": {
      "system": "chunk_500_ov40",
      "score": 0.5756964206695556
    },
    "recall@5": {
      "system": "baseline",
      "score": 0.7321428571428571
    },
    "grounding_accuracy": {
      "system": "baseline",
      "score": 1.0
    },
    "precision@1": {
      "system": "baseline",
      "score": 0.7
    },
    "hit_rate@10": {
      "system": "baseline",
      "score": 1.0
    },
    "citation_accuracy": {
      "system": "baseline",
      "score": 0.44952380952380955
    },
    "ndcg@1": {
      "system": "baseline",
      "score": 0.7
    },
    "ndcg@3": {
      "system": "baseline",
      "score": 0.6350499802054138
    },
    "hit_rate@1": {
      "system": "baseline",
      "score": 0.7
    },
    "recall@10": {
      "system": "baseline",
      "score": 0.7607142857142857
    },
    "recall@1": {
      "system": "baseline",
      "score": 0.20595238095238094
    },
    "hit_rate@3": {
      "system": "baseline",
      "score": 0.9
    },
    "ndcg@10": {
      "system": "baseline",
      "score": 0.7321099877019595
    },
    "precision@3": {
      "system": "baseline",
      "score": 0.6333333333333333
    },
    "hit_rate@5": {
      "system": "baseline",
      "score": 1.0
    },
    "average_response_time": {
      "system": "chunk_500_ov40",
      "score": 0.5756964206695556
    },
    "queries_per_second": {
      "system": "baseline",
      "score": 167.32506741985415
    }
  }
}