{
  "query_1": {
    "doc_ids": [
      "arxiv:2307.10169#methods:part-2",
      "arxiv:2307.10169#methods:part-3",
      "arxiv:2307.10169#methods:part-4",
      "arxiv:2303.18223#model:part-33",
      "arxiv:2303.18223#model:part-20",
      "arxiv:2303.18223#result:part-3",
      "arxiv:10000000_662098952474184_2584067087619170692_n#model:part-12",
      "arxiv:2307.09288#model:part-12",
      "arxiv:2303.18223#model:part-22",
      "arxiv:2303.18223#result:part-10"
    ],
    "query_time": 1.1870012283325195,
    "metadata": {
      "scores": [
        0.46413273,
        0.45818585,
        0.44520167,
        0.41867727,
        0.34782934,
        0.34069347,
        0.3268972,
        0.3268972,
        0.3244489,
        0.32033813
      ],
      "num_hits": 10
    }
  },
  "query_2": {
    "doc_ids": [
      "arxiv:2106.09685#introduction:part-4",
      "arxiv:2301.13688#related-work:part-2",
      "arxiv:2106.09685#introduction:part-5",
      "arxiv:2306.09782#introduction:part-1",
      "arxiv:2308.10792#model:part-9",
      "arxiv:2306.09782#experiment:part-1",
      "arxiv:2002.05202#introduction:part-3",
      "arxiv:2306.09782#method:part-1",
      "arxiv:2101.03961#introduction:part-1",
      "arxiv:2210.07558#model:part-2"
    ],
    "query_time": 1.19852614402771,
    "metadata": {
      "scores": [
        0.57976216,
        0.5696137,
        0.5451646,
        0.5357233,
        0.52737993,
        0.5235605,
        0.5201064,
        0.5170572,
        0.5167752,
        0.50894827
      ],
      "num_hits": 10
    }
  },
  "query_3": {
    "doc_ids": [
      "arxiv:2302.13971#introduction:part-1",
      "arxiv:333078981_693988129081760_4712707815225756708_n#introduction:part-1",
      "arxiv:2307.09288#related-work:part-1",
      "arxiv:10000000_662098952474184_2584067087619170692_n#related-work:part-1",
      "arxiv:2001.08361#model:part-5",
      "arxiv:2303.18223#introduction:part-7",
      "arxiv:2001.08361#abstract",
      "arxiv:2001.08361#model:part-2",
      "arxiv:333078981_693988129081760_4712707815225756708_n#related-work:part-2",
      "arxiv:2307.10169#conclusion"
    ],
    "query_time": 1.2434329986572266,
    "metadata": {
      "scores": [
        0.6884725,
        0.6878826,
        0.67381096,
        0.67381096,
        0.65716076,
        0.6549393,
        0.6493593,
        0.64125985,
        0.62115,
        0.6199197
      ],
      "num_hits": 10
    }
  },
  "query_4": {
    "doc_ids": [
      "arxiv:2303.18223#result:part-19",
      "arxiv:2307.10169#methods:part-38",
      "arxiv:2307.10169#methods:part-39",
      "arxiv:2303.18223#result:part-18",
      "arxiv:2308.10792#methods:part-12",
      "arxiv:2303.18223#result:part-17",
      "arxiv:2307.10169#methods:part-15",
      "arxiv:2305.14314#evaluation:part-1",
      "arxiv:2412.19437#model",
      "arxiv:2303.18223#result:part-13"
    ],
    "query_time": 0.8908650875091553,
    "metadata": {
      "scores": [
        0.64115775,
        0.6270077,
        0.5891782,
        0.57643914,
        0.5615747,
        0.55736816,
        0.5507466,
        0.55027187,
        0.5443043,
        0.5423053
      ],
      "num_hits": 10
    }
  },
  "query_5": {
    "doc_ids": [
      "arxiv:2307.10169#methods:part-6",
      "arxiv:2305.18290#related-work:part-2",
      "arxiv:2307.09288#model:part-9",
      "arxiv:10000000_662098952474184_2584067087619170692_n#model:part-9",
      "arxiv:2510.13794#background:part-1",
      "arxiv:10000000_662098952474184_2584067087619170692_n#model:part-11",
      "arxiv:2307.09288#model:part-11",
      "arxiv:2203.02155#related-work:part-1",
      "arxiv:2305.18290#experiments:part-6",
      "arxiv:2305.18290#related-work:part-3"
    ],
    "query_time": 0.5546889305114746,
    "metadata": {
      "scores": [
        0.6429291,
        0.5632062,
        0.5371729,
        0.5371729,
        0.5328868,
        0.5221219,
        0.5221219,
        0.51899755,
        0.49168384,
        0.49005106
      ],
      "num_hits": 10
    }
  },
  "query_6": {
    "doc_ids": [
      "arxiv:2307.10169#conclusion",
      "arxiv:2211.05100#model:part-5",
      "arxiv:2303.18223#model:part-9",
      "arxiv:2211.05100#abstract:part-2",
      "arxiv:2207.00112#introduction:part-1",
      "arxiv:palm2techreport#introduction:part-1",
      "arxiv:2211.05100#evaluation:part-11",
      "arxiv:2203.15556#model:part-1",
      "arxiv:2304.01373#abstract:part-2",
      "arxiv:2307.10169#introduction:part-5"
    ],
    "query_time": 0.32352685928344727,
    "metadata": {
      "scores": [
        0.7156366,
        0.62785965,
        0.622748,
        0.6005182,
        0.5896987,
        0.58578,
        0.58266586,
        0.5775151,
        0.5686188,
        0.5581052
      ],
      "num_hits": 10
    }
  },
  "query_7": {
    "doc_ids": [
      "arxiv:2303.18223#method:part-6",
      "arxiv:2312.00752#introduction:part-1",
      "arxiv:1901.02860#related-work",
      "arxiv:2307.03172#related-work",
      "arxiv:2307.03172#abstract",
      "arxiv:2312.00752#conclusion",
      "arxiv:2303.18223#method:part-8",
      "arxiv:2303.18223#model:part-32",
      "arxiv:2302.10866#introduction:part-1",
      "arxiv:2302.10866#experiments:part-2"
    ],
    "query_time": 0.12769675254821777,
    "metadata": {
      "scores": [
        0.5752479,
        0.5598581,
        0.50076807,
        0.4961029,
        0.49580938,
        0.49276823,
        0.4875707,
        0.48085368,
        0.47602513,
        0.46666715
      ],
      "num_hits": 10
    }
  },
  "query_8": {
    "doc_ids": [
      "arxiv:2310.20707#introduction:part-2",
      "arxiv:2303.18223#model:part-14",
      "arxiv:2310.20707#model:part-9",
      "arxiv:palm2techreport#evaluation:part-13",
      "arxiv:2310.20707#model:part-2",
      "arxiv:333078981_693988129081760_4712707815225756708_n#approach:part-2",
      "arxiv:2303.18223#model:part-12",
      "arxiv:2304.01373#abstract:part-12",
      "arxiv:2303.18223#model:part-11",
      "arxiv:2302.13971#approach:part-1"
    ],
    "query_time": 0.11799502372741699,
    "metadata": {
      "scores": [
        0.5812743,
        0.56642675,
        0.5649636,
        0.5628715,
        0.54423034,
        0.5143772,
        0.514065,
        0.5138422,
        0.5081593,
        0.5051159
      ],
      "num_hits": 10
    }
  },
  "query_9": {
    "doc_ids": [
      "arxiv:2307.09288#related-work:part-1",
      "arxiv:10000000_662098952474184_2584067087619170692_n#related-work:part-1",
      "arxiv:2304.00612#abstract",
      "arxiv:10000000_662098952474184_2584067087619170692_n#model:part-20",
      "arxiv:2307.09288#model:part-20",
      "arxiv:2204.06745#introduction:part-11",
      "arxiv:2211.05100#abstract:part-4",
      "arxiv:2304.01373#abstract:part-2",
      "arxiv:2211.05100#evaluation:part-1",
      "arxiv:2304.00612#introduction:part-4"
    ],
    "query_time": 0.08055710792541504,
    "metadata": {
      "scores": [
        0.48764014,
        0.48764014,
        0.43823314,
        0.41513285,
        0.41513285,
        0.40760446,
        0.40032452,
        0.39301044,
        0.39175117,
        0.39014554
      ],
      "num_hits": 10
    }
  },
  "query_10": {
    "doc_ids": [
      "arxiv:2307.10169#methods:part-7",
      "arxiv:10000000_662098952474184_2584067087619170692_n#model:part-2",
      "arxiv:2307.09288#model:part-2",
      "arxiv:2305.03047#introduction:part-3",
      "arxiv:2203.02155#model:part-3",
      "arxiv:2203.02155#model:part-10",
      "arxiv:2303.18223#model:part-5",
      "arxiv:2305.18290#related-work:part-5",
      "arxiv:2305.03047#evaluation",
      "arxiv:2305.03047#introduction:part-4"
    ],
    "query_time": 0.03267407417297363,
    "metadata": {
      "scores": [
        0.6313174,
        0.52989364,
        0.52989364,
        0.52206796,
        0.52042127,
        0.5004734,
        0.48084646,
        0.44805726,
        0.44628567,
        0.42614174
      ],