{
  "query_1": {
    "doc_ids": [
      "arxiv:2307.10169#methods:part-3",
      "arxiv:2307.10169#methods:part-4",
      "arxiv:2307.10169#methods:part-5",
      "arxiv:2303.18223#result:part-11",
      "arxiv:2307.10169#methods:part-2",
      "arxiv:2307.10169#methods:part-39",
      "arxiv:2303.18223#model:part-21",
      "arxiv:2303.18223#result:part-4",
      "arxiv:2307.10169#introduction:part-12",
      "arxiv:2510.13367#introduction:part-3",
      "arxiv:2009.06489#introduction:part-11",
      "arxiv:2309.06180#background:part-4",
      "arxiv:2510.13367#method:part-4",
      "arxiv:2510.13619#introduction:part-11",
      "arxiv:Adaptive-mixtures-of-local-experts#abstract:part-8"
    ],
    "query_time": 1.2316479682922363,
    "metadata": {
      "bi_encoder_scores": [
        0.5410123,
        0.33558333,
        0.42820287,
        0.48319343,
        0.41249898,
        0.33733717,
        0.42234114,
        0.30742443,
        0.3350786,
        0.2903619,
        0.30982107,
        0.30528182,
        0.27021855,
        0.2618852,
        0.2708255
      ],
      "rerank_scores": [
        2.7226123809814453,
        3.5778632164001465,
        -0.0007311701774597168,
        -3.4602537155151367,
        -3.000653028488159,
        -1.869721531867981,
        -6.431973457336426,
        -5.365769863128662,
        -9.87822151184082,
        -9.323661804199219,
        -9.679703712463379,
        -9.63327407836914,
        -10.515342712402344,
        -10.903658866882324,
        -11.204214096069336
      ],
      "num_initial_candidates": 100,
      "num_docs_considered": 100,
      "num_docs_reranked": 15,
      "num_final_results": 15,
      "reranked": true
    }
  },
  "query_2": {
    "doc_ids": [
      "arxiv:2106.09685#method:part-7",
      "arxiv:2306.09782#introduction:part-1",
      "arxiv:20-074#abstract:part-35",
      "arxiv:2304.01933#method:part-6",
      "arxiv:2312.09993#introduction:part-11",
      "arxiv:2301.13688#model:part-6",
      "arxiv:2306.09782#experiment:part-1",
      "arxiv:2106.09685#introduction:part-10",
      "arxiv:2101.03961#introduction:part-1",
      "arxiv:2308.10792#model:part-13",
      "arxiv:2412.10543#introduction:part-2",
      "arxiv:2001.08361#related-work:part-11",
      "arxiv:2211.09718#experiment:part-4",
      "arxiv:2412.10543#method:part-7",
      "blog:hazyresearch.stanford.edu#body:part-9"
    ],
    "query_time": 0.4924790859222412,
    "metadata": {
      "bi_encoder_scores": [
        0.56739795,
        0.53572327,
        0.5269259,
        0.53488135,
        0.50607526,
        0.4723357,
        0.5235605,
        0.5238898,
        0.51677525,
        0.4898303,
        0.5338298,
        0.50919735,
        0.4587495,
        0.4494335,
        0.50347805
      ],
      "rerank_scores": [
        3.082984447479248,
        1.9888677597045898,
        1.3265734910964966,
        -0.5820518732070923,
        -0.7543613314628601,
        -0.8189593553543091,
        -3.556138277053833,
        -3.6745054721832275,
        -4.004758834838867,
        -3.5622363090515137,
        -5.911864280700684,
        -5.798550128936768,
        -6.794981956481934,
        -6.819578170776367,
        -10.093257904052734
      ],
      "num_initial_candidates": 100,
      "num_docs_considered": 100,
      "num_docs_reranked": 15,
      "num_final_results": 15,
      "reranked": true
    }
  },
  "query_3": {
    "doc_ids": [
      "arxiv:2307.09288#related-work:part-1",
      "arxiv:2302.13971#introduction:part-1",
      "arxiv:2303.18223#introduction:part-7",
      "arxiv:2001.08361#abstract",
      "arxiv:2303.18223#introduction:part-8",
      "arxiv:2204.06745#introduction:part-1",
      "arxiv:2001.08361#related-work:part-2",
      "arxiv:2303.18223#introduction:part-9",
      "arxiv:2204.02311#related-work:part-2",
      "arxiv:1910.01108#introduction:part-1",
      "arxiv:2306.11695#introduction:part-1",
      "arxiv:2203.15556#model:part-3",
      "arxiv:2001.08361#results:part-7",
      "arxiv:2307.10169#conclusion",
      "arxiv:2001.08361#model:part-2"
    ],
    "query_time": 0.6304709911346436,
    "metadata": {
      "bi_encoder_scores": [
        0.6738109,
        0.68847257,
        0.699999,
        0.6493593,
        0.61928505,
        0.61919284,
        0.60840386,
        0.6044551,
        0.5924665,
        0.5976766,
        0.59755105,
        0.67001617,
        0.61582893,
        0.61991954,
        0.71224856
      ],
      "rerank_scores": [
        3.575730323791504,
        2.915090322494507,
        2.126102924346924,
        3.083233594894409,
        1.8638440370559692,
        1.500874638557434,
        1.0727839469909668,
        0.7445601224899292,
        0.27698931097984314,
        -0.06884627789258957,
        -0.12431901693344116,
        -1.7137913703918457,
        -0.8293578028678894,
        -1.4135804176330566,
        -3.645879030227661
      ],
      "num_initial_candidates": 100,
      "num_docs_considered": 100,
      "num_docs_reranked": 15,
      "num_final_results": 15,
      "reranked": true
    }
  },
  "query_4": {
    "doc_ids": [
      "arxiv:2303.18223#result:part-20",
      "arxiv:2303.18223#result:part-14",
      "arxiv:2303.18223#result:part-18",
      "arxiv:2303.18223#result:part-19",
      "arxiv:333078981_693988129081760_4712707815225756708_n#approach:part-6",
      "arxiv:2307.10169#methods:part-41",
      "arxiv:2501.19393#evaluation:part-1",
      "arxiv:2303.18223#introduction:part-6",
      "arxiv:2307.10169#methods:part-15",
      "arxiv:2303.18223#result:part-9",
      "arxiv:2303.18223#model:part-38",
      "arxiv:2305.14314#evaluation:part-1",
      "arxiv:2304.00612#introduction:part-9",
      "arxiv:2308.10792#model:part-13",
      "arxiv:2501.19393#abstract:part-7"
    ],
    "query_time": 0.4310488700866699,
    "metadata": {
      "bi_encoder_scores": [
        0.6913332,
        0.60270387,
        0.594893,
        0.55077285,
        0.5544716,
        0.52381206,
        0.54129356,
        0.5904597,
        0.5287876,
        0.5458989,
        0.49860138,
        0.55027187,
        0.54639286,
        0.50270027,
        0.48079947
      ],
      "rerank_scores": [
        6.814050197601318,
        4.643476486206055,
        3.2189927101135254,
        4.015843391418457,
        3.2628355026245117,
        3.0347509384155273,
        2.534599781036377,
        0.24352651834487915,
        0.820867657661438,
        -0.6508920192718506,
        0.23615485429763794,
        -2.133742332458496,
        -2.8801848888397217,
        -7.472308158874512,
        -7.201529502868652
      ],
      "num_initial_candidates": 100,
      "num_docs_considered": 100,
      "num_docs_reranked": 15,
      "num_final_results": 15,
      "reranked": true
    }
  },
  "query_5": {
    "doc_ids": [
      "arxiv:2303.18223#model:part-5",
      "arxiv:2203.02155#related-work:part-1",
      "arxiv:2307.10169#methods:part-7",
      "arxiv:2303.18223#result:part-10",
      "arxiv:2305.18290#related-work:part-2",
      "arxiv:2304.00612#introduction:part-7",
      "arxiv:2307.09288#model:part-15",
      "arxiv:2305.03047#introduction:part-4",
      "arxiv:2510.13794#background:part-1",
      "arxiv:2510.13367#abstract",
      "arxiv:2510.13704#introduction:part-1",
      "arxiv:2305.18290#related-work:part-7",
      "arxiv:2510.13358#conclusion",
      "arxiv:2510.13149#experiments:part-4",
      "arxiv:2308.10792#model:part-14"
    ],
    "query_time": 0.4020087718963623,
    "metadata": {
      "bi_encoder_scores": [
        0.5176245,
        0.5189976,
        0.51927966,
        0.49720556,
        0.54157877,
        0.4896112,
        0.50931746,
        0.47994903,
        0.53288674,
        0.48110768,
        0.47374225,
        0.4918478,
        0.46550912,
        0.4584082,
        0.4261462
      ],