{
  "query_1": {
    "doc_ids": [
      "arxiv:2307.10169#methods:part-4",
      "arxiv:2307.10169#methods:part-3",
      "arxiv:2307.10169#methods:part-5",
      "arxiv:2307.10169#methods:part-39",
      "arxiv:2307.10169#methods:part-2",
      "arxiv:2303.18223#result:part-11",
      "arxiv:2303.18223#result:part-4",
      "arxiv:2303.18223#model:part-21",
      "arxiv:2303.18223#result:part-10",
      "arxiv:2306.14048#introduction:part-2"
    ],
    "query_time": 0.48428797721862793,
    "metadata": {
      "bi_encoder_scores": [
        0.33558333,
        0.5410123,
        0.42820287,
        0.33733717,
        0.41249898,
        0.48319343,
        0.30742443,
        0.42234114,
        0.35123843,
        0.284268
      ],
      "rerank_scores": [
        3.5778634548187256,
        2.722611904144287,
        -0.0007311329245567322,
        -1.8697187900543213,
        -3.000654697418213,
        -3.4602534770965576,
        -5.365769386291504,
        -6.4319748878479,
        -7.881722450256348,
        -8.618990898132324
      ],
      "num_initial_candidates": 20,
      "num_final_results": 10,
      "reranked": true
    }
  },
  "query_2": {
    "doc_ids": [
      "arxiv:2308.10792#model:part-10",
      "arxiv:2106.09685#method:part-7",
      "arxiv:2306.09782#introduction:part-1",
      "arxiv:20-074#abstract:part-35",
      "arxiv:2307.10169#introduction:part-15",
      "arxiv:2304.01933#method:part-6",
      "arxiv:2312.09993#introduction:part-11",
      "arxiv:2301.13688#related-work:part-2",
      "arxiv:2210.07558#introduction:part-1",
      "arxiv:2306.09782#method:part-1"
    ],
    "query_time": 0.21113896369934082,
    "metadata": {
      "bi_encoder_scores": [
        0.49101043,
        0.56739795,
        0.53572327,
        0.5269259,
        0.5203523,
        0.53488135,
        0.50607526,
        0.50660735,
        0.49888307,
        0.5170573
      ],
      "rerank_scores": [
        3.824204206466675,
        3.082984447479248,
        1.9888675212860107,
        1.3265734910964966,
        0.9478060007095337,
        -0.5820519924163818,
        -0.7543613314628601,
        -1.6467878818511963,
        -2.364656925201416,
        -2.4490489959716797
      ],
      "num_initial_candidates": 20,
      "num_final_results": 10,
      "reranked": true
    }
  },
  "query_3": {
    "doc_ids": [
      "arxiv:10000000_662098952474184_2584067087619170692_n#related-work:part-1",
      "arxiv:2307.09288#related-work:part-1",
      "arxiv:2001.08361#abstract",
      "arxiv:333078981_693988129081760_4712707815225756708_n#introduction:part-1",
      "arxiv:2302.13971#introduction:part-1",
      "arxiv:2303.18223#introduction:part-7",
      "arxiv:2303.18223#introduction:part-8",
      "arxiv:333078981_693988129081760_4712707815225756708_n#related-work:part-2",
      "arxiv:2204.06745#introduction:part-1",
      "arxiv:2001.08361#related-work:part-2"
    ],
    "query_time": 0.20706796646118164,
    "metadata": {
      "bi_encoder_scores": [
        0.6738109,
        0.6738109,
        0.6493593,
        0.68788266,
        0.68847257,
        0.699999,
        0.61928505,
        0.605507,
        0.61919284,
        0.60840386
      ],
      "rerank_scores": [
        3.575730323791504,
        3.575730323791504,
        3.0832338333129883,
        2.967801570892334,
        2.915090322494507,
        2.126102924346924,
        1.8638440370559692,
        1.7600452899932861,
        1.5008747577667236,
        1.0727839469909668
      ],
      "num_initial_candidates": 20,
      "num_final_results": 10,
      "reranked": true
    }
  },
  "query_4": {
    "doc_ids": [
      "arxiv:2303.18223#result:part-20",
      "arxiv:2303.18223#result:part-14",
      "arxiv:2303.18223#result:part-19",
      "arxiv:333078981_693988129081760_4712707815225756708_n#approach:part-6",
      "arxiv:2303.18223#result:part-18",
      "arxiv:2401.04088#results",
      "arxiv:2307.10169#methods:part-41",
      "arxiv:2501.19393#evaluation:part-1",
      "arxiv:2310.06825#results",
      "arxiv:2302.13971#approach:part-6"
    ],
    "query_time": 0.20746278762817383,
    "metadata": {
      "bi_encoder_scores": [
        0.6913332,
        0.60270387,
        0.55077285,
        0.5544716,
        0.594893,
        0.52285063,
        0.52381206,
        0.54129356,
        0.5158948,
        0.5472095
      ],
      "rerank_scores": [
        6.814050197601318,
        4.643476486206055,
        4.015843391418457,
        3.2628355026245117,
        3.2189927101135254,
        3.1301608085632324,
        3.0347506999969482,
        2.534599781036377,
        2.2814624309539795,
        2.1827778816223145
      ],
      "num_initial_candidates": 20,
      "num_final_results": 10,
      "reranked": true
    }
  },
  "query_5": {
    "doc_ids": [
      "arxiv:2303.18223#model:part-5",
      "arxiv:2203.02155#related-work:part-1",
      "arxiv:2305.18290#abstract",
      "arxiv:2303.18223#result:part-10",
      "arxiv:2307.10169#methods:part-7",
      "arxiv:2305.18290#related-work:part-3",
      "arxiv:2304.00612#introduction:part-7",
      "arxiv:2305.03047#introduction:part-4",
      "arxiv:2510.13367#abstract",
      "arxiv:10000000_662098952474184_2584067087619170692_n#model:part-15"
    ],
    "query_time": 0.20306015014648438,
    "metadata": {
      "bi_encoder_scores": [
        0.5176245,
        0.5189976,
        0.47270176,
        0.49720556,
        0.51927966,
        0.4723458,
        0.4896112,
        0.47994903,
        0.48110768,
        0.50931746
      ],
      "rerank_scores": [
        4.345753192901611,
        3.7759857177734375,
        3.597839117050171,
        1.1072685718536377,
        0.9262638092041016,
        0.023922674357891083,
        -0.06313645094633102,
        -0.06509709358215332,
        -0.7106234431266785,
        -1.045419454574585
      ],
      "num_initial_candidates": 20,
      "num_final_results": 10,
      "reranked": true
    }
  },
  "query_6": {
    "doc_ids": [
      "arxiv:palm2techreport#introduction:part-1",
      "arxiv:2211.05100#model:part-5",
      "arxiv:2307.10169#conclusion",
      "arxiv:2204.02311#introduction:part-4",
      "arxiv:2211.09110#abstract",
      "arxiv:1910.01108#introduction:part-1",
      "arxiv:2308.10792#introduction:part-1",
      "arxiv:2211.05100#model:part-11",
      "arxiv:2302.14045#abstract:part-6",
      "arxiv:2211.05100#abstract:part-2"
    ],
    "query_time": 0.20674610137939453,
    "metadata": {
      "bi_encoder_scores": [
        0.5857799,
        0.62010455,
        0.7156366,
        0.5784552,
        0.542326,
        0.5503161,
        0.53756195,
        0.535639,
        0.53485787,
        0.6309767
      ],
      "rerank_scores": [
        3.2237460613250732,
        1.9543330669403076,
        1.4118812084197998,
        1.242058277130127,
        0.840480387210846,
        0.8402032852172852,
        0.014568127691745758,
        -0.3757688105106354,
        -1.2979412078857422,
        -1.4430198669433594
      ],
      "num_initial_candidates": 20,
      "num_final_results": 10,
      "reranked": true
    }
  },
  "query_7": {
    "doc_ids": [
      "arxiv:2303.18223#method:part-8",
      "arxiv:2303.18223#method:part-6",
      "arxiv:2412.19437#method:part-13",
      "arxiv:2307.03172#related-work",
      "arxiv:2303.18223#model:part-34",
      "arxiv:2307.10169#introduction:part-22",
      "arxiv:2312.00752#conclusion",
      "arxiv:1901.02860#abstract",
      "arxiv:2312.00752#introduction:part-1",
      "arxiv:1901.02860#related-work"
    ],
    "query_time": 0.20581984519958496,
    "metadata": {
      "bi_encoder_scores": [
        0.44659132,
        0.54519343,
        0.4554874,
        0.496103,
        0.49108392,
        0.4935155,
        0.49276835,
        0.44720742,
        0.5598582,
        0.5007682
      ],