{
  "query_1": {
    "doc_ids": [
      "arxiv:2307.10169#methods:part-3",
      "arxiv:2307.10169#methods:part-4",
      "arxiv:2303.18223#result:part-11",
      "arxiv:2303.18223#model:part-35",
      "arxiv:2307.10169#methods:part-2",
      "arxiv:2307.10169#methods:part-39",
      "arxiv:2412.10543#introduction:part-1",
      "arxiv:2312.07104#abstract",
      "arxiv:2307.10169#methods:part-5",
      "arxiv:2303.18223#model:part-21"
    ],
    "query_time": 0.1776583194732666,
    "metadata": {
      "bm25_scores": [
        25.503929316699683,
        27.490740880727586,
        11.542810664455498,
        23.6041471612827,
        14.446325416183688,
        16.275490335205408,
        19.496031717411995,
        21.183197647957407,
        0.0,
        0.0
      ],
      "dense_scores": [
        0.5410123,
        0.33558333,
        0.48319343,
        0.2807501,
        0.41249898,
        0.33733717,
        0.26916796,
        0.0,
        0.42820287,
        0.42234114
      ],
      "fused_scores": [
        0.947505578812162,
        0.6651891595389232,
        0.4843987737385695,
        0.473131839086597,
        0.44589506704128157,
        0.37172452927039634,
        0.34571279185966614,
        0.33334562918978244,
        0.31614170547496295,
        0.30658818073180766
      ],
      "bm25_candidates": 80,
      "dense_candidates": 80,
      "bm25_build_time": 0.20308685302734375
    }
  },
  "query_2": {
    "doc_ids": [
      "arxiv:2306.09782#introduction:part-1",
      "arxiv:2106.09685#method:part-7",
      "arxiv:2308.10792#model:part-10",
      "arxiv:2307.10169#introduction:part-15",
      "arxiv:2304.01933#method:part-6",
      "arxiv:2307.10169#introduction:part-16",
      "arxiv:2106.09685#introduction:part-10",
      "arxiv:20-074#abstract:part-35",
      "arxiv:2304.01933#method:part-1",
      "arxiv:2210.07558#introduction:part-1"
    ],
    "query_time": 0.08707118034362793,
    "metadata": {
      "bm25_scores": [
        30.904750972740143,
        26.399764621802948,
        34.405899055765516,
        28.94429774401965,
        19.44844169299559,
        27.05277754757514,
        18.562286237090184,
        18.14304969824532,
        31.063073131218545,
        20.27182149954662
      ],
      "dense_scores": [
        0.53572327,
        0.56739795,
        0.49101043,
        0.5203523,
        0.53488135,
        0.45937854,
        0.5238898,
        0.5269259,
        0.0,
        0.49888307
      ],
      "fused_scores": [
        0.8014937279772321,
        0.7822910065649398,
        0.7508780699836517,
        0.6980543632196885,
        0.4872191682698073,
        0.44776551101348283,
        0.427275501549224,
        0.42577690321016676,
        0.40909929463905526,
        0.3922082822647538
      ],
      "bm25_candidates": 80,
      "dense_candidates": 80,
      "bm25_build_time": 0.20308685302734375
    }
  },
  "query_3": {
    "doc_ids": [
      "arxiv:2303.18223#introduction:part-7",
      "arxiv:2307.10169#introduction:part-8",
      "arxiv:2303.18223#introduction:part-8",
      "arxiv:2307.09288#related-work:part-1",
      "arxiv:10000000_662098952474184_2584067087619170692_n#related-work:part-1",
      "arxiv:2302.13971#introduction:part-1",
      "arxiv:333078981_693988129081760_4712707815225756708_n#introduction:part-1",
      "arxiv:2001.08361#abstract",
      "arxiv:2001.08361#model:part-2",
      "arxiv:2303.18223#introduction:part-6"
    ],
    "query_time": 0.08219027519226074,
    "metadata": {
      "bm25_scores": [
        15.128387062511413,
        22.622682941443006,
        19.578871561438653,
        15.00613108406265,
        15.00613108406265,
        13.97126819789136,
        13.988196242474276,
        14.70174240262703,
        0.0,
        24.094525886164092
      ],
      "dense_scores": [
        0.699999,
        0.56966895,
        0.61928505,
        0.6738109,
        0.6738109,
        0.68847257,
        0.68788266,
        0.6493593,
        0.71224856,
        0.0
      ],
      "fused_scores": [
        0.636131864900084,
        0.6175067185988107,
        0.617453954969784,
        0.5714230045470127,
        0.5714230045470127,
        0.5663369253532607,
        0.5656163028346941,
        0.5038812964657697,
        0.5,
        0.5
      ],
      "bm25_candidates": 80,
      "dense_candidates": 80,
      "bm25_build_time": 0.20308685302734375
    }
  },
  "query_4": {
    "doc_ids": [
      "arxiv:2303.18223#result:part-20",
      "arxiv:2303.18223#result:part-18",
      "arxiv:2303.18223#result:part-14",
      "arxiv:2303.18223#result:part-19",
      "arxiv:2303.18223#result:part-13",
      "arxiv:333078981_693988129081760_4712707815225756708_n#approach:part-6",
      "arxiv:2302.13971#approach:part-6",
      "arxiv:2307.10169#methods:part-41",
      "arxiv:2303.18223#result:part-16",
      "arxiv:2303.18223#model:part-17"
    ],
    "query_time": 0.0697329044342041,
    "metadata": {
      "bm25_scores": [
        19.643083806658936,
        23.843642388508083,
        19.588322347347752,
        20.10250936874696,
        19.493362051933907,
        16.199211686858934,
        16.15304230719133,
        17.100162963322738,
        19.304428321137028,
        19.227604850167584
      ],
      "dense_scores": [
        0.6913332,
        0.594893,
        0.60270387,
        0.55077285,
        0.54556304,
        0.5544716,
        0.5472095,
        0.52381206,
        0.4672262,
        0.4686079
      ],
      "fused_scores": [
        0.8229447154778644,
        0.8173127934539772,
        0.6527454651613283,
        0.5760454415000342,
        0.5405006577044214,
        0.41852638973690875,
        0.4028236948878749,
        0.3984233223819559,
        0.38414311153459535,
        0.3835223323899444
      ],
      "bm25_candidates": 80,
      "dense_candidates": 80,
      "bm25_build_time": 0.20308685302734375
    }
  },
  "query_5": {
    "doc_ids": [
      "arxiv:2303.18223#model:part-5",
      "arxiv:2305.03047#introduction:part-4",
      "arxiv:2203.02155#related-work:part-1",
      "arxiv:2303.18223#result:part-10",
      "arxiv:2305.18290#abstract",
      "arxiv:2305.03047#introduction:part-2",
      "arxiv:2305.18290#related-work:part-2",
      "arxiv:2510.13794#background:part-1",
      "arxiv:2307.10169#methods:part-7",
      "arxiv:10000000_662098952474184_2584067087619170692_n#model:part-15"
    ],
    "query_time": 0.08289790153503418,
    "metadata": {
      "bm25_scores": [
        28.036959839393614,
        26.229590319808516,
        19.730728927589816,
        21.88471047060991,
        22.355755853715703,
        31.895999886266758,
        0.0,
        13.425351695032688,
        14.78989846580011,
        12.97808661792078
      ],
      "dense_scores": [
        0.5176245,
        0.47994903,
        0.5189976,
        0.49720556,
        0.47270176,
        0.0,
        0.54157877,
        0.53288674,
        0.51927966,
        0.50931746
      ],
      "fused_scores": [
        0.8195586448467773,
        0.6475512739590467,
        0.6062355661039176,
        0.5906608565721259,
        0.5219759469333668,
        0.5,
        0.5,
        0.4867864650050164,
        0.477575292612598,
        0.3971058596142524
      ],
      "bm25_candidates": 80,
      "dense_candidates": 80,
      "bm25_build_time": 0.20308685302734375
    }
  },
  "query_6": {
    "doc_ids": [
      "arxiv:2211.09110#model:part-6",
      "arxiv:2211.05100#evaluation:part-7",
      "arxiv:2307.10169#conclusion",
      "arxiv:2211.05100#evaluation:part-8",
      "arxiv:2211.05100#model:part-11",
      "arxiv:2303.18223#model:part-9",
      "arxiv:2211.09110#model:part-7",
      "arxiv:palm2techreport#introduction:part-1",
      "arxiv:2307.10169#methods:part-31",
      "arxiv:2308.10792#model:part-6"
    ],
    "query_time": 0.06796479225158691,