{
  "query_1": {
    "doc_ids": [
      "arxiv:2307.10169",
      "arxiv:2307.10169",
      "arxiv:2307.10169",
      "arxiv:2307.10169",
      "arxiv:2307.10169",
      "arxiv:2307.10169",
      "arxiv:2303.18223",
      "arxiv:2307.10169",
      "arxiv:2303.18223",
      "arxiv:2307.10169"
    ],
    "query_time": 0.05789995193481445,
    "metadata": {
      "scores": [
        0.5700947,
        0.56112987,
        0.5410124,
        0.5374947,
        0.535928,
        0.5181308,
        0.510755,
        0.50690097,
        0.50043356,
        0.4952529
      ],
      "num_hits": 10
    }
  },
  "query_2": {
    "doc_ids": [
      "arxiv:2106.09685",
      "arxiv:2308.10792",
      "arxiv:2106.09685",
      "arxiv:2304.01933",
      "arxiv:2106.09685",
      "arxiv:2306.11695",
      "arxiv:2106.09685",
      "arxiv:2305.14314",
      "arxiv:2306.09782",
      "arxiv:2207.00112"
    ],
    "query_time": 0.008656024932861328,
    "metadata": {
      "scores": [
        0.659701,
        0.59086347,
        0.5859871,
        0.5804788,
        0.57942057,
        0.57119465,
        0.56739795,
        0.55881256,
        0.55726624,
        0.55535376
      ],
      "num_hits": 10
    }
  },
  "query_3": {
    "doc_ids": [
      "arxiv:palm2techreport",
      "arxiv:2001.08361",
      "arxiv:palm2techreport",
      "arxiv:2303.18223",
      "arxiv:2001.08361",
      "arxiv:2303.18223",
      "arxiv:2307.09288",
      "arxiv:10000000_662098952474184_2584067087619170692_n",
      "arxiv:2304.01373",
      "arxiv:2302.13971"
    ],
    "query_time": 0.00942087173461914,
    "metadata": {
      "scores": [
        0.7220981,
        0.71224856,
        0.7087394,
        0.705569,
        0.70366836,
        0.6999988,
        0.6936177,
        0.6936176,
        0.6914549,
        0.6884725
      ],
      "num_hits": 10
    }
  },
  "query_4": {
    "doc_ids": [
      "arxiv:2303.18223",
      "arxiv:2303.18223",
      "arxiv:2303.18223",
      "arxiv:2303.18223",
      "arxiv:2307.10169",
      "arxiv:2303.18223",
      "arxiv:2303.18223",
      "arxiv:2307.10169",
      "arxiv:2303.18223",
      "arxiv:2303.18223"
    ],
    "query_time": 0.01036691665649414,
    "metadata": {
      "scores": [
        0.69133306,
        0.6827631,
        0.67540216,
        0.6611355,
        0.6493324,
        0.6348813,
        0.6342813,
        0.6186919,
        0.61835086,
        0.6142051
      ],
      "num_hits": 10
    }
  },
  "query_5": {
    "doc_ids": [
      "arxiv:2307.10169",
      "arxiv:2307.10169",
      "arxiv:2307.10169",
      "arxiv:2305.18290",
      "arxiv:2305.18290",
      "arxiv:2305.18290",
      "arxiv:2510.13794",
      "arxiv:2307.09288",
      "arxiv:10000000_662098952474184_2584067087619170692_n",
      "arxiv:2510.13794"
    ],
    "query_time": 0.01183319091796875,
    "metadata": {
      "scores": [
        0.6220118,
        0.5907441,
        0.5862903,
        0.580666,
        0.54157865,
        0.534093,
        0.5328868,
        0.5319928,
        0.5319928,
        0.5242982
      ],
      "num_hits": 10
    }
  },
  "query_6": {
    "doc_ids": [
      "arxiv:2307.10169",
      "arxiv:2211.09110",
      "arxiv:2304.01373",
      "arxiv:2211.05100",
      "arxiv:2211.05100",
      "arxiv:palm2techreport",
      "arxiv:palm2techreport",
      "arxiv:2211.05100",
      "arxiv:2211.05100",
      "arxiv:2211.09110"
    ],
    "query_time": 0.00866389274597168,
    "metadata": {
      "scores": [
        0.7156366,
        0.6603588,
        0.64525783,
        0.6452503,
        0.6309767,
        0.63065076,
        0.6208528,
        0.62010455,
        0.6188754,
        0.61804175
      ],
      "num_hits": 10
    }
  },
  "query_7": {
    "doc_ids": [
      "arxiv:2305.13048",
      "arxiv:2303.18223",
      "arxiv:2307.03172",
      "arxiv:2312.00752",
      "arxiv:2303.18223",
      "arxiv:1901.02860",
      "arxiv:2303.18223",
      "arxiv:2303.18223",
      "arxiv:2303.18223",
      "arxiv:2307.10169"
    ],
    "query_time": 0.007518291473388672,
    "metadata": {
      "scores": [
        0.62266636,
        0.5788399,
        0.5756944,
        0.5598581,
        0.55748016,
        0.5473689,
        0.54602945,
        0.54562545,
        0.54519343,
        0.54023266
      ],
      "num_hits": 10
    }
  },
  "query_8": {
    "doc_ids": [
      "arxiv:2310.20707",
      "arxiv:2310.20707",
      "arxiv:2303.18223",
      "arxiv:palm2techreport",
      "arxiv:2005.14165",
      "arxiv:2303.18223",
      "arxiv:2304.01373",
      "arxiv:2310.20707",
      "arxiv:2303.18223",
      "arxiv:2303.18223"
    ],
    "query_time": 0.0056650638580322266,
    "metadata": {
      "scores": [
        0.63858885,
        0.62101185,
        0.6019821,
        0.5886152,
        0.5816375,
        0.5806355,
        0.57583916,
        0.5750752,
        0.5722754,
        0.5721749
      ],
      "num_hits": 10
    }
  },
  "query_9": {
    "doc_ids": [
      "arxiv:2203.02155",
      "arxiv:2307.09288",
      "arxiv:10000000_662098952474184_2584067087619170692_n",
      "arxiv:2211.05100",
      "arxiv:2304.01373",
      "arxiv:2304.01373",
      "arxiv:2211.05100",
      "arxiv:10000000_662098952474184_2584067087619170692_n",
      "arxiv:2307.09288",
      "arxiv:2307.09288"
    ],
    "query_time": 0.01242208480834961,
    "metadata": {
      "scores": [
        0.5074836,
        0.48764014,
        0.48764014,
        0.48512742,
        0.48410478,
        0.4649021,
        0.46481392,
        0.46275252,
        0.46275246,
        0.45895296
      ],
      "num_hits": 10
    }
  },
  "query_10": {
    "doc_ids": [
      "arxiv:2203.02155",
      "arxiv:2203.02155",
      "arxiv:2305.03047",
      "arxiv:2203.02155",
      "arxiv:2203.02155",
      "arxiv:2303.18223",
      "arxiv:2203.02155",
      "arxiv:2303.18223",
      "arxiv:2307.10169",
      "arxiv:2305.03047"
    ],
    "query_time": 0.007686138153076172,
    "metadata": {
      "scores": [
        0.6386225,
        0.586452,
        0.5618184,
        0.56102157,
        0.55413353,
        0.5208961,
        0.5196829,
        0.51848465,
        0.5179631,
        0.49986574
      ],
      "num_hits": 10
    }
  }
}