{
  "system_metrics": {
    "baseline": {
      "ndcg@3": 0.6350499802054138,
      "ndcg@1": 0.7,
      "precision@10": 0.44952380952380955,
      "hit_rate@10": 1.0,
      "hit_rate@5": 1.0,
      "grounding_accuracy": 1.0,
      "precision@1": 0.7,
      "recall@3": 0.5345238095238095,
      "hit_rate@3": 0.9,
      "mrr": 0.825,
      "ndcg@10": 0.7321099877019595,
      "hit_rate@1": 0.7,
      "recall@1": 0.20595238095238094,
      "recall@5": 0.7321428571428571,
      "precision@3": 0.6333333333333333,
      "retrieval_latency": 0.005976390838623047,
      "citation_accuracy": 0.44952380952380955,
      "precision@5": 0.54,
      "ndcg@5": 0.7237737640164681,
      "recall@10": 0.7607142857142857,
      "average_response_time": 0.005976390838623047,
      "queries_per_second": 167.32506741985415
    },
    "chunk_512_ov60": {
      "ndcg@3": 0.619424072094731,
      "ndcg@1": 0.55,
      "precision@10": 0.3904761904761905,
      "hit_rate@10": 1.0,
      "hit_rate@5": 1.0,
      "grounding_accuracy": 1.0,
      "precision@1": 0.6,
      "recall@3": 0.5178571428571429,
      "hit_rate@3": 1.0,
      "mrr": 0.7666666666666667,
      "ndcg@10": 0.6711723822520459,
      "hit_rate@1": 0.6,
      "recall@1": 0.18928571428571428,
      "recall@5": 0.6654761904761904,
      "precision@3": 0.5666666666666667,
      "retrieval_latency": 0.5273108959197998,
      "citation_accuracy": 0.3904761904761905,
      "precision@5": 0.45,
      "ndcg@5": 0.6581265023765748,
      "recall@10": 0.713095238095238,
      "average_response_time": 0.5273108959197998,
      "queries_per_second": 1.8964144449465212
    }
  },
  "best_systems": {
    "ndcg@3": {
      "system": "baseline",
      "score": 0.6350499802054138
    },
    "ndcg@1": {
      "system": "baseline",
      "score": 0.7
    },
    "precision@10": {
      "system": "baseline",
      "score": 0.44952380952380955
    },
    "hit_rate@10": {
      "system": "baseline",
      "score": 1.0
    },
    "hit_rate@5": {
      "system": "baseline",
      "score": 1.0
    },
    "grounding_accuracy": {
      "system": "baseline",
      "score": 1.0
    },
    "precision@1": {
      "system": "baseline",
      "score": 0.7
    },
    "recall@3": {
      "system": "baseline",
      "score": 0.5345238095238095
    },
    "hit_rate@3": {
      "system": "chunk_512_ov60",
      "score": 1.0
    },
    "mrr": {
      "system": "baseline",
      "score": 0.825
    },
    "ndcg@10": {
      "system": "baseline",
      "score": 0.7321099877019595
    },
    "hit_rate@1": {
      "system": "baseline",
      "score": 0.7
    },
    "recall@1": {
      "system": "baseline",
      "score": 0.20595238095238094
    },
    "recall@5": {
      "system": "baseline",
      "score": 0.7321428571428571
    },
    "precision@3": {
      "system": "baseline",
      "score": 0.6333333333333333
    },
    "retrieval_latency": {
      "system": "chunk_512_ov60",
      "score": 0.5273108959197998
    },
    "citation_accuracy": {
      "system": "baseline",
      "score": 0.44952380952380955
    },
    "precision@5": {
      "system": "baseline",
      "score": 0.54
    },
    "ndcg@5": {
      "system": "baseline",
      "score": 0.7237737640164681
    },
    "recall@10": {
      "system": "baseline",
      "score": 0.7607142857142857
    },
    "average_response_time": {
      "system": "chunk_512_ov60",
      "score": 0.5273108959197998
    },
    "queries_per_second": {
      "system": "baseline",
      "score": 167.32506741985415
    }
  }
}