{
  "query_1": {
    "doc_ids": [
      "arxiv:2307.10169#methods:part-3",
      "arxiv:2307.10169#methods:part-2",
      "arxiv:2303.18223#model:part-20",
      "arxiv:2303.18223#result:part-3",
      "arxiv:2303.18223#result:part-11",
      "arxiv:2303.18223#model:part-31",
      "arxiv:2309.06180#background:part-4",
      "arxiv:2307.10169#methods:part-4",
      "arxiv:2312.00752#introduction:part-11",
      "arxiv:2309.06180#introduction:part-3"
    ],
    "query_time": 0.9396209716796875,
    "metadata": {
      "scores": [
        0.50768125,
        0.47847998,
        0.43122917,
        0.3562013,
        0.34411117,
        0.3254882,
        0.3251195,
        0.3205353,
        0.3091955,
        0.3048157
      ],
      "num_hits": 10
    }
  },
  "query_2": {
    "doc_ids": [
      "arxiv:2106.09685#introduction:part-4",
      "arxiv:2304.01933#method:part-5",
      "arxiv:2301.13688#related-work:part-2",
      "arxiv:2307.10169#introduction:part-14",
      "arxiv:2306.09782#introduction:part-1",
      "arxiv:2306.09782#experiment:part-1",
      "arxiv:2306.09782#method:part-1",
      "arxiv:2101.03961#introduction:part-1",
      "arxiv:2412.10543#introduction:part-2",
      "arxiv:2306.09782#method:part-2"
    ],
    "query_time": 0.40244507789611816,
    "metadata": {
      "scores": [
        0.5548955,
        0.54395854,
        0.53795993,
        0.53574705,
        0.5357233,
        0.5235605,
        0.5170572,
        0.5167752,
        0.51295304,
        0.50302273
      ],
      "num_hits": 10
    }
  },
  "query_3": {
    "doc_ids": [
      "arxiv:2302.13971#introduction:part-1",
      "arxiv:333078981_693988129081760_4712707815225756708_n#introduction:part-1",
      "arxiv:2001.08361#model:part-2",
      "arxiv:10000000_662098952474184_2584067087619170692_n#related-work:part-1",
      "arxiv:2307.09288#related-work:part-1",
      "arxiv:2304.01373#abstract:part-4",
      "arxiv:2001.08361#related-work:part-2",
      "arxiv:2001.08361#abstract",
      "arxiv:2001.08361#results:part-7",
      "arxiv:2203.15556#model:part-3"
    ],
    "query_time": 0.17838001251220703,
    "metadata": {
      "scores": [
        0.6884725,
        0.6878826,
        0.6807278,
        0.67381096,
        0.67381096,
        0.66328484,
        0.65000415,
        0.6493593,
        0.63750356,
        0.62175834
      ],
      "num_hits": 10
    }
  },
  "query_4": {
    "doc_ids": [
      "arxiv:2303.18223#result:part-19",
      "arxiv:2303.18223#result:part-18",
      "arxiv:2307.10169#methods:part-15",
      "arxiv:2305.14314#evaluation:part-1",
      "arxiv:2303.18223#result:part-12",
      "arxiv:2304.00612#introduction:part-11",
      "arxiv:2412.19437#model",
      "arxiv:2501.19393#evaluation:part-1",
      "arxiv:2303.18223#introduction:part-10",
      "arxiv:2303.18223#model:part-27"
    ],
    "query_time": 0.09187197685241699,
    "metadata": {
      "scores": [
        0.69341016,
        0.6866672,
        0.5716602,
        0.55027187,
        0.54625404,
        0.5456333,
        0.5443043,
        0.5412934,
        0.5333103,
        0.5235937
      ],
      "num_hits": 10
    }
  },
  "query_5": {
    "doc_ids": [
      "arxiv:2307.10169#methods:part-6",
      "arxiv:2305.18290#related-work:part-2",
      "arxiv:2307.10169#methods:part-7",
      "arxiv:2510.13794#background:part-1",
      "arxiv:2303.18223#approach:part-8",
      "arxiv:2203.02155#related-work:part-1",
      "arxiv:2303.18223#model:part-5",
      "arxiv:2510.13704#introduction:part-13",
      "arxiv:2305.18290#related-work:part-3",
      "arxiv:10000000_662098952474184_2584067087619170692_n#model:part-11"
    ],
    "query_time": 0.28538084030151367,
    "metadata": {
      "scores": [
        0.6049631,
        0.57846165,
        0.5565196,
        0.5328868,
        0.5301874,
        0.51899755,
        0.4963358,
        0.48938242,
        0.4873268,
        0.48575616
      ],
      "num_hits": 10
    }
  },
  "query_6": {
    "doc_ids": [
      "arxiv:2307.10169#conclusion",
      "arxiv:2211.05100#model:part-5",
      "arxiv:2211.05100#abstract:part-2",
      "arxiv:2412.19437#method:part-13",
      "arxiv:2207.00112#introduction:part-1",
      "arxiv:palm2techreport#introduction:part-1",
      "arxiv:2304.01373#abstract:part-5",
      "arxiv:2203.15556#model:part-1",
      "arxiv:2304.01373#abstract:part-4",
      "arxiv:2211.09110#model:part-6"
    ],
    "query_time": 0.28919005393981934,
    "metadata": {
      "scores": [
        0.7156366,
        0.63300955,
        0.6047176,
        0.59034926,
        0.5896987,
        0.58578,
        0.5852448,
        0.5775151,
        0.5729654,
        0.5658153
      ],
      "num_hits": 10
    }
  },
  "query_7": {
    "doc_ids": [
      "arxiv:2303.18223#method:part-6",
      "arxiv:2312.00752#introduction:part-1",
      "arxiv:2307.03172#introduction:part-6",
      "arxiv:2312.00752#introduction:part-11",
      "arxiv:2307.10169#introduction:part-21",
      "arxiv:1901.02860#related-work",
      "arxiv:2307.03172#related-work",
      "arxiv:2307.03172#abstract",
      "arxiv:2312.00752#conclusion",
      "arxiv:2303.18223#method:part-8"
    ],
    "query_time": 0.7822060585021973,
    "metadata": {
      "scores": [
        0.61363184,
        0.5598581,
        0.5480069,
        0.5297358,
        0.52389824,
        0.50076807,
        0.4961029,
        0.49580938,
        0.49276823,
        0.4899868
      ],
      "num_hits": 10
    }
  },
  "query_8": {
    "doc_ids": [
      "arxiv:2303.18223#model:part-18",
      "arxiv:2310.20707#introduction:part-2",
      "arxiv:2303.18223#model:part-12",
      "arxiv:2005.14165#approach:part-5",
      "arxiv:palm2techreport#evaluation:part-13",
      "arxiv:2310.20707#model:part-2",
      "arxiv:2310.20707#model:part-9",
      "arxiv:palm2techreport#evaluation:part-14",
      "arxiv:2310.20707#model:part-10",
      "arxiv:2302.13971#approach:part-1"
    ],
    "query_time": 1.3757240772247314,
    "metadata": {
      "scores": [
        0.6242579,
        0.5844213,
        0.5453671,
        0.54421365,
        0.525478,
        0.52434784,
        0.5227798,
        0.5150052,
        0.5097495,
        0.5051159
      ],
      "num_hits": 10
    }
  },
  "query_9": {
    "doc_ids": [
      "arxiv:2307.09288#related-work:part-1",
      "arxiv:10000000_662098952474184_2584067087619170692_n#related-work:part-1",
      "arxiv:2304.01373#abstract:part-2",
      "arxiv:2204.06745#introduction:part-11",
      "arxiv:2211.05100#model:part-2",
      "arxiv:2211.09110#introduction:part-12",
      "arxiv:2304.00612#abstract",
      "arxiv:2310.20707#model:part-12",
      "arxiv:2211.05100#abstract:part-4",
      "arxiv:2211.05100#evaluation:part-1"
    ],
    "query_time": 0.8610000610351562,
    "metadata": {
      "scores": [
        0.48764014,
        0.48764014,
        0.45204657,
        0.44786456,
        0.44518813,
        0.44197887,
        0.43823314,
        0.43393105,
        0.41682464,
        0.39175117
      ],
      "num_hits": 10
    }
  },
  "query_10": {
    "doc_ids": [
      "arxiv:2307.10169#methods:part-7",
      "arxiv:2303.18223#model:part-34",
      "arxiv:2303.18223#model:part-5",
      "arxiv:2203.02155#model:part-6",
      "arxiv:2203.02155#model:part-10",
      "arxiv:2203.02155#model:part-3",
      "arxiv:2305.03047#evaluation",
      "arxiv:2305.03047#introduction:part-3",
      "arxiv:2307.10169#methods:part-5",
      "arxiv:10000000_662098952474184_2584067087619170692_n#model:part-2"
    ],
    "query_time": 0.06728982925415039,
    "metadata": {
      "scores": [
        0.5543956,
        0.5505198,
        0.49310112,
        0.48145324,
        0.46489605,
        0.45299596,
        0.44628567,
        0.44155896,
        0.4385603,
        0.41287634
      ],
      "num_hits": 10
    }
  }
}