{
  "system_metrics": {
    "baseline": {
      "ndcg@5": 0.7237737640164681,
      "citation_accuracy": 0.44952380952380955,
      "precision@3": 0.6333333333333333,
      "recall@5": 0.7321428571428571,
      "recall@10": 0.7607142857142857,
      "grounding_accuracy": 1.0,
      "hit_rate@3": 0.9,
      "ndcg@1": 0.7,
      "recall@1": 0.20595238095238094,
      "retrieval_latency": 0.005976390838623047,
      "precision@10": 0.44952380952380955,
      "ndcg@3": 0.6350499802054138,
      "recall@3": 0.5345238095238095,
      "precision@5": 0.54,
      "hit_rate@1": 0.7,
      "mrr": 0.825,
      "hit_rate@5": 1.0,
      "hit_rate@10": 1.0,
      "ndcg@10": 0.7321099877019595,
      "precision@1": 0.7,
      "average_response_time": 0.005976390838623047,
      "queries_per_second": 167.32506741985415
    },
    "bm25_only": {
      "ndcg@5": 0.35483476527508967,
      "citation_accuracy": 0.4333333333333333,
      "precision@3": 0.4333333333333333,
      "recall@5": 0.32261904761904764,
      "recall@10": 0.32261904761904764,
      "grounding_accuracy": 1.0,
      "hit_rate@3": 0.8,
      "ndcg@1": 0.35,
      "recall@1": 0.11428571428571428,
      "retrieval_latency": 2.0593714475631715,
      "precision@10": 0.4333333333333333,
      "ndcg@3": 0.361328705801118,
      "recall@3": 0.32261904761904764,
      "precision@5": 0.4333333333333333,
      "hit_rate@1": 0.4,
      "mrr": 0.5833333333333333,
      "hit_rate@5": 0.8,
      "hit_rate@10": 0.8,
      "ndcg@10": 0.3524815963452027,
      "precision@1": 0.4,
      "average_response_time": 2.0593714475631715,
      "queries_per_second": 0.4855850561506461
    }
  },
  "best_systems": {
    "ndcg@5": {
      "system": "baseline",
      "score": 0.7237737640164681
    },
    "citation_accuracy": {
      "system": "baseline",
      "score": 0.44952380952380955
    },
    "precision@3": {
      "system": "baseline",
      "score": 0.6333333333333333
    },
    "recall@5": {
      "system": "baseline",
      "score": 0.7321428571428571
    },
    "recall@10": {
      "system": "baseline",
      "score": 0.7607142857142857
    },
    "grounding_accuracy": {
      "system": "baseline",
      "score": 1.0
    },
    "hit_rate@3": {
      "system": "baseline",
      "score": 0.9
    },
    "ndcg@1": {
      "system": "baseline",
      "score": 0.7
    },
    "recall@1": {
      "system": "baseline",
      "score": 0.20595238095238094
    },
    "retrieval_latency": {
      "system": "bm25_only",
      "score": 2.0593714475631715
    },
    "precision@10": {
      "system": "baseline",
      "score": 0.44952380952380955
    },
    "ndcg@3": {
      "system": "baseline",
      "score": 0.6350499802054138
    },
    "recall@3": {
      "system": "baseline",
      "score": 0.5345238095238095
    },
    "precision@5": {
      "system": "baseline",
      "score": 0.54
    },
    "hit_rate@1": {
      "system": "baseline",
      "score": 0.7
    },
    "mrr": {
      "system": "baseline",
      "score": 0.825
    },
    "hit_rate@5": {
      "system": "baseline",
      "score": 1.0
    },
    "hit_rate@10": {
      "system": "baseline",
      "score": 1.0
    },
    "ndcg@10": {
      "system": "baseline",
      "score": 0.7321099877019595
    },
    "precision@1": {
      "system": "baseline",
      "score": 0.7
    },
    "average_response_time": {
      "system": "bm25_only",
      "score": 2.0593714475631715
    },
    "queries_per_second": {
      "system": "baseline",
      "score": 167.32506741985415
    }
  }
}