{
  "system_metrics": {
    "baseline": {
      "precision@1": 0.7,
      "recall@1": 0.20595238095238094,
      "precision@5": 0.54,
      "precision@3": 0.6333333333333333,
      "grounding_accuracy": 1.0,
      "hit_rate@1": 0.7,
      "retrieval_latency": 0.005976390838623047,
      "ndcg@5": 0.7237737640164681,
      "citation_accuracy": 0.44952380952380955,
      "hit_rate@3": 0.9,
      "ndcg@10": 0.7321099877019595,
      "precision@10": 0.44952380952380955,
      "recall@5": 0.7321428571428571,
      "hit_rate@5": 1.0,
      "mrr": 0.825,
      "ndcg@1": 0.7,
      "hit_rate@10": 1.0,
      "recall@3": 0.5345238095238095,
      "ndcg@3": 0.6350499802054138,
      "recall@10": 0.7607142857142857,
      "average_response_time": 0.005976390838623047,
      "queries_per_second": 167.32506741985415
    },
    "fusion_rrf": {
      "precision@1": 0.6,
      "recall@1": 0.1976190476190476,
      "precision@5": 0.36,
      "precision@3": 0.4333333333333333,
      "grounding_accuracy": 1.0,
      "hit_rate@1": 0.6,
      "retrieval_latency": 1.2186298370361328,
      "ndcg@5": 0.5264390618173087,
      "citation_accuracy": 0.2665384615384615,
      "hit_rate@3": 0.8,
      "ndcg@10": 0.6528953952696405,
      "precision@10": 0.295,
      "recall@5": 0.5488095238095239,
      "hit_rate@5": 0.8,
      "mrr": 0.7253968253968254,
      "ndcg@1": 0.45,
      "hit_rate@10": 1.0,
      "recall@3": 0.42023809523809524,
      "ndcg@3": 0.4539411734281001,
      "recall@10": 0.8440476190476189,
      "average_response_time": 1.2186298370361328,
      "queries_per_second": 0.8205937271584707
    }
  },
  "best_systems": {
    "precision@1": {
      "system": "baseline",
      "score": 0.7
    },
    "recall@1": {
      "system": "baseline",
      "score": 0.20595238095238094
    },
    "precision@5": {
      "system": "baseline",
      "score": 0.54
    },
    "precision@3": {
      "system": "baseline",
      "score": 0.6333333333333333
    },
    "grounding_accuracy": {
      "system": "baseline",
      "score": 1.0
    },
    "hit_rate@1": {
      "system": "baseline",
      "score": 0.7
    },
    "retrieval_latency": {
      "system": "fusion_rrf",
      "score": 1.2186298370361328
    },
    "ndcg@5": {
      "system": "baseline",
      "score": 0.7237737640164681
    },
    "citation_accuracy": {
      "system": "baseline",
      "score": 0.44952380952380955
    },
    "hit_rate@3": {
      "system": "baseline",
      "score": 0.9
    },
    "ndcg@10": {
      "system": "baseline",
      "score": 0.7321099877019595
    },
    "precision@10": {
      "system": "baseline",
      "score": 0.44952380952380955
    },
    "recall@5": {
      "system": "baseline",
      "score": 0.7321428571428571
    },
    "hit_rate@5": {
      "system": "baseline",
      "score": 1.0
    },
    "mrr": {
      "system": "baseline",
      "score": 0.825
    },
    "ndcg@1": {
      "system": "baseline",
      "score": 0.7
    },
    "hit_rate@10": {
      "system": "baseline",
      "score": 1.0
    },
    "recall@3": {
      "system": "baseline",
      "score": 0.5345238095238095
    },
    "ndcg@3": {
      "system": "baseline",
      "score": 0.6350499802054138
    },
    "recall@10": {
      "system": "fusion_rrf",
      "score": 0.8440476190476189
    },
    "average_response_time": {
      "system": "fusion_rrf",
      "score": 1.2186298370361328
    },
    "queries_per_second": {
      "system": "baseline",
      "score": 167.32506741985415
    }
  }
}