{
  "system_metrics": {
    "baseline": {
      "hit_rate@5": 1.0,
      "hit_rate@10": 1.0,
      "recall@5": 0.7321428571428571,
      "hit_rate@3": 0.9,
      "hit_rate@1": 0.7,
      "ndcg@5": 0.7237737640164681,
      "precision@10": 0.44952380952380955,
      "grounding_accuracy": 1.0,
      "precision@1": 0.7,
      "recall@1": 0.20595238095238094,
      "mrr": 0.825,
      "citation_accuracy": 0.44952380952380955,
      "ndcg@3": 0.6350499802054138,
      "ndcg@10": 0.7321099877019595,
      "precision@5": 0.54,
      "retrieval_latency": 0.005976390838623047,
      "ndcg@1": 0.7,
      "precision@3": 0.6333333333333333,
      "recall@10": 0.7607142857142857,
      "recall@3": 0.5345238095238095,
      "average_response_time": 0.005976390838623047,
      "queries_per_second": 167.32506741985415
    },
    "fusion_weighted": {
      "hit_rate@5": 0.9,
      "hit_rate@10": 1.0,
      "recall@5": 0.6071428571428571,
      "hit_rate@3": 0.8,
      "hit_rate@1": 0.4,
      "ndcg@5": 0.5368431612329709,
      "precision@10": 0.2919047619047619,
      "grounding_accuracy": 1.0,
      "precision@1": 0.4,
      "recall@1": 0.11428571428571428,
      "mrr": 0.6176190476190476,
      "citation_accuracy": 0.2669513819513819,
      "ndcg@3": 0.3980839412337256,
      "ndcg@10": 0.6363762533482153,
      "precision@5": 0.4,
      "retrieval_latency": 1.6571853399276733,
      "ndcg@1": 0.35,
      "precision@3": 0.4,
      "recall@10": 0.8440476190476189,
      "recall@3": 0.3702380952380952,
      "average_response_time": 1.6571853399276733,
      "queries_per_second": 0.6034328061601392
    }
  },
  "best_systems": {
    "hit_rate@5": {
      "system": "baseline",
      "score": 1.0
    },
    "hit_rate@10": {
      "system": "baseline",
      "score": 1.0
    },
    "recall@5": {
      "system": "baseline",
      "score": 0.7321428571428571
    },
    "hit_rate@3": {
      "system": "baseline",
      "score": 0.9
    },
    "hit_rate@1": {
      "system": "baseline",
      "score": 0.7
    },
    "ndcg@5": {
      "system": "baseline",
      "score": 0.7237737640164681
    },
    "precision@10": {
      "system": "baseline",
      "score": 0.44952380952380955
    },
    "grounding_accuracy": {
      "system": "baseline",
      "score": 1.0
    },
    "precision@1": {
      "system": "baseline",
      "score": 0.7
    },
    "recall@1": {
      "system": "baseline",
      "score": 0.20595238095238094
    },
    "mrr": {
      "system": "baseline",
      "score": 0.825
    },
    "citation_accuracy": {
      "system": "baseline",
      "score": 0.44952380952380955
    },
    "ndcg@3": {
      "system": "baseline",
      "score": 0.6350499802054138
    },
    "ndcg@10": {
      "system": "baseline",
      "score": 0.7321099877019595
    },
    "precision@5": {
      "system": "baseline",
      "score": 0.54
    },
    "retrieval_latency": {
      "system": "fusion_weighted",
      "score": 1.6571853399276733
    },
    "ndcg@1": {
      "system": "baseline",
      "score": 0.7
    },
    "precision@3": {
      "system": "baseline",
      "score": 0.6333333333333333
    },
    "recall@10": {
      "system": "fusion_weighted",
      "score": 0.8440476190476189
    },
    "recall@3": {
      "system": "baseline",
      "score": 0.5345238095238095
    },
    "average_response_time": {
      "system": "fusion_weighted",
      "score": 1.6571853399276733
    },
    "queries_per_second": {
      "system": "baseline",
      "score": 167.32506741985415
    }
  }
}