{
  "query_1": {
    "doc_ids": [
      "arxiv:2307.10169#methods:part-3",
      "arxiv:2303.18223#result:part-11",
      "arxiv:2307.10169#methods:part-2",
      "arxiv:2307.10169#methods:part-5",
      "arxiv:2303.18223#model:part-23",
      "arxiv:2303.18223#model:part-21",
      "arxiv:2303.18223#result:part-10",
      "arxiv:2309.06180#background:part-4",
      "arxiv:2303.18223#result:part-3",
      "arxiv:2307.10169#methods:part-4"
    ],
    "query_time": 1.2045600414276123,
    "metadata": {
      "scores": [
        0.534732,
        0.50921834,
        0.46287113,
        0.44645342,
        0.3694883,
        0.32931325,
        0.31380928,
        0.31275147,
        0.30795193,
        0.30764124
      ],
      "num_hits": 10
    }
  },
  "query_2": {
    "doc_ids": [
      "arxiv:2106.09685#method:part-7",
      "arxiv:2304.01933#method:part-5",
      "arxiv:2306.09782#introduction:part-1",
      "arxiv:2412.10543#introduction:part-2",
      "arxiv:2306.09782#experiment:part-1",
      "arxiv:2306.09782#method:part-1",
      "arxiv:2101.03961#introduction:part-1",
      "arxiv:2308.10792#model:part-10",
      "arxiv:2301.13688#related-work:part-2",
      "arxiv:2210.07558#introduction:part-1"
    ],
    "query_time": 0.5019161701202393,
    "metadata": {
      "scores": [
        0.56803554,
        0.53727406,
        0.5357233,
        0.5318636,
        0.5235605,
        0.5170572,
        0.5167752,
        0.5145408,
        0.5082208,
        0.4988831
      ],
      "num_hits": 10
    }
  },
  "query_3": {
    "doc_ids": [
      "arxiv:2303.18223#introduction:part-7",
      "arxiv:2302.13971#introduction:part-1",
      "arxiv:333078981_693988129081760_4712707815225756708_n#introduction:part-1",
      "arxiv:2001.08361#model:part-2",
      "arxiv:2307.09288#related-work:part-1",
      "arxiv:10000000_662098952474184_2584067087619170692_n#related-work:part-1",
      "arxiv:2303.18223#introduction:part-8",
      "arxiv:2001.08361#model:part-5",
      "arxiv:2001.08361#abstract",
      "arxiv:2203.15556#model:part-2"
    ],
    "query_time": 1.2852461338043213,
    "metadata": {
      "scores": [
        0.6964487,
        0.6884725,
        0.6878826,
        0.6811434,
        0.67381096,
        0.67381096,
        0.6536828,
        0.6519488,
        0.6493593,
        0.63692963
      ],
      "num_hits": 10
    }
  },
  "query_4": {
    "doc_ids": [
      "arxiv:2303.18223#result:part-20",
      "arxiv:2307.10169#methods:part-14",
      "arxiv:2303.18223#result:part-19",
      "arxiv:2303.18223#result:part-9",
      "arxiv:2303.18223#result:part-15",
      "arxiv:2307.10169#methods:part-15",
      "arxiv:2303.18223#result:part-14",
      "arxiv:2307.10169#methods:part-8",
      "arxiv:2302.13971#approach:part-6",
      "arxiv:333078981_693988129081760_4712707815225756708_n#approach:part-6"
    ],
    "query_time": 0.91615891456604,
    "metadata": {
      "scores": [
        0.65762997,
        0.62323797,
        0.5869942,
        0.57549804,
        0.5714828,
        0.5689617,
        0.5689106,
        0.559941,
        0.5542266,
        0.5519141
      ],
      "num_hits": 10
    }
  },
  "query_5": {
    "doc_ids": [
      "arxiv:2307.10169#methods:part-7",
      "arxiv:2305.18290#related-work:part-2",
      "arxiv:2510.13794#background:part-1",
      "arxiv:2303.18223#model:part-5",
      "arxiv:2203.02155#related-work:part-1",
      "arxiv:2305.18290#related-work:part-3",
      "arxiv:2305.18290#related-work:part-7",
      "arxiv:2510.13367#abstract",
      "arxiv:2510.13626#related-work",
      "arxiv:2305.18290#experiments:part-6"
    ],
    "query_time": 0.5549430847167969,
    "metadata": {
      "scores": [
        0.5664613,
        0.561802,
        0.5328868,
        0.5272568,
        0.51899755,
        0.50647646,
        0.481968,
        0.48110765,
        0.47885683,
        0.47473016
      ],
      "num_hits": 10
    }
  },
  "query_6": {
    "doc_ids": [
      "arxiv:2307.10169#conclusion",
      "arxiv:2211.09110#model:part-6",
      "arxiv:2211.05100#abstract:part-2",
      "arxiv:2207.00112#introduction:part-1",
      "arxiv:palm2techreport#introduction:part-1",
      "arxiv:2204.02311#introduction:part-4",
      "arxiv:2305.07185#model:part-8",
      "arxiv:2203.15556#model:part-1",
      "arxiv:2211.05100#evaluation:part-8",
      "arxiv:2001.08361#model:part-2"
    ],
    "query_time": 0.35910916328430176,
    "metadata": {
      "scores": [
        0.7156366,
        0.63012344,
        0.5997035,
        0.5896987,
        0.58578,
        0.5819819,
        0.58016914,
        0.5775151,
        0.5772115,
        0.5632427
      ],
      "num_hits": 10
    }
  },
  "query_7": {
    "doc_ids": [
      "arxiv:2303.18223#method:part-6",
      "arxiv:2312.00752#introduction:part-1",
      "arxiv:2303.18223#model:part-18",
      "arxiv:1901.02860#related-work",
      "arxiv:2307.10169#introduction:part-25",
      "arxiv:2307.03172#related-work",
      "arxiv:2307.03172#abstract",
      "arxiv:2312.00752#conclusion",
      "arxiv:2307.03172#introduction:part-6",
      "arxiv:2302.10866#introduction:part-1"
    ],
    "query_time": 0.12017989158630371,
    "metadata": {
      "scores": [
        0.57313746,
        0.5598581,
        0.5151231,
        0.50076807,
        0.5004612,
        0.4961029,
        0.49580938,
        0.49276823,
        0.48181835,
        0.47602513
      ],
      "num_hits": 10
    }
  },
  "query_8": {
    "doc_ids": [
      "arxiv:2310.20707#introduction:part-2",
      "arxiv:2307.09288#model:part-20",
      "arxiv:10000000_662098952474184_2584067087619170692_n#model:part-20",
      "arxiv:2310.20707#model:part-12",
      "arxiv:palm2techreport#evaluation:part-16",
      "arxiv:2303.18223#model:part-11",
      "arxiv:333078981_693988129081760_4712707815225756708_n#approach:part-2",
      "arxiv:2310.20707#model:part-10",
      "arxiv:2310.20707#model:part-7",
      "arxiv:2303.18223#model:part-12"
    ],
    "query_time": 0.14362001419067383,
    "metadata": {
      "scores": [
        0.5448817,
        0.54041374,
        0.54041374,
        0.53699166,
        0.5293633,
        0.52744615,
        0.5263469,
        0.524858,
        0.5227248,
        0.5200796
      ],
      "num_hits": 10
    }
  },
  "query_9": {
    "doc_ids": [
      "arxiv:2307.09288#related-work:part-1",
      "arxiv:10000000_662098952474184_2584067087619170692_n#related-work:part-1",
      "arxiv:2211.05100#model:part-2",
      "arxiv:2304.01373#abstract:part-2",
      "arxiv:2304.00612#abstract",
      "arxiv:2205.14135#model:part-3",
      "arxiv:2211.05100#abstract:part-4",
      "arxiv:2211.05100#evaluation:part-1",
      "arxiv:2203.02155#model:part-12",
      "arxiv:2211.05100#evaluation:part-4"
    ],
    "query_time": 0.08058500289916992,
    "metadata": {
      "scores": [
        0.48764014,
        0.48764014,
        0.46585447,
        0.45059937,
        0.43823314,
        0.40084922,
        0.3976314,
        0.39175117,
        0.39103857,
        0.3862357
      ],
      "num_hits": 10
    }
  },
  "query_10": {
    "doc_ids": [
      "arxiv:2203.02155#model:part-6",
      "arxiv:2303.18223#model:part-35",
      "arxiv:2307.10169#methods:part-7",
      "arxiv:2303.18223#model:part-5",
      "arxiv:2305.03047#evaluation",
      "arxiv:10000000_662098952474184_2584067087619170692_n#model:part-2",
      "arxiv:2307.09288#model:part-2",
      "arxiv:2303.18223#result:part-16",
      "arxiv:2305.03047#introduction:part-3",
      "arxiv:2203.02155#introduction"
    ],
    "query_time": 0.03591799736022949,
    "metadata": {
      "scores": [
        0.62937135,
        0.5279263,
        0.5040571,
        0.46328935,
        0.44628567,
        0.44249558,
        0.44249558,
        0.44087708,
        0.4284556,
        0.39532125
      ],
      "num_hits": 10
    }
  }
}