{
  "system_metrics": {
    "baseline": {
      "ndcg@10": 0.7321099877019595,
      "ndcg@1": 0.7,
      "citation_accuracy": 0.44952380952380955,
      "recall@1": 0.20595238095238094,
      "retrieval_latency": 0.005976390838623047,
      "hit_rate@3": 0.9,
      "ndcg@3": 0.6350499802054138,
      "hit_rate@5": 1.0,
      "precision@10": 0.44952380952380955,
      "hit_rate@10": 1.0,
      "hit_rate@1": 0.7,
      "ndcg@5": 0.7237737640164681,
      "recall@10": 0.7607142857142857,
      "precision@3": 0.6333333333333333,
      "precision@5": 0.54,
      "recall@3": 0.5345238095238095,
      "mrr": 0.825,
      "grounding_accuracy": 1.0,
      "recall@5": 0.7321428571428571,
      "precision@1": 0.7,
      "average_response_time": 0.005976390838623047,
      "queries_per_second": 167.32506741985415
    },
    "chunk_400_ov60": {
      "ndcg@10": 0.5497627454791507,
      "ndcg@1": 0.4,
      "citation_accuracy": 0.35484126984126985,
      "recall@1": 0.14166666666666666,
      "retrieval_latency": 0.4469536066055298,
      "hit_rate@3": 0.8,
      "ndcg@3": 0.43256404098526396,
      "hit_rate@5": 1.0,
      "precision@10": 0.35484126984126985,
      "hit_rate@10": 1.0,
      "hit_rate@1": 0.4,
      "ndcg@5": 0.4996107757400086,
      "recall@10": 0.613095238095238,
      "precision@3": 0.4,
      "precision@5": 0.355,
      "recall@3": 0.37857142857142856,
      "mrr": 0.6233333333333333,
      "grounding_accuracy": 1.0,
      "recall@5": 0.5178571428571429,
      "precision@1": 0.4,
      "average_response_time": 0.4469536066055298,
      "queries_per_second": 2.2373686781379423
    }
  },
  "best_systems": {
    "ndcg@10": {
      "system": "baseline",
      "score": 0.7321099877019595
    },
    "ndcg@1": {
      "system": "baseline",
      "score": 0.7
    },
    "citation_accuracy": {
      "system": "baseline",
      "score": 0.44952380952380955
    },
    "recall@1": {
      "system": "baseline",
      "score": 0.20595238095238094
    },
    "retrieval_latency": {
      "system": "chunk_400_ov60",
      "score": 0.4469536066055298
    },
    "hit_rate@3": {
      "system": "baseline",
      "score": 0.9
    },
    "ndcg@3": {
      "system": "baseline",
      "score": 0.6350499802054138
    },
    "hit_rate@5": {
      "system": "baseline",
      "score": 1.0
    },
    "precision@10": {
      "system": "baseline",
      "score": 0.44952380952380955
    },
    "hit_rate@10": {
      "system": "baseline",
      "score": 1.0
    },
    "hit_rate@1": {
      "system": "baseline",
      "score": 0.7
    },
    "ndcg@5": {
      "system": "baseline",
      "score": 0.7237737640164681
    },
    "recall@10": {
      "system": "baseline",
      "score": 0.7607142857142857
    },
    "precision@3": {
      "system": "baseline",
      "score": 0.6333333333333333
    },
    "precision@5": {
      "system": "baseline",
      "score": 0.54
    },
    "recall@3": {
      "system": "baseline",
      "score": 0.5345238095238095
    },
    "mrr": {
      "system": "baseline",
      "score": 0.825
    },
    "grounding_accuracy": {
      "system": "baseline",
      "score": 1.0
    },
    "recall@5": {
      "system": "baseline",
      "score": 0.7321428571428571
    },
    "precision@1": {
      "system": "baseline",
      "score": 0.7
    },
    "average_response_time": {
      "system": "chunk_400_ov60",
      "score": 0.4469536066055298
    },
    "queries_per_second": {
      "system": "baseline",
      "score": 167.32506741985415
    }
  }
}