{
  "query_results": {
    "query_1": {
      "precision@1": 1.0,
      "recall@1": 0.5,
      "ndcg@1": 1.0,
      "hit_rate@1": 1.0,
      "precision@3": 0.6666666666666666,
      "recall@3": 1.0,
      "ndcg@3": 1.0,
      "hit_rate@3": 1.0,
      "precision@5": 0.6666666666666666,
      "recall@5": 1.0,
      "ndcg@5": 1.0,
      "hit_rate@5": 1.0,
      "precision@10": 0.6666666666666666,
      "recall@10": 1.0,
      "ndcg@10": 1.0,
      "hit_rate@10": 1.0,
      "mrr": 1.0,
      "retrieval_latency": 0.115,
      "grounding_accuracy": 1.0,
      "citation_accuracy": 0.6666666666666666
    },
    "query_2": {
      "precision@1": 1.0,
      "recall@1": 0.5,
      "ndcg@1": 1.0,
      "hit_rate@1": 1.0,
      "precision@3": 0.6666666666666666,
      "recall@3": 1.0,
      "ndcg@3": 1.0,
      "hit_rate@3": 1.0,
      "precision@5": 0.6666666666666666,
      "recall@5": 1.0,
      "ndcg@5": 1.0,
      "hit_rate@5": 1.0,
      "precision@10": 0.6666666666666666,
      "recall@10": 1.0,
      "ndcg@10": 1.0,
      "hit_rate@10": 1.0,
      "mrr": 1.0,
      "retrieval_latency": 0.10200000000000001,
      "grounding_accuracy": 0.6666666666666666,
      "citation_accuracy": 0.6666666666666666
    }
  },
  "aggregated_metrics": {
    "mrr": 1.0,
    "hit_rate@5": 1.0,
    "hit_rate@1": 1.0,
    "grounding_accuracy": 0.8333333333333333,
    "ndcg@5": 1.0,
    "ndcg@10": 1.0,
    "precision@10": 0.6666666666666666,
    "precision@1": 1.0,
    "retrieval_latency": 0.10850000000000001,
    "ndcg@3": 1.0,
    "precision@5": 0.6666666666666666,
    "hit_rate@3": 1.0,
    "recall@3": 1.0,
    "hit_rate@10": 1.0,
    "recall@1": 0.5,
    "recall@5": 1.0,
    "precision@3": 0.6666666666666666,
    "citation_accuracy": 0.6666666666666666,
    "ndcg@1": 1.0,
    "recall@10": 1.0,
    "average_response_time": 0.10850000000000001,
    "queries_per_second": 9.216589861751151
  },
  "summary_stats": {
    "mrr": {
      "mean": 1.0,
      "std": 0.0,
      "min": 1.0,
      "max": 1.0,
      "count": 2
    },
    "hit_rate@5": {
      "mean": 1.0,
      "std": 0.0,
      "min": 1.0,
      "max": 1.0,
      "count": 2
    },
    "hit_rate@1": {
      "mean": 1.0,
      "std": 0.0,
      "min": 1.0,
      "max": 1.0,
      "count": 2
    },
    "grounding_accuracy": {
      "mean": 0.8333333333333333,
      "std": 0.16666666666666669,
      "min": 0.6666666666666666,
      "max": 1.0,
      "count": 2
    },
    "ndcg@5": {
      "mean": 1.0,
      "std": 0.0,
      "min": 1.0,
      "max": 1.0,
      "count": 2
    },
    "ndcg@10": {
      "mean": 1.0,
      "std": 0.0,
      "min": 1.0,
      "max": 1.0,
      "count": 2
    },
    "precision@10": {
      "mean": 0.6666666666666666,
      "std": 0.0,
      "min": 0.6666666666666666,
      "max": 0.6666666666666666,
      "count": 2
    },
    "precision@1": {
      "mean": 1.0,
      "std": 0.0,
      "min": 1.0,
      "max": 1.0,
      "count": 2
    },
    "retrieval_latency": {
      "mean": 0.10850000000000001,
      "std": 0.006499999999999999,
      "min": 0.10200000000000001,
      "max": 0.115,
      "count": 2
    },
    "ndcg@3": {
      "mean": 1.0,
      "std": 0.0,
      "min": 1.0,
      "max": 1.0,
      "count": 2
    },
    "precision@5": {
      "mean": 0.6666666666666666,
      "std": 0.0,
      "min": 0.6666666666666666,
      "max": 0.6666666666666666,
      "count": 2
    },
    "hit_rate@3": {
      "mean": 1.0,
      "std": 0.0,
      "min": 1.0,
      "max": 1.0,
      "count": 2
    },
    "recall@3": {
      "mean": 1.0,
      "std": 0.0,
      "min": 1.0,
      "max": 1.0,
      "count": 2
    },
    "hit_rate@10": {
      "mean": 1.0,
      "std": 0.0,
      "min": 1.0,
      "max": 1.0,
      "count": 2
    },
    "recall@1": {
      "mean": 0.5,
      "std": 0.0,
      "min": 0.5,
      "max": 0.5,
      "count": 2
    },
    "recall@5": {
      "mean": 1.0,
      "std": 0.0,
      "min": 1.0,
      "max": 1.0,
      "count": 2
    },
    "precision@3": {
      "mean": 0.6666666666666666,
      "std": 0.0,
      "min": 0.6666666666666666,
      "max": 0.6666666666666666,
      "count": 2
    },
    "citation_accuracy": {
      "mean": 0.6666666666666666,
      "std": 0.0,
      "min": 0.6666666666666666,
      "max": 0.6666666666666666,
      "count": 2
    },
    "ndcg@1": {
      "mean": 1.0,
      "std": 0.0,
      "min": 1.0,
      "max": 1.0,
      "count": 2
    },
    "recall@10": {
      "mean": 1.0,
      "std": 0.0,
      "min": 1.0,
      "max": 1.0,
      "count": 2
    }
  },
  "total_queries": 2
}