{
  "system_metrics": {
    "baseline": {
      "grounding_accuracy": 1.0,
      "precision@1": 0.7,
      "retrieval_latency": 0.005976390838623047,
      "mrr": 0.825,
      "precision@10": 0.44952380952380955,
      "hit_rate@3": 0.9,
      "ndcg@5": 0.7237737640164681,
      "ndcg@10": 0.7321099877019595,
      "recall@3": 0.5345238095238095,
      "recall@10": 0.7607142857142857,
      "hit_rate@5": 1.0,
      "hit_rate@10": 1.0,
      "precision@5": 0.54,
      "recall@1": 0.20595238095238094,
      "precision@3": 0.6333333333333333,
      "recall@5": 0.7321428571428571,
      "hit_rate@1": 0.7,
      "ndcg@1": 0.7,
      "citation_accuracy": 0.44952380952380955,
      "ndcg@3": 0.6350499802054138,
      "average_response_time": 0.005976390838623047,
      "queries_per_second": 167.32506741985415
    },
    "chunk_500_ov20": {
      "grounding_accuracy": 1.0,
      "precision@1": 0.6,
      "retrieval_latency": 0.44236819744110106,
      "mrr": 0.6916666666666667,
      "precision@10": 0.30297619047619045,
      "hit_rate@3": 0.7,
      "ndcg@5": 0.5156470688703586,
      "ndcg@10": 0.5426134201047592,
      "recall@3": 0.35952380952380947,
      "recall@10": 0.5404761904761904,
      "hit_rate@5": 0.8,
      "hit_rate@10": 0.9,
      "precision@5": 0.34,
      "recall@1": 0.17261904761904762,
      "precision@3": 0.4333333333333333,
      "recall@5": 0.46547619047619043,
      "hit_rate@1": 0.6,
      "ndcg@1": 0.55,
      "citation_accuracy": 0.30297619047619045,
      "ndcg@3": 0.45828345339986337,
      "average_response_time": 0.44236819744110106,
      "queries_per_second": 2.260560333641852
    }
  },
  "best_systems": {
    "grounding_accuracy": {
      "system": "baseline",
      "score": 1.0
    },
    "precision@1": {
      "system": "baseline",
      "score": 0.7
    },
    "retrieval_latency": {
      "system": "chunk_500_ov20",
      "score": 0.44236819744110106
    },
    "mrr": {
      "system": "baseline",
      "score": 0.825
    },
    "precision@10": {
      "system": "baseline",
      "score": 0.44952380952380955
    },
    "hit_rate@3": {
      "system": "baseline",
      "score": 0.9
    },
    "ndcg@5": {
      "system": "baseline",
      "score": 0.7237737640164681
    },
    "ndcg@10": {
      "system": "baseline",
      "score": 0.7321099877019595
    },
    "recall@3": {
      "system": "baseline",
      "score": 0.5345238095238095
    },
    "recall@10": {
      "system": "baseline",
      "score": 0.7607142857142857
    },
    "hit_rate@5": {
      "system": "baseline",
      "score": 1.0
    },
    "hit_rate@10": {
      "system": "baseline",
      "score": 1.0
    },
    "precision@5": {
      "system": "baseline",
      "score": 0.54
    },
    "recall@1": {
      "system": "baseline",
      "score": 0.20595238095238094
    },
    "precision@3": {
      "system": "baseline",
      "score": 0.6333333333333333
    },
    "recall@5": {
      "system": "baseline",
      "score": 0.7321428571428571
    },
    "hit_rate@1": {
      "system": "baseline",
      "score": 0.7
    },
    "ndcg@1": {
      "system": "baseline",
      "score": 0.7
    },
    "citation_accuracy": {
      "system": "baseline",
      "score": 0.44952380952380955
    },
    "ndcg@3": {
      "system": "baseline",
      "score": 0.6350499802054138
    },
    "average_response_time": {
      "system": "chunk_500_ov20",
      "score": 0.44236819744110106
    },
    "queries_per_second": {
      "system": "baseline",
      "score": 167.32506741985415
    }
  }
}