{
  "query_1": {
    "doc_ids": [
      "arxiv:2307.10169#methods:part-4",
      "arxiv:2303.18223#model:part-35",
      "arxiv:2307.10169#methods:part-3",
      "arxiv:2211.05102#conclusions",
      "arxiv:2303.18223#result:part-11",
      "arxiv:2307.10169#methods:part-5",
      "arxiv:2303.18223#model:part-21",
      "arxiv:2307.10169#methods:part-2",
      "arxiv:2303.18223#result:part-10",
      "arxiv:2307.10169#methods:part-39",
      "arxiv:2307.10169#introduction:part-12",
      "arxiv:2303.18223#result:part-3",
      "arxiv:2009.06489#introduction:part-11",
      "arxiv:2303.18223#result:part-4",
      "arxiv:2309.06180#background:part-4",
      "arxiv:2309.06180#method:part-3",
      "arxiv:2309.06180#method:part-5",
      "arxiv:2510.13367#introduction:part-3",
      "arxiv:2306.14048#introduction:part-2",
      "arxiv:2309.06180#method:part-2"
    ],
    "metadata": {
      "scores": [
        75.8720732395482,
        71.00162810748077,
        63.634785749223205,
        52.99638193357395,
        0.2415967,
        0.214101435,
        0.2111706,
        0.20624945,
        0.175619215,
        0.16866854,
        0.167539375,
        0.16361949,
        0.15491052,
        0.153712185,
        0.15264088,
        0.146548925,
        0.146236985,
        0.14518097,
        0.142133935,
        0.142038465
      ]
    },
    "query_time": 2.143143892288208
  },
  "query_2": {
    "doc_ids": [
      "arxiv:2304.01933#method:part-5",
      "arxiv:2106.09685#method:part-7",
      "arxiv:2308.10792#model:part-9",
      "arxiv:2304.01933#introduction:part-2",
      "arxiv:2306.09782#introduction:part-1",
      "arxiv:2304.01933#method:part-6",
      "arxiv:2412.10543#introduction:part-2",
      "arxiv:20-074#abstract:part-35",
      "arxiv:2106.09685#introduction:part-10",
      "arxiv:2306.09782#experiment:part-1",
      "arxiv:2307.10169#introduction:part-15",
      "arxiv:2306.09782#method:part-1",
      "arxiv:2101.03961#introduction:part-1",
      "arxiv:2001.08361#related-work:part-11",
      "arxiv:2301.13688#related-work:part-2",
      "arxiv:2312.09993#introduction:part-11",
      "arxiv:2210.07558#introduction:part-1",
      "arxiv:2308.10792#model:part-10",
      "arxiv:2308.10792#model:part-13",
      "arxiv:2412.10543#method:part-4"
    ],
    "metadata": {
      "scores": [
        82.67939328663088,
        71.55735497207688,
        70.98797101107198,
        69.92889263830533,
        0.2678616,
        0.26744065,
        0.26691485,
        0.2634629,
        0.26194485,
        0.26178023,
        0.2601761,
        0.25852853,
        0.258387565,
        0.25459862,
        0.25330365,
        0.25303765,
        0.2494415,
        0.2455052,
        0.2449151,
        0.243941085
      ]
    },
    "query_time": 1.5207443237304688
  },
  "query_3": {
    "doc_ids": [
      "arxiv:2303.18223#introduction:part-6",
      "arxiv:2303.18223#introduction:part-8",
      "arxiv:2307.10169#introduction:part-9",
      "arxiv:2307.10169#introduction:part-8",
      "arxiv:2001.08361#model:part-2",
      "arxiv:2303.18223#introduction:part-7",
      "arxiv:2302.13971#introduction:part-1",
      "arxiv:333078981_693988129081760_4712707815225756708_n#introduction:part-1",
      "arxiv:10000000_662098952474184_2584067087619170692_n#related-work:part-1",
      "arxiv:2307.09288#related-work:part-1",
      "arxiv:2203.15556#model:part-3",
      "arxiv:2001.08361#abstract",
      "arxiv:2203.15556#model:part-2",
      "arxiv:2307.10169#conclusion",
      "arxiv:2204.06745#introduction:part-1",
      "arxiv:2001.08361#results:part-7",
      "arxiv:2001.08361#related-work:part-2",
      "arxiv:333078981_693988129081760_4712707815225756708_n#related-work:part-2",
      "arxiv:2303.18223#introduction:part-9",
      "arxiv:1910.01108#introduction:part-1"
    ],
    "metadata": {
      "scores": [
        56.206114365196555,
        50.2768262445676,
        42.123093563514324,
        41.12226885765808,
        0.35612428,
        0.3499994,
        0.34423625,
        0.3439413,
        0.33690548,
        0.33690548,
        0.335008085,
        0.32467965,
        0.3129142,
        0.30995985,
        0.30959635,
        0.3079145,
        0.30420202,
        0.30275355,
        0.30222755,
        0.298838315
      ]
    },
    "query_time": 1.5293889045715332
  },
  "query_4": {
    "doc_ids": [
      "arxiv:2303.18223#result:part-18",
      "arxiv:2303.18223#approach:part-19",
      "arxiv:2211.09110#model:part-34",
      "arxiv:2211.09110#introduction:part-4",
      "arxiv:2303.18223#result:part-20",
      "arxiv:2303.18223#result:part-14",
      "arxiv:2303.18223#introduction:part-6",
      "arxiv:333078981_693988129081760_4712707815225756708_n#approach:part-6",
      "arxiv:2303.18223#result:part-19",
      "arxiv:2305.14314#evaluation:part-1",
      "arxiv:2302.13971#approach:part-6",
      "arxiv:2304.00612#introduction:part-9",
      "arxiv:2303.18223#result:part-9",
      "arxiv:2303.18223#result:part-13",
      "arxiv:2412.19437#model",
      "arxiv:2501.19393#evaluation:part-1",
      "arxiv:palm2techreport#evaluation:part-7",
      "arxiv:2307.10169#methods:part-15",
      "arxiv:2307.10169#methods:part-41",
      "arxiv:2401.04088#results"
    ],
    "metadata": {
      "scores": [
        77.09969750980451,
        72.36805878880888,
        69.0878630164329,
        69.03716599946665,
        0.34566653,
        0.301351875,
        0.295229675,
        0.2772358,
        0.275386335,
        0.275135935,
        0.27360475,
        0.27319645,
        0.272949425,
        0.2727815,
        0.27215215,
        0.2706467,
        0.26912915,
        0.26439375,
        0.26190605,
        0.2614253
      ]
    },
    "query_time": 1.5042431354522705
  },
  "query_5": {
    "doc_ids": [
      "arxiv:2305.03047#introduction:part-4",
      "arxiv:2305.03047#introduction:part-3",
      "arxiv:2305.18290#introduction:part-1",
      "arxiv:2303.18223#model:part-5",
      "arxiv:2305.18290#related-work:part-2",
      "arxiv:2510.13794#background:part-1",
      "arxiv:2307.10169#methods:part-7",
      "arxiv:2203.02155#related-work:part-1",
      "arxiv:2307.09288#model:part-15",
      "arxiv:10000000_662098952474184_2584067087619170692_n#model:part-15",
      "arxiv:2303.18223#result:part-10",
      "arxiv:2305.18290#related-work:part-7",
      "arxiv:2304.00612#introduction:part-7",
      "arxiv:2510.13367#abstract",
      "arxiv:2510.13626#related-work",
      "arxiv:2510.13704#introduction:part-1",
      "arxiv:2510.13794#model:part-1",
      "arxiv:2510.13149#evaluation:part-3",
      "arxiv:2305.18290#abstract",
      "arxiv:2305.18290#related-work:part-3"
    ],
    "metadata": {
      "scores": [
        90.9289285616076,
        83.83646457150371,
        77.19522338481858,
        74.88802852713705,
        0.270789325,
        0.2664434,
        0.2596398,
        0.259498775,
        0.25465867,
        0.25465867,
        0.24860272,
        0.245923875,
        0.244805575,
        0.240553825,
        0.239428415,
        0.236871125,
        0.236629485,
        0.23640734,
        0.236350775,
        0.236172885
      ]
    },
    "query_time": 1.6529362201690674
  },