{
  "system_metrics": {
    "baseline": {
      "recall@10": 0.7607142857142857,
      "ndcg@5": 0.7237737640164681,
      "ndcg@10": 0.7321099877019595,
      "recall@1": 0.20595238095238094,
      "precision@10": 0.44952380952380955,
      "precision@5": 0.54,
      "precision@1": 0.7,
      "ndcg@3": 0.6350499802054138,
      "retrieval_latency": 0.005976390838623047,
      "hit_rate@3": 0.9,
      "hit_rate@10": 1.0,
      "hit_rate@1": 0.7,
      "grounding_accuracy": 1.0,
      "precision@3": 0.6333333333333333,
      "recall@3": 0.5345238095238095,
      "citation_accuracy": 0.44952380952380955,
      "recall@5": 0.7321428571428571,
      "hit_rate@5": 1.0,
      "mrr": 0.825,
      "ndcg@1": 0.7,
      "average_response_time": 0.005976390838623047,
      "queries_per_second": 167.32506741985415
    },
    "chunk_512_ov40": {
      "recall@10": 0.6904761904761905,
      "ndcg@5": 0.5367458481277901,
      "ndcg@10": 0.557173393877055,
      "recall@1": 0.10595238095238095,
      "precision@10": 0.3538095238095238,
      "precision@5": 0.4,
      "precision@1": 0.4,
      "ndcg@3": 0.3839372337098552,
      "retrieval_latency": 0.3609229564666748,
      "hit_rate@3": 0.6,
      "hit_rate@10": 1.0,
      "hit_rate@1": 0.4,
      "grounding_accuracy": 1.0,
      "precision@3": 0.36666666666666664,
      "recall@3": 0.2928571428571428,
      "citation_accuracy": 0.3538095238095238,
      "recall@5": 0.5904761904761904,
      "hit_rate@5": 1.0,
      "mrr": 0.585,
      "ndcg@1": 0.35,
      "average_response_time": 0.3609229564666748,
      "queries_per_second": 2.770674411485747
    }
  },
  "best_systems": {
    "recall@10": {
      "system": "baseline",
      "score": 0.7607142857142857
    },
    "ndcg@5": {
      "system": "baseline",
      "score": 0.7237737640164681
    },
    "ndcg@10": {
      "system": "baseline",
      "score": 0.7321099877019595
    },
    "recall@1": {
      "system": "baseline",
      "score": 0.20595238095238094
    },
    "precision@10": {
      "system": "baseline",
      "score": 0.44952380952380955
    },
    "precision@5": {
      "system": "baseline",
      "score": 0.54
    },
    "precision@1": {
      "system": "baseline",
      "score": 0.7
    },
    "ndcg@3": {
      "system": "baseline",
      "score": 0.6350499802054138
    },
    "retrieval_latency": {
      "system": "chunk_512_ov40",
      "score": 0.3609229564666748
    },
    "hit_rate@3": {
      "system": "baseline",
      "score": 0.9
    },
    "hit_rate@10": {
      "system": "baseline",
      "score": 1.0
    },
    "hit_rate@1": {
      "system": "baseline",
      "score": 0.7
    },
    "grounding_accuracy": {
      "system": "baseline",
      "score": 1.0
    },
    "precision@3": {
      "system": "baseline",
      "score": 0.6333333333333333
    },
    "recall@3": {
      "system": "baseline",
      "score": 0.5345238095238095
    },
    "citation_accuracy": {
      "system": "baseline",
      "score": 0.44952380952380955
    },
    "recall@5": {
      "system": "baseline",
      "score": 0.7321428571428571
    },
    "hit_rate@5": {
      "system": "baseline",
      "score": 1.0
    },
    "mrr": {
      "system": "baseline",
      "score": 0.825
    },
    "ndcg@1": {
      "system": "baseline",
      "score": 0.7
    },
    "average_response_time": {
      "system": "chunk_512_ov40",
      "score": 0.3609229564666748
    },
    "queries_per_second": {
      "system": "baseline",
      "score": 167.32506741985415
    }
  }
}