{
  "query_1": {
    "doc_ids": [
      "arxiv:2307.10169#methods:part-3",
      "arxiv:2303.18223#result:part-10",
      "arxiv:2307.10169#methods:part-2",
      "arxiv:2304.00612#introduction:part-8",
      "arxiv:2307.10169#methods:part-4",
      "arxiv:2303.18223#result:part-3",
      "arxiv:2307.10169#introduction:part-11",
      "arxiv:2009.06489#introduction:part-10",
      "arxiv:2309.06180#introduction:part-3",
      "arxiv:2303.18223#result:part-9"
    ],
    "query_time": 0.8531601428985596,
    "metadata": {
      "scores": [
        0.6149244,
        0.5211679,
        0.48040047,
        0.33918685,
        0.32073194,
        0.29881418,
        0.29325312,
        0.29215288,
        0.29042554,
        0.28983384
      ],
      "num_hits": 10
    }
  },
  "query_2": {
    "doc_ids": [
      "arxiv:2308.10792#model:part-9",
      "arxiv:2106.09685#introduction:part-4",
      "arxiv:2106.09685#introduction:part-5",
      "arxiv:2301.13688#related-work:part-2",
      "arxiv:2312.09993#introduction:part-10",
      "arxiv:2304.01933#method:part-5",
      "arxiv:2306.09782#introduction:part-1",
      "arxiv:2306.09782#experiment:part-1",
      "arxiv:2106.09685#introduction:part-10",
      "arxiv:2106.09685#introduction:part-6"
    ],
    "query_time": 0.36225390434265137,
    "metadata": {
      "scores": [
        0.68413365,
        0.6619724,
        0.5904261,
        0.5509378,
        0.54126924,
        0.5403484,
        0.5357233,
        0.5235605,
        0.5214203,
        0.520757
      ],
      "num_hits": 10
    }
  },
  "query_3": {
    "doc_ids": [
      "arxiv:2302.13971#introduction:part-1",
      "arxiv:333078981_693988129081760_4712707815225756708_n#introduction:part-1",
      "arxiv:2001.08361#model:part-5",
      "arxiv:10000000_662098952474184_2584067087619170692_n#related-work:part-1",
      "arxiv:2307.09288#related-work:part-1",
      "arxiv:2001.08361#model:part-2",
      "arxiv:2001.08361#abstract",
      "arxiv:2304.01373#abstract:part-4",
      "arxiv:2001.08361#results:part-7",
      "arxiv:2307.10169#conclusion"
    ],
    "query_time": 0.08961200714111328,
    "metadata": {
      "scores": [
        0.6884725,
        0.6878826,
        0.6776007,
        0.67381096,
        0.67381096,
        0.6705142,
        0.6493593,
        0.63874316,
        0.620339,
        0.6199197
      ],
      "num_hits": 10
    }
  },
  "query_4": {
    "doc_ids": [
      "arxiv:2307.10169#methods:part-37",
      "arxiv:2303.18223#result:part-17",
      "arxiv:2307.10169#methods:part-38",
      "arxiv:2303.18223#result:part-18",
      "arxiv:2305.14314#evaluation:part-1",
      "arxiv:2303.18223#result:part-4",
      "arxiv:2412.19437#model",
      "arxiv:2303.18223#model:part-26",
      "arxiv:2501.19393#evaluation:part-1",
      "arxiv:2303.18223#result:part-12"
    ],
    "query_time": 0.1154170036315918,
    "metadata": {
      "scores": [
        0.6387783,
        0.62670785,
        0.61746335,
        0.6095367,
        0.55027187,
        0.54617584,
        0.5443043,
        0.5437661,
        0.5412934,
        0.540869
      ],
      "num_hits": 10
    }
  },
  "query_5": {
    "doc_ids": [
      "arxiv:2305.18290#related-work:part-3",
      "arxiv:2307.10169#methods:part-6",
      "arxiv:2510.13794#background:part-1",
      "arxiv:2305.18290#related-work:part-2",
      "arxiv:2203.02155#related-work:part-1",
      "arxiv:2203.02155#model:part-2",
      "arxiv:2510.13367#abstract",
      "arxiv:2305.18290#related-work:part-4",
      "arxiv:2510.13626#related-work",
      "arxiv:2510.13704#introduction:part-1"
    ],
    "query_time": 0.08284425735473633,
    "metadata": {
      "scores": [
        0.5452476,
        0.5421945,
        0.5328868,
        0.5265539,
        0.51899755,
        0.4895492,
        0.48110765,
        0.48067376,
        0.47885683,
        0.47374225
      ],
      "num_hits": 10
    }
  },
  "query_6": {
    "doc_ids": [
      "arxiv:2307.10169#conclusion",
      "arxiv:2304.01373#abstract:part-4",
      "arxiv:palm2techreport#introduction:part-6",
      "arxiv:2207.00112#introduction:part-1",
      "arxiv:palm2techreport#introduction:part-1",
      "arxiv:2211.05100#abstract:part-2",
      "arxiv:2203.15556#model:part-1",
      "arxiv:2211.05100#model:part-5",
      "arxiv:2005.14165#results:part-5",
      "arxiv:2211.09110#model:part-28"
    ],
    "query_time": 0.13669800758361816,
    "metadata": {
      "scores": [
        0.7156366,
        0.60222435,
        0.5936836,
        0.5896987,
        0.58578,
        0.5830495,
        0.5775151,
        0.5764512,
        0.57532454,
        0.5657649
      ],
      "num_hits": 10
    }
  },
  "query_7": {
    "doc_ids": [
      "arxiv:2303.18223#method:part-7",
      "arxiv:2312.00752#introduction:part-1",
      "arxiv:2307.10169#introduction:part-20",
      "arxiv:2303.18223#method:part-6",
      "arxiv:1901.02860#related-work",
      "arxiv:2307.03172#related-work",
      "arxiv:2307.03172#abstract",
      "arxiv:2312.00752#conclusion",
      "arxiv:2305.13048#background:part-7",
      "arxiv:2001.08361#related-work:part-8"
    ],
    "query_time": 0.3754141330718994,
    "metadata": {
      "scores": [
        0.5680734,
        0.5598581,
        0.5490599,
        0.54220366,
        0.50076807,
        0.4961029,
        0.49580938,
        0.49276823,
        0.49257344,
        0.48757666
      ],
      "num_hits": 10
    }
  },
  "query_8": {
    "doc_ids": [
      "arxiv:2310.20707#model:part-11",
      "arxiv:2303.18223#model:part-14",
      "arxiv:2310.20707#introduction:part-2",
      "arxiv:2310.20707#model:part-2",
      "arxiv:palm2techreport#evaluation:part-15",
      "arxiv:20-074#abstract:part-7",
      "arxiv:2005.14165#results:part-25",
      "arxiv:2304.01373#abstract:part-13",
      "arxiv:palm2techreport#evaluation:part-13",
      "arxiv:2211.09110#model:part-34"
    ],
    "query_time": 0.7206249237060547,
    "metadata": {
      "scores": [
        0.61429554,
        0.5691522,
        0.5611441,
        0.5430846,
        0.5420864,
        0.5305654,
        0.5271777,
        0.52681434,
        0.51624024,
        0.5140748
      ],
      "num_hits": 10
    }
  },
  "query_9": {
    "doc_ids": [
      "arxiv:2307.09288#related-work:part-1",
      "arxiv:10000000_662098952474184_2584067087619170692_n#related-work:part-1",
      "arxiv:2304.00612#abstract",
      "arxiv:2304.00612#introduction:part-4",
      "arxiv:2303.18223#introduction:part-13",
      "arxiv:2203.02155#model:part-11",
      "arxiv:2211.05100#model:part-2",
      "arxiv:2005.14165#conclusion:part-2",
      "arxiv:2211.05100#evaluation:part-1",
      "arxiv:2211.09110#conclusion:part-2"
    ],
    "query_time": 0.8599452972412109,
    "metadata": {
      "scores": [
        0.48764014,
        0.48764014,
        0.43823314,
        0.4239564,
        0.42046314,
        0.4115715,
        0.39826727,
        0.39620566,
        0.39175117,
        0.3907867
      ],
      "num_hits": 10
    }
  },
  "query_10": {
    "doc_ids": [
      "arxiv:2305.03047#introduction:part-3",
      "arxiv:2303.18223#model:part-5",
      "arxiv:2203.02155#model:part-3",
      "arxiv:2307.10169#methods:part-7",
      "arxiv:2303.18223#result:part-15",
      "arxiv:2305.03047#introduction:part-4",
      "arxiv:2303.18223#model:part-35",
      "arxiv:2305.03047#evaluation",
      "arxiv:10000000_662098952474184_2584067087619170692_n#model:part-2",
      "arxiv:2307.09288#model:part-2"
    ],
    "query_time": 0.0132598876953125,
    "metadata": {
      "scores": [
        0.5505691,
        0.5065307,
        0.48589975,
        0.46239036,
        0.45206195,
        0.45102203,
        0.44924355,
        0.44628567,
        0.43817526,
        0.43817526
      ],
      "num_hits": 10
    }
  }
}