{
  "query_1": {
    "doc_ids": [
      "arxiv:2307.10169#methods:part-3",
      "arxiv:2303.18223#result:part-11",
      "arxiv:2307.10169#methods:part-4",
      "arxiv:2307.10169#methods:part-2",
      "arxiv:2304.00612#introduction:part-12",
      "arxiv:2307.10169#methods:part-5",
      "arxiv:2307.10169#methods:part-48",
      "arxiv:2303.18223#model:part-21",
      "arxiv:2306.07629#related-work:part-2",
      "arxiv:2307.09288#model:part-13"
    ],
    "query_time": 0.027793169021606445,
    "metadata": {
      "scores": [
        0.6596147,
        0.6451737,
        0.62351114,
        0.5542915,
        0.55130094,
        0.52854186,
        0.52750343,
        0.51881236,
        0.49369377,
        0.4815325
      ]
    }
  },
  "query_2": {
    "doc_ids": [
      "arxiv:2106.09685#method:part-1",
      "arxiv:2312.09993#introduction:part-5",
      "arxiv:2106.09685#introduction:part-5",
      "arxiv:2308.10792#model:part-11",
      "arxiv:2307.10169#introduction:part-15",
      "arxiv:2308.10792#model:part-10",
      "arxiv:2307.10169#introduction:part-16",
      "arxiv:2306.09782#introduction:part-1",
      "arxiv:2306.09782#method:part-1",
      "arxiv:2106.09685#abstract"
    ],
    "query_time": 0.0068569183349609375,
    "metadata": {
      "scores": [
        0.632546,
        0.6220153,
        0.60680693,
        0.60084736,
        0.5978111,
        0.5915696,
        0.5911516,
        0.58660877,
        0.58500415,
        0.5739271
      ]
    }
  },
  "query_3": {
    "doc_ids": [
      "arxiv:2001.08361#abstract",
      "arxiv:2302.13971#related-work:part-2",
      "arxiv:2203.15556#model:part-1",
      "arxiv:2303.18223#introduction:part-7",
      "arxiv:2304.00612#introduction:part-2",
      "arxiv:2001.08361#related-work:part-1",
      "arxiv:2005.14165#related-work:part-1",
      "arxiv:2204.02311#abstract",
      "arxiv:2302.13971#introduction:part-1",
      "arxiv:2203.15556#method:part-3"
    ],
    "query_time": 0.006457090377807617,
    "metadata": {
      "scores": [
        0.7377312,
        0.72163844,
        0.71033674,
        0.70138496,
        0.68746614,
        0.6856928,
        0.6663984,
        0.66381514,
        0.6585363,
        0.653463
      ]
    }
  },
  "query_4": {
    "doc_ids": [
      "arxiv:2303.18223#result:part-20",
      "arxiv:2303.18223#result:part-19",
      "arxiv:2303.18223#result:part-13",
      "arxiv:2501.19393#evaluation:part-1",
      "arxiv:palm2techreport#evaluation:part-7",
      "arxiv:2303.18223#model:part-28",
      "arxiv:2303.18223#result:part-18",
      "arxiv:2307.10169#methods:part-16",
      "arxiv:2307.10169#methods:part-41",
      "arxiv:2303.18223#result:part-8"
    ],
    "query_time": 0.007827997207641602,
    "metadata": {
      "scores": [
        0.737135,
        0.6675558,
        0.6626906,
        0.6391328,
        0.6346128,
        0.6314356,
        0.629953,
        0.61087054,
        0.61067355,
        0.60636103
      ]
    }
  },
  "query_5": {
    "doc_ids": [
      "arxiv:2307.10169#methods:part-6",
      "arxiv:2307.09288#model:part-10",
      "arxiv:10000000_662098952474184_2584067087619170692_n#model:part-10",
      "arxiv:2308.10792#methods:part-9",
      "arxiv:2307.09288#model:part-15",
      "arxiv:10000000_662098952474184_2584067087619170692_n#model:part-15",
      "arxiv:2203.02155#related-work:part-8",
      "arxiv:10000000_662098952474184_2584067087619170692_n#model:part-5",
      "arxiv:2307.09288#model:part-5",
      "arxiv:2510.13794#background:part-1"
    ],
    "query_time": 0.012459993362426758,
    "metadata": {
      "scores": [
        0.6661581,
        0.6285878,
        0.6285878,
        0.61580706,
        0.6030598,
        0.6030598,
        0.6006848,
        0.5823221,
        0.5823221,
        0.57971793
      ]
    }
  },
  "query_6": {
    "doc_ids": [
      "arxiv:2312.09993#introduction:part-8",
      "arxiv:2312.09993#introduction:part-4",
      "arxiv:2307.10169#conclusion",
      "arxiv:2203.15556#model:part-1",
      "arxiv:2304.00612#introduction:part-2",
      "arxiv:1909.08053#abstract:part-4",
      "arxiv:2005.14165#introduction:part-3",
      "arxiv:2005.14165#conclusion:part-1",
      "arxiv:2005.14165#related-work:part-2",
      "arxiv:2304.01373#abstract:part-9"
    ],
    "query_time": 0.009052038192749023,
    "metadata": {
      "scores": [
        0.6461053,
        0.64485496,
        0.6371168,
        0.6343656,
        0.6270207,
        0.62164867,
        0.6174284,
        0.6164186,
        0.614137,
        0.61320686
      ]
    }
  },
  "query_7": {
    "doc_ids": [
      "arxiv:2307.03172#related-work",
      "arxiv:2303.18223#model:part-34",
      "arxiv:1901.02860#related-work",
      "arxiv:2307.10169#introduction:part-25",
      "arxiv:2307.03172#conclusion",
      "arxiv:2303.18223#method:part-7",
      "arxiv:2307.03172#introduction:part-1",
      "arxiv:2211.05102#related-work",
      "arxiv:2412.19437#introduction:part-2",
      "arxiv:2307.10169#introduction:part-22"
    ],
    "query_time": 0.008912801742553711,
    "metadata": {
      "scores": [
        0.63111085,
        0.6110563,
        0.58557355,
        0.5731772,
        0.5705134,
        0.5576879,
        0.5567997,
        0.55201995,
        0.5516973,
        0.5490768
      ]
    }
  },
  "query_8": {
    "doc_ids": [
      "arxiv:2310.20707#introduction:part-3",
      "arxiv:2307.10169#introduction:part-2",
      "arxiv:2211.09110#model:part-37",
      "arxiv:2310.20707#model:part-12",
      "arxiv:2310.20707#model:part-11",
      "arxiv:2310.20707#model:part-7",
      "arxiv:2310.20707#model:part-10",
      "arxiv:2304.01373#abstract:part-3",
      "arxiv:2310.20707#model:part-9",
      "arxiv:2211.09110#model:part-18"
    ],
    "query_time": 0.006918191909790039,
    "metadata": {
      "scores": [
        0.6032766,
        0.60143054,
        0.5917164,
        0.58504146,
        0.57597256,
        0.5691941,
        0.5691434,
        0.55966026,
        0.5589063,
        0.55699533
      ]
    }
  },
  "query_9": {
    "doc_ids": [
      "arxiv:333078981_693988129081760_4712707815225756708_n#conclusion",
      "arxiv:2302.13971#conclusion",
      "arxiv:2303.18223#model:part-10",
      "arxiv:10000000_662098952474184_2584067087619170692_n#related-work:part-1",
      "arxiv:2307.09288#related-work:part-1",
      "arxiv:10000000_662098952474184_2584067087619170692_n#model:part-1",
      "arxiv:2307.09288#model:part-1",
      "arxiv:2211.09110#introduction:part-5",
      "arxiv:1909.08053#abstract:part-3",
      "arxiv:2303.18223#model:part-7"
    ],
    "query_time": 0.010320186614990234,
    "metadata": {
      "scores": [
        0.61827564,
        0.61640346,
        0.60786057,
        0.6035814,
        0.6035814,
        0.59014714,
        0.59014714,
        0.57068825,
        0.56909597,
        0.5587285
      ]
    }
  },
  "query_10": {
    "doc_ids": [
      "arxiv:2203.02155#related-work:part-1",
      "arxiv:2303.18223#model:part-5",
      "arxiv:2307.10169#methods:part-7",
      "arxiv:2203.02155#model:part-6",
      "arxiv:2305.18290#abstract",
      "arxiv:2305.18290#introduction:part-2",
      "arxiv:2203.02155#model:part-7",
      "arxiv:2301.13688#methods:part-2",
      "arxiv:2305.03047#introduction:part-3",
      "arxiv:2307.10169#methods:part-8"
    ],
    "query_time": 0.007996082305908203,
    "metadata": {
      "scores": [
        0.6484382,
        0.64651597,
        0.64453924,
        0.60495526,
        0.5818862,
        0.56852293,
        0.56322795,
        0.5605956,
        0.5577533,
        0.5533451
      ]
    }
  }
}