{
  "system_metrics": {
    "baseline": {
      "recall@1": 0.20595238095238094,
      "citation_accuracy": 0.44952380952380955,
      "precision@10": 0.44952380952380955,
      "grounding_accuracy": 1.0,
      "precision@5": 0.54,
      "precision@3": 0.6333333333333333,
      "ndcg@3": 0.6350499802054138,
      "precision@1": 0.7,
      "ndcg@10": 0.7321099877019595,
      "ndcg@1": 0.7,
      "hit_rate@10": 1.0,
      "recall@5": 0.7321428571428571,
      "recall@3": 0.5345238095238095,
      "hit_rate@3": 0.9,
      "mrr": 0.825,
      "hit_rate@5": 1.0,
      "retrieval_latency": 0.005976390838623047,
      "ndcg@5": 0.7237737640164681,
      "recall@10": 0.7607142857142857,
      "hit_rate@1": 0.7,
      "average_response_time": 0.005976390838623047,
      "queries_per_second": 167.32506741985415
    },
    "chunk_350_ov80": {
      "recall@1": 0.13095238095238096,
      "citation_accuracy": 0.41809523809523813,
      "precision@10": 0.41809523809523813,
      "grounding_accuracy": 1.0,
      "precision@5": 0.37,
      "precision@3": 0.45,
      "ndcg@3": 0.40770358577634963,
      "precision@1": 0.4,
      "ndcg@10": 0.4973031086896985,
      "ndcg@1": 0.35,
      "hit_rate@10": 1.0,
      "recall@5": 0.4345238095238095,
      "recall@3": 0.3678571428571428,
      "hit_rate@3": 0.8,
      "mrr": 0.62,
      "hit_rate@5": 0.9,
      "retrieval_latency": 0.07982180118560792,
      "ndcg@5": 0.42657154001732034,
      "recall@10": 0.5738095238095238,
      "hit_rate@1": 0.4,
      "average_response_time": 0.07982180118560792,
      "queries_per_second": 12.527905724336158
    }
  },
  "best_systems": {
    "recall@1": {
      "system": "baseline",
      "score": 0.20595238095238094
    },
    "citation_accuracy": {
      "system": "baseline",
      "score": 0.44952380952380955
    },
    "precision@10": {
      "system": "baseline",
      "score": 0.44952380952380955
    },
    "grounding_accuracy": {
      "system": "baseline",
      "score": 1.0
    },
    "precision@5": {
      "system": "baseline",
      "score": 0.54
    },
    "precision@3": {
      "system": "baseline",
      "score": 0.6333333333333333
    },
    "ndcg@3": {
      "system": "baseline",
      "score": 0.6350499802054138
    },
    "precision@1": {
      "system": "baseline",
      "score": 0.7
    },
    "ndcg@10": {
      "system": "baseline",
      "score": 0.7321099877019595
    },
    "ndcg@1": {
      "system": "baseline",
      "score": 0.7
    },
    "hit_rate@10": {
      "system": "baseline",
      "score": 1.0
    },
    "recall@5": {
      "system": "baseline",
      "score": 0.7321428571428571
    },
    "recall@3": {
      "system": "baseline",
      "score": 0.5345238095238095
    },
    "hit_rate@3": {
      "system": "baseline",
      "score": 0.9
    },
    "mrr": {
      "system": "baseline",
      "score": 0.825
    },
    "hit_rate@5": {
      "system": "baseline",
      "score": 1.0
    },
    "retrieval_latency": {
      "system": "chunk_350_ov80",
      "score": 0.07982180118560792
    },
    "ndcg@5": {
      "system": "baseline",
      "score": 0.7237737640164681
    },
    "recall@10": {
      "system": "baseline",
      "score": 0.7607142857142857
    },
    "hit_rate@1": {
      "system": "baseline",
      "score": 0.7
    },
    "average_response_time": {
      "system": "chunk_350_ov80",
      "score": 0.07982180118560792
    },
    "queries_per_second": {
      "system": "baseline",
      "score": 167.32506741985415
    }
  }
}