{
  "query_1": {
    "doc_ids": [
      "arxiv:2307.10169#methods:part-7",
      "arxiv:2307.10169#methods:part-5",
      "arxiv:2307.10169#methods:part-3",
      "arxiv:2303.18223#result:part-17",
      "arxiv:2307.10169#methods:part-4",
      "arxiv:2303.18223#model:part-33",
      "arxiv:2303.18223#model:part-37",
      "arxiv:2307.10169#methods:part-77",
      "arxiv:2303.18223#model:part-51",
      "arxiv:2307.10169#methods:part-6"
    ],
    "query_time": 0.4915580749511719,
    "metadata": {
      "scores": [
        0.5727329,
        0.5095735,
        0.4889238,
        0.4831934,
        0.43919194,
        0.4223412,
        0.37095946,
        0.36672944,
        0.34744453,
        0.34596974
      ],
      "num_hits": 10
    }
  },
  "query_2": {
    "doc_ids": [
      "arxiv:2308.10792#model:part-15",
      "arxiv:2106.09685#introduction:part-8",
      "arxiv:2106.09685#introduction:part-10",
      "arxiv:2304.01933#method:part-8",
      "arxiv:2306.09782#introduction:part-1",
      "arxiv:2304.01933#method:part-9",
      "arxiv:2106.09685#introduction:part-6",
      "arxiv:2306.09782#experiment:part-1",
      "arxiv:2306.09782#method:part-1",
      "arxiv:2101.03961#introduction:part-1"
    ],
    "query_time": 0.13510394096374512,
    "metadata": {
      "scores": [
        0.632644,
        0.5913313,
        0.5834732,
        0.54374415,
        0.5357233,
        0.5348814,
        0.52559954,
        0.5235605,
        0.5170572,
        0.5167752
      ],
      "num_hits": 10
    }
  },
  "query_3": {
    "doc_ids": [
      "arxiv:2302.13971#introduction:part-1",
      "arxiv:333078981_693988129081760_4712707815225756708_n#introduction:part-1",
      "arxiv:2302.13971#related-work:part-3",
      "arxiv:333078981_693988129081760_4712707815225756708_n#related-work:part-3",
      "arxiv:2307.09288#related-work:part-1",
      "arxiv:10000000_662098952474184_2584067087619170692_n#related-work:part-1",
      "arxiv:2304.01373#abstract:part-6",
      "arxiv:2001.08361#model:part-8",
      "arxiv:2302.13971#related-work:part-2",
      "arxiv:333078981_693988129081760_4712707815225756708_n#related-work:part-2"
    ],
    "query_time": 0.03083205223083496,
    "metadata": {
      "scores": [
        0.6884725,
        0.6878826,
        0.68268025,
        0.6739366,
        0.67381096,
        0.67381096,
        0.6727706,
        0.67197114,
        0.6673386,
        0.65807927
      ],
      "num_hits": 10
    }
  },
  "query_4": {
    "doc_ids": [
      "arxiv:2303.18223#result:part-32",
      "arxiv:2303.18223#result:part-29",
      "arxiv:2307.10169#methods:part-64",
      "arxiv:2303.18223#result:part-31",
      "arxiv:2303.18223#introduction:part-9",
      "arxiv:2303.18223#result:part-14",
      "arxiv:2307.10169#methods:part-24",
      "arxiv:2303.18223#model:part-60",
      "arxiv:2303.18223#model:part-62",
      "arxiv:2303.18223#result:part-24"
    ],
    "query_time": 0.022464990615844727,
    "metadata": {
      "scores": [
        0.6725225,
        0.65077,
        0.6323714,
        0.60189366,
        0.59045935,
        0.5721828,
        0.5675106,
        0.56485265,
        0.5640584,
        0.5578856
      ],
      "num_hits": 10
    }
  },
  "query_5": {
    "doc_ids": [
      "arxiv:2307.10169#methods:part-11",
      "arxiv:2307.09288#model:part-5",
      "arxiv:10000000_662098952474184_2584067087619170692_n#model:part-5",
      "arxiv:2510.13794#background:part-1",
      "arxiv:2203.02155#related-work:part-1",
      "arxiv:2305.18290#related-work:part-11",
      "arxiv:2412.19437#method:part-31",
      "arxiv:2305.18290#introduction:part-2",
      "arxiv:10000000_662098952474184_2584067087619170692_n#model:part-18",
      "arxiv:2307.09288#model:part-18"
    ],
    "query_time": 0.050292015075683594,
    "metadata": {
      "scores": [
        0.56584466,
        0.5371946,
        0.5371946,
        0.5328868,
        0.51899755,
        0.5130469,
        0.5000931,
        0.49229935,
        0.49011454,
        0.49011454
      ],
      "num_hits": 10
    }
  },
  "query_6": {
    "doc_ids": [
      "arxiv:2307.10169#conclusion",
      "arxiv:palm2techreport#introduction:part-2",
      "arxiv:2211.09110#model:part-9",
      "arxiv:2207.00112#introduction:part-1",
      "arxiv:palm2techreport#introduction:part-10",
      "arxiv:palm2techreport#introduction:part-1",
      "arxiv:2304.01373#abstract:part-6",
      "arxiv:2203.15556#model:part-1",
      "arxiv:2211.05100#model:part-8",
      "arxiv:2304.01373#abstract:part-8"
    ],
    "query_time": 0.009675741195678711,
    "metadata": {
      "scores": [
        0.7156366,
        0.6339879,
        0.61804175,
        0.5896987,
        0.5890748,
        0.58578,
        0.5853783,
        0.5775151,
        0.57499284,
        0.5703881
      ],
      "num_hits": 10
    }
  },
  "query_7": {
    "doc_ids": [
      "arxiv:2307.03172#introduction:part-2",
      "arxiv:2307.03172#related-work:part-2",
      "arxiv:2312.00752#introduction:part-1",
      "arxiv:2303.18223#method:part-9",
      "arxiv:1901.02860#model:part-2",
      "arxiv:1901.02860#related-work",
      "arxiv:1901.02860#introduction:part-2",
      "arxiv:2305.13048#background:part-12",
      "arxiv:2307.03172#related-work:part-1",
      "arxiv:2307.03172#abstract"
    ],
    "query_time": 0.010579824447631836,
    "metadata": {
      "scores": [
        0.59414816,
        0.57050073,
        0.5598581,
        0.54519343,
        0.5016389,
        0.50076807,
        0.50042063,
        0.49740767,
        0.4961029,
        0.49580938
      ],
      "num_hits": 10
    }
  },
  "query_8": {
    "doc_ids": [
      "arxiv:2304.01373#abstract:part-5",
      "arxiv:2310.20707#introduction:part-3",
      "arxiv:palm2techreport#introduction:part-3",
      "arxiv:2310.20707#model:part-3",
      "arxiv:palm2techreport#evaluation:part-22",
      "arxiv:2304.01373#abstract:part-22",
      "arxiv:palm2techreport#evaluation:part-23",
      "arxiv:10000000_662098952474184_2584067087619170692_n#model:part-32",
      "arxiv:2307.09288#model:part-32",
      "arxiv:2303.18223#model:part-19"
    ],
    "query_time": 0.008715152740478516,
    "metadata": {
      "scores": [
        0.55806035,
        0.55391437,
        0.5524636,
        0.5403446,
        0.52667785,
        0.5219233,
        0.51937294,
        0.5178824,
        0.5178824,
        0.51619965
      ],
      "num_hits": 10
    }
  },
  "query_9": {
    "doc_ids": [
      "arxiv:2307.09288#related-work:part-1",
      "arxiv:10000000_662098952474184_2584067087619170692_n#related-work:part-1",
      "arxiv:2307.09288#conclusion",
      "arxiv:10000000_662098952474184_2584067087619170692_n#conclusion",
      "arxiv:2304.00612#abstract",
      "arxiv:2304.00612#conclusion:part-2",
      "arxiv:2211.09110#conclusion:part-3",
      "arxiv:2204.06745#introduction:part-18",
      "arxiv:2211.09110#introduction:part-7",
      "arxiv:2211.05100#abstract:part-6"
    ],
    "query_time": 0.01524496078491211,
    "metadata": {
      "scores": [
        0.48764014,
        0.48764014,
        0.45026493,
        0.45026493,
        0.43823314,
        0.43681917,
        0.43550533,
        0.43508935,
        0.42120627,
        0.41746917
      ],
      "num_hits": 10
    }
  },
  "query_10": {
    "doc_ids": [
      "arxiv:2203.02155#model:part-10",
      "arxiv:2307.10169#methods:part-11",
      "arxiv:2203.02155#model:part-9",
      "arxiv:2203.02155#model:part-16",
      "arxiv:2303.18223#model:part-8",
      "arxiv:2303.18223#model:part-7",
      "arxiv:2305.03047#evaluation",
      "arxiv:2510.13108#method:part-2",
      "arxiv:1901.02860#model:part-7",
      "arxiv:2310.05492#introduction:part-3"
    ],
    "query_time": 0.023751258850097656,