{
  "query_1": {
    "doc_ids": [
      "arxiv:2303.18223#result:part-26",
      "arxiv:2307.10169#methods:part-7",
      "arxiv:2307.10169#methods:part-5",
      "arxiv:2307.10169#methods:part-10",
      "arxiv:2307.10169#methods:part-6",
      "arxiv:2307.10169#methods:part-4",
      "arxiv:2307.10169#methods:part-11",
      "arxiv:2303.18223#result:part-27",
      "arxiv:2303.18223#model:part-52",
      "arxiv:2303.18223#result:part-24"
    ],
    "query_time": 0.05491805076599121,
    "metadata": {
      "scores": [
        0.51897526,
        0.5146074,
        0.5141613,
        0.50479716,
        0.48765048,
        0.48554206,
        0.45829535,
        0.43741184,
        0.43682685,
        0.4323104
      ],
      "num_hits": 10
    }
  },
  "query_2": {
    "doc_ids": [
      "arxiv:2106.09685#method:part-16",
      "arxiv:2308.10792#model:part-23",
      "arxiv:2106.09685#introduction:part-9",
      "arxiv:2305.14314#background:part-3",
      "arxiv:2211.09718#experiment:part-4",
      "arxiv:2207.00112#experiments:part-2",
      "arxiv:2106.09685#introduction:part-13",
      "arxiv:2307.10169#introduction:part-35",
      "arxiv:2301.13688#related-work:part-4",
      "arxiv:2106.09685#introduction:part-12"
    ],
    "query_time": 0.01287388801574707,
    "metadata": {
      "scores": [
        0.5877937,
        0.58565557,
        0.57592267,
        0.57177615,
        0.5694344,
        0.55754375,
        0.5540955,
        0.5524285,
        0.5524055,
        0.5497439
      ],
      "num_hits": 10
    }
  },
  "query_3": {
    "doc_ids": [
      "arxiv:2305.13048#background:part-13",
      "arxiv:palm2techreport#introduction:part-10",
      "arxiv:2303.18223#introduction:part-16",
      "arxiv:2302.13971#introduction:part-1",
      "arxiv:333078981_693988129081760_4712707815225756708_n#introduction:part-1",
      "arxiv:2307.09288#related-work:part-1",
      "arxiv:10000000_662098952474184_2584067087619170692_n#related-work:part-1",
      "arxiv:333078981_693988129081760_4712707815225756708_n#related-work:part-4",
      "arxiv:2001.08361#model:part-4",
      "arxiv:2302.13971#related-work:part-4"
    ],
    "query_time": 0.011317014694213867,
    "metadata": {
      "scores": [
        0.7419542,
        0.7122288,
        0.69388515,
        0.6884725,
        0.6878826,
        0.67381096,
        0.67381096,
        0.6733216,
        0.6731281,
        0.6672362
      ],
      "num_hits": 10
    }
  },
  "query_4": {
    "doc_ids": [
      "arxiv:2303.18223#result:part-46",
      "arxiv:2303.18223#result:part-49",
      "arxiv:2303.18223#result:part-50",
      "arxiv:2307.10169#methods:part-101",
      "arxiv:2307.10169#methods:part-38",
      "arxiv:2303.18223#result:part-48",
      "arxiv:2303.18223#result:part-34",
      "arxiv:2307.10169#methods:part-37",
      "arxiv:palm2techreport#evaluation:part-16",
      "arxiv:2307.10169#methods:part-35"
    ],
    "query_time": 0.008278131484985352,
    "metadata": {
      "scores": [
        0.68947434,
        0.6876296,
        0.6495634,
        0.6274466,
        0.6230835,
        0.61801183,
        0.6033292,
        0.60032356,
        0.5948638,
        0.5870945
      ],
      "num_hits": 10
    }
  },
  "query_5": {
    "doc_ids": [
      "arxiv:10000000_662098952474184_2584067087619170692_n#model:part-23",
      "arxiv:2307.09288#model:part-23",
      "arxiv:2307.10169#methods:part-15",
      "arxiv:2307.09288#model:part-37",
      "arxiv:10000000_662098952474184_2584067087619170692_n#model:part-37",
      "arxiv:2510.13794#background:part-1",
      "arxiv:2307.10169#methods:part-17",
      "arxiv:2307.10169#methods:part-16",
      "arxiv:2203.02155#related-work:part-1",
      "arxiv:2305.18290#related-work:part-4"
    ],
    "query_time": 0.01172184944152832,
    "metadata": {
      "scores": [
        0.5631271,
        0.5631271,
        0.5427263,
        0.53504604,
        0.53504604,
        0.5328868,
        0.53044647,
        0.5215155,
        0.51899755,
        0.51647884
      ],
      "num_hits": 10
    }
  },
  "query_6": {
    "doc_ids": [
      "arxiv:2307.10169#conclusion",
      "arxiv:palm2techreport#introduction:part-15",
      "arxiv:2211.09110#model:part-14",
      "arxiv:palm2techreport#introduction:part-2",
      "arxiv:1909.08053#abstract:part-8",
      "arxiv:2304.01373#abstract:part-13",
      "arxiv:2005.14165#results:part-12",
      "arxiv:2207.00112#introduction:part-1",
      "arxiv:palm2techreport#introduction:part-1",
      "arxiv:2304.01373#abstract:part-9"
    ],
    "query_time": 0.009866952896118164,
    "metadata": {
      "scores": [
        0.7156366,
        0.6074317,
        0.6049549,
        0.6006085,
        0.59787554,
        0.5947842,
        0.5902662,
        0.5896987,
        0.58578,
        0.58300537
      ],
      "num_hits": 10
    }
  },
  "query_7": {
    "doc_ids": [
      "arxiv:2307.10169#introduction:part-54",
      "arxiv:2303.18223#method:part-18",
      "arxiv:2303.18223#method:part-14",
      "arxiv:2305.07185#model:part-30",
      "arxiv:2312.00752#introduction:part-1",
      "arxiv:2312.00752#introduction:part-2",
      "arxiv:2307.03172#introduction:part-2",
      "arxiv:2305.13048#background:part-18",
      "arxiv:2312.00752#introduction:part-27",
      "arxiv:2307.03172#introduction:part-3"
    ],
    "query_time": 0.007332801818847656,
    "metadata": {
      "scores": [
        0.60394645,
        0.58341646,
        0.580503,
        0.56419086,
        0.5598581,
        0.5496217,
        0.54843426,
        0.54402804,
        0.53610575,
        0.51781905
      ],
      "num_hits": 10
    }
  },
  "query_8": {
    "doc_ids": [
      "arxiv:2303.18223#model:part-46",
      "arxiv:2310.20707#model:part-29",
      "arxiv:2310.20707#introduction:part-4",
      "arxiv:2304.01373#abstract:part-7",
      "arxiv:2303.18223#model:part-37",
      "arxiv:2310.20707#model:part-4",
      "arxiv:2304.01373#abstract:part-34",
      "arxiv:2303.18223#model:part-30",
      "arxiv:palm2techreport#evaluation:part-33",
      "arxiv:10000000_662098952474184_2584067087619170692_n#model:part-50"
    ],
    "query_time": 0.007388114929199219,
    "metadata": {
      "scores": [
        0.6300305,
        0.6297101,
        0.60505795,
        0.58092785,
        0.56561756,
        0.5544082,
        0.55360615,
        0.54819196,
        0.5474802,
        0.5397568
      ],
      "num_hits": 10
    }
  },
  "query_9": {
    "doc_ids": [
      "arxiv:2307.09288#related-work:part-1",
      "arxiv:10000000_662098952474184_2584067087619170692_n#related-work:part-1",
      "arxiv:2203.02155#model:part-29",
      "arxiv:2307.09288#conclusion",
      "arxiv:10000000_662098952474184_2584067087619170692_n#conclusion",
      "arxiv:2303.18223#introduction:part-38",
      "arxiv:2304.00612#abstract",
      "arxiv:10000000_662098952474184_2584067087619170692_n#model:part-2",
      "arxiv:2307.09288#model:part-2",
      "arxiv:2204.06745#introduction:part-28"
    ],
    "query_time": 0.012377023696899414,
    "metadata": {
      "scores": [
        0.48764014,
        0.48764014,
        0.45114216,
        0.45026493,
        0.45026493,
        0.44073734,
        0.43823314,
        0.43765807,
        0.43765807,
        0.43508935
      ],
      "num_hits": 10
    }
  },
  "query_10": {
    "doc_ids": [
      "arxiv:2203.02155#model:part-14",
      "arxiv:2307.10169#methods:part-17",
      "arxiv:2203.02155#model:part-16",
      "arxiv:2303.18223#model:part-11",
      "arxiv:2303.18223#model:part-89",
      "arxiv:2305.03047#introduction:part-5",
      "arxiv:2203.02155#related-work:part-2",
      "arxiv:2203.02155#model:part-13",
      "arxiv:2303.18223#model:part-12",
      "arxiv:2203.02155#model:part-25"
    ],
    "query_time": 0.007408857345581055,