{
  "query_1": {
    "doc_ids": [
      "arxiv:2307.10169",
      "arxiv:2307.10169",
      "arxiv:2303.18223",
      "arxiv:2307.10169",
      "arxiv:2303.18223",
      "arxiv:2307.10169",
      "arxiv:2307.10169",
      "arxiv:2303.18223",
      "arxiv:2307.10169",
      "arxiv:2303.18223"
    ],
    "query_time": 0.027287006378173828,
    "metadata": {
      "scores": [
        0.5694793,
        0.5410124,
        0.51087666,
        0.48714268,
        0.4831934,
        0.47562724,
        0.42820287,
        0.4223412,
        0.4124989,
        0.40323976
      ],
      "num_hits": 10
    }
  },
  "query_2": {
    "doc_ids": [
      "arxiv:2106.09685",
      "arxiv:2106.09685",
      "arxiv:2308.10792",
      "arxiv:2306.09782",
      "arxiv:2304.01933",
      "arxiv:2412.10543",
      "arxiv:2312.09993",
      "arxiv:20-074",
      "arxiv:2305.14314",
      "arxiv:2106.09685"
    ],
    "query_time": 0.011270999908447266,
    "metadata": {
      "scores": [
        0.56739795,
        0.5571983,
        0.53907007,
        0.5357233,
        0.5348814,
        0.5338297,
        0.52759516,
        0.52692586,
        0.52487254,
        0.5238898
      ],
      "num_hits": 10
    }
  },
  "query_3": {
    "doc_ids": [
      "arxiv:2001.08361",
      "arxiv:2303.18223",
      "arxiv:2303.18223",
      "arxiv:2302.13971",
      "arxiv:333078981_693988129081760_4712707815225756708_n",
      "arxiv:10000000_662098952474184_2584067087619170692_n",
      "arxiv:2204.02311",
      "arxiv:2203.15556",
      "arxiv:2001.08361",
      "arxiv:2203.15556"
    ],
    "query_time": 0.011548757553100586,
    "metadata": {
      "scores": [
        0.71224856,
        0.708443,
        0.6999988,
        0.6884725,
        0.6878826,
        0.67381096,
        0.67148054,
        0.67001617,
        0.6493593,
        0.6389302
      ],
      "num_hits": 10
    }
  },
  "query_4": {
    "doc_ids": [
      "arxiv:2303.18223",
      "arxiv:2303.18223",
      "arxiv:2303.18223",
      "arxiv:2303.18223",
      "arxiv:2303.18223",
      "arxiv:palm2techreport",
      "arxiv:2303.18223",
      "arxiv:2303.18223",
      "arxiv:2308.10792",
      "arxiv:2303.18223"
    ],
    "query_time": 0.013653039932250977,
    "metadata": {
      "scores": [
        0.73093736,
        0.69133306,
        0.60270375,
        0.59582174,
        0.5948928,
        0.59081614,
        0.59045935,
        0.5850506,
        0.5719829,
        0.56068075
      ],
      "num_hits": 10
    }
  },
  "query_5": {
    "doc_ids": [
      "arxiv:2305.18290",
      "arxiv:2305.18290",
      "arxiv:2510.13794",
      "arxiv:2307.10169",
      "arxiv:2203.02155",
      "arxiv:2303.18223",
      "arxiv:10000000_662098952474184_2584067087619170692_n",
      "arxiv:2308.10792",
      "arxiv:2303.18223",
      "arxiv:2304.00612"
    ],
    "query_time": 0.011324882507324219,
    "metadata": {
      "scores": [
        0.54157865,
        0.53342247,
        0.5328868,
        0.5192796,
        0.51899755,
        0.51762444,
        0.50931734,
        0.50022316,
        0.49720544,
        0.4932073
      ],
      "num_hits": 10
    }
  },
  "query_6": {
    "doc_ids": [
      "arxiv:2307.10169",
      "arxiv:2211.05100",
      "arxiv:2211.05100",
      "arxiv:2211.09110",
      "arxiv:2204.02311",
      "arxiv:2207.00112",
      "arxiv:palm2techreport",
      "arxiv:2203.15556",
      "arxiv:2204.02311",
      "arxiv:1909.08053"
    ],
    "query_time": 0.007072925567626953,
    "metadata": {
      "scores": [
        0.7156366,
        0.6309767,
        0.62010455,
        0.61804175,
        0.5904205,
        0.5896987,
        0.58578,
        0.5843168,
        0.57845515,
        0.5781393
      ],
      "num_hits": 10
    }
  },
  "query_7": {
    "doc_ids": [
      "arxiv:2312.00752",
      "arxiv:2305.13048",
      "arxiv:1901.02860",
      "arxiv:2303.18223",
      "arxiv:2303.18223",
      "arxiv:1901.02860",
      "arxiv:2307.10169",
      "arxiv:2307.03172",
      "arxiv:2307.03172",
      "arxiv:2302.10866"
    ],
    "query_time": 0.007143259048461914,
    "metadata": {
      "scores": [
        0.5598581,
        0.5564784,
        0.5473689,
        0.54519343,
        0.53350174,
        0.50076807,
        0.49845627,
        0.4961029,
        0.49580938,
        0.49503866
      ],
      "num_hits": 10
    }
  },
  "query_8": {
    "doc_ids": [
      "arxiv:2310.20707",
      "arxiv:2303.18223",
      "arxiv:2303.18223",
      "arxiv:2303.18223",
      "arxiv:2005.14165",
      "arxiv:palm2techreport",
      "arxiv:2310.20707",
      "arxiv:2310.20707",
      "arxiv:2303.18223",
      "arxiv:333078981_693988129081760_4712707815225756708_n"
    ],
    "query_time": 0.007543802261352539,
    "metadata": {
      "scores": [
        0.62101185,
        0.60546285,
        0.58661926,
        0.5722754,
        0.5673304,
        0.55382586,
        0.5530076,
        0.5510191,
        0.5504688,
        0.54794645
      ],
      "num_hits": 10
    }
  },
  "query_9": {
    "doc_ids": [
      "arxiv:2203.02155",
      "arxiv:2304.01373",
      "arxiv:10000000_662098952474184_2584067087619170692_n",
      "arxiv:2304.01373",
      "arxiv:2211.05100",
      "arxiv:2211.09110",
      "arxiv:2211.05100",
      "arxiv:2304.00612",
      "arxiv:2304.00612",
      "arxiv:2211.09110"
    ],
    "query_time": 0.011086702346801758,
    "metadata": {
      "scores": [
        0.5074836,
        0.48890483,
        0.48764014,
        0.4649021,
        0.46481392,
        0.46091244,
        0.443695,
        0.43823314,
        0.4142707,
        0.4075353
      ],
      "num_hits": 10
    }
  },
  "query_10": {
    "doc_ids": [
      "arxiv:2203.02155",
      "arxiv:2303.18223",
      "arxiv:2203.02155",
      "arxiv:2203.02155",
      "arxiv:2307.10169",
      "arxiv:1901.02860",
      "arxiv:2203.02155",
      "arxiv:2305.03047",
      "arxiv:2305.03047",
      "arxiv:2510.13048"
    ],
    "query_time": 0.005675792694091797,
    "metadata": {
      "scores": [
        0.55413353,
        0.5475381,
        0.5446434,
        0.533418,
        0.46607602,
        0.4588636,
        0.45603597,
        0.44628567,
        0.44427797,
        0.44320405
      ],
      "num_hits": 10
    }
  }
}