{
  "query_1": {
    "doc_ids": [
      "arxiv:2307.10169",
      "arxiv:2307.10169",
      "arxiv:2303.18223",
      "arxiv:2307.10169",
      "arxiv:2303.18223",
      "arxiv:2303.18223",
      "arxiv:2307.10169",
      "arxiv:2307.10169",
      "blog:www.databricks.com",
      "arxiv:2309.06180"
    ],
    "query_time": 0.07039690017700195,
    "metadata": {
      "scores": [
        0.48581415,
        0.47695532,
        0.46529126,
        0.46413273,
        0.42943317,
        0.42592353,
        0.31458396,
        0.3137197,
        0.30867296,
        0.30674297
      ],
      "num_hits": 10
    }
  },
  "query_2": {
    "doc_ids": [
      "arxiv:2106.09685",
      "arxiv:2106.09685",
      "arxiv:2307.10169",
      "arxiv:2306.11695",
      "arxiv:2412.10543",
      "arxiv:2301.13688",
      "arxiv:2106.09685",
      "arxiv:2412.10543",
      "arxiv:2301.13688",
      "arxiv:20-074"
    ],
    "query_time": 0.010287284851074219,
    "metadata": {
      "scores": [
        0.6074175,
        0.57602435,
        0.5261158,
        0.5095698,
        0.5087084,
        0.50769764,
        0.5055538,
        0.5002029,
        0.49331647,
        0.4909471
      ],
      "num_hits": 10
    }
  },
  "query_3": {
    "doc_ids": [
      "arxiv:2304.00612",
      "arxiv:2001.08361",
      "arxiv:2001.08361",
      "arxiv:2303.18223",
      "arxiv:2203.15556",
      "arxiv:2303.18223",
      "arxiv:2001.08361",
      "arxiv:333078981_693988129081760_4712707815225756708_n",
      "arxiv:2203.15556",
      "arxiv:2303.18223"
    ],
    "query_time": 0.008766889572143555,
    "metadata": {
      "scores": [
        0.6770699,
        0.6561338,
        0.6493593,
        0.63499475,
        0.62150186,
        0.621055,
        0.61776024,
        0.61321294,
        0.61029583,
        0.6089172
      ],
      "num_hits": 10
    }
  },
  "query_4": {
    "doc_ids": [
      "arxiv:2307.10169",
      "arxiv:2303.18223",
      "arxiv:palm2techreport",
      "arxiv:2303.18223",
      "arxiv:2307.10169",
      "arxiv:2307.10169",
      "arxiv:2303.18223",
      "arxiv:2303.18223",
      "arxiv:2302.13971",
      "arxiv:333078981_693988129081760_4712707815225756708_n"
    ],
    "query_time": 0.0137939453125,
    "metadata": {
      "scores": [
        0.64317834,
        0.63801324,
        0.6168831,
        0.5879049,
        0.5742972,
        0.55871916,
        0.55619836,
        0.55376434,
        0.5506611,
        0.54759884
      ],
      "num_hits": 10
    }
  },
  "query_5": {
    "doc_ids": [
      "arxiv:2304.00612",
      "arxiv:2307.09288",
      "arxiv:10000000_662098952474184_2584067087619170692_n",
      "arxiv:2510.13794",
      "arxiv:2510.13794",
      "arxiv:2308.10792",
      "arxiv:2305.03047",
      "arxiv:2303.18223",
      "arxiv:10000000_662098952474184_2584067087619170692_n",
      "arxiv:2307.09288"
    ],
    "query_time": 0.00785684585571289,
    "metadata": {
      "scores": [
        0.5463315,
        0.53882784,
        0.53882784,
        0.509043,
        0.50226367,
        0.50022316,
        0.49974474,
        0.4968931,
        0.48712897,
        0.48712897
      ],
      "num_hits": 10
    }
  },
  "query_6": {
    "doc_ids": [
      "arxiv:2303.18223",
      "arxiv:palm2techreport",
      "arxiv:2211.05100",
      "arxiv:2211.05100",
      "arxiv:2304.01373",
      "arxiv:1701.06538",
      "arxiv:2203.15556",
      "arxiv:2203.15556",
      "arxiv:2211.05100",
      "arxiv:333078981_693988129081760_4712707815225756708_n"
    ],
    "query_time": 0.008746147155761719,
    "metadata": {
      "scores": [
        0.6329174,
        0.6257006,
        0.607169,
        0.60349745,
        0.60289127,
        0.5982146,
        0.5775151,
        0.5691792,
        0.56396425,
        0.56276166
      ],
      "num_hits": 10
    }
  },
  "query_7": {
    "doc_ids": [
      "arxiv:2303.18223",
      "arxiv:2303.18223",
      "arxiv:2305.07185",
      "arxiv:2307.03172",
      "arxiv:2303.18223",
      "arxiv:2305.13048",
      "arxiv:1901.02860",
      "arxiv:2303.18223",
      "arxiv:2312.00752",
      "arxiv:2307.03172"
    ],
    "query_time": 0.008169889450073242,
    "metadata": {
      "scores": [
        0.5705197,
        0.55591846,
        0.5539551,
        0.5504019,
        0.5462289,
        0.53505695,
        0.5264982,
        0.5185921,
        0.51728547,
        0.513484
      ],
      "num_hits": 10
    }
  },
  "query_8": {
    "doc_ids": [
      "arxiv:2303.18223",
      "arxiv:2303.18223",
      "arxiv:2310.20707",
      "arxiv:2005.14165",
      "arxiv:2307.09288",
      "arxiv:10000000_662098952474184_2584067087619170692_n",
      "arxiv:2303.18223",
      "arxiv:palm2techreport",
      "arxiv:2204.02311",
      "arxiv:palm2techreport"
    ],
    "query_time": 0.0058438777923583984,
    "metadata": {
      "scores": [
        0.6203271,
        0.55749947,
        0.5355012,
        0.5259378,
        0.5255861,
        0.5255861,
        0.52083105,
        0.51728964,
        0.50825423,
        0.50816715
      ],
      "num_hits": 10
    }
  },
  "query_9": {
    "doc_ids": [
      "arxiv:2312.09993",
      "arxiv:2304.01373",
      "arxiv:10000000_662098952474184_2584067087619170692_n",
      "arxiv:2307.09288",
      "arxiv:2304.00612",
      "arxiv:2211.09110",
      "arxiv:2204.06745",
      "arxiv:2005.14165",
      "arxiv:2310.05492",
      "arxiv:2304.00612"
    ],
    "query_time": 0.010522127151489258,
    "metadata": {
      "scores": [
        0.4801952,
        0.47112498,
        0.44058287,
        0.44058287,
        0.43322012,
        0.4197953,
        0.4194864,
        0.40823177,
        0.39884412,
        0.39586505
      ],
      "num_hits": 10
    }
  },
  "query_10": {
    "doc_ids": [
      "arxiv:2203.02155",
      "arxiv:2305.03047",
      "arxiv:2203.02155",
      "arxiv:2307.09288",
      "arxiv:10000000_662098952474184_2584067087619170692_n",
      "arxiv:2305.03047",
      "arxiv:2303.18223",
      "arxiv:2203.02155",
      "arxiv:2203.02155",
      "arxiv:2203.02155"
    ],
    "query_time": 0.00652003288269043,
    "metadata": {
      "scores": [
        0.5722181,
        0.525048,
        0.508735,
        0.5041498,
        0.5041498,
        0.47115204,
        0.4677493,
        0.4497802,
        0.4465284,
        0.4395523
      ],
      "num_hits": 10
    }
  }
}