{
  "system_metrics": {
    "baseline": {
      "recall@5": 0.7321428571428571,
      "ndcg@5": 0.7237737640164681,
      "ndcg@10": 0.7321099877019595,
      "hit_rate@10": 1.0,
      "hit_rate@3": 0.9,
      "mrr": 0.825,
      "recall@3": 0.5345238095238095,
      "retrieval_latency": 0.005976390838623047,
      "citation_accuracy": 0.44952380952380955,
      "ndcg@3": 0.6350499802054138,
      "ndcg@1": 0.7,
      "precision@3": 0.6333333333333333,
      "recall@10": 0.7607142857142857,
      "precision@1": 0.7,
      "precision@10": 0.44952380952380955,
      "precision@5": 0.54,
      "hit_rate@5": 1.0,
      "recall@1": 0.20595238095238094,
      "grounding_accuracy": 1.0,
      "hit_rate@1": 0.7,
      "average_response_time": 0.005976390838623047,
      "queries_per_second": 167.32506741985415
    },
    "embed_all-mpnet-base-v2_512_ov80": {
      "recall@5": 0.3678571428571428,
      "ndcg@5": 0.3939705702456143,
      "ndcg@10": 0.43218536937536267,
      "hit_rate@10": 0.9,
      "hit_rate@3": 0.6,
      "mrr": 0.5408333333333333,
      "recall@3": 0.24761904761904763,
      "retrieval_latency": 0.08909757137298584,
      "citation_accuracy": 0.2851190476190476,
      "ndcg@3": 0.3203217548325172,
      "ndcg@1": 0.4,
      "precision@3": 0.26666666666666666,
      "recall@10": 0.46547619047619043,
      "precision@1": 0.4,
      "precision@10": 0.2851190476190476,
      "precision@5": 0.27999999999999997,
      "hit_rate@5": 0.8,
      "recall@1": 0.14166666666666666,
      "grounding_accuracy": 1.0,
      "hit_rate@1": 0.4,
      "average_response_time": 0.08909757137298584,
      "queries_per_second": 11.223650483285759
    }
  },
  "best_systems": {
    "recall@5": {
      "system": "baseline",
      "score": 0.7321428571428571
    },
    "ndcg@5": {
      "system": "baseline",
      "score": 0.7237737640164681
    },
    "ndcg@10": {
      "system": "baseline",
      "score": 0.7321099877019595
    },
    "hit_rate@10": {
      "system": "baseline",
      "score": 1.0
    },
    "hit_rate@3": {
      "system": "baseline",
      "score": 0.9
    },
    "mrr": {
      "system": "baseline",
      "score": 0.825
    },
    "recall@3": {
      "system": "baseline",
      "score": 0.5345238095238095
    },
    "retrieval_latency": {
      "system": "embed_all-mpnet-base-v2_512_ov80",
      "score": 0.08909757137298584
    },
    "citation_accuracy": {
      "system": "baseline",
      "score": 0.44952380952380955
    },
    "ndcg@3": {
      "system": "baseline",
      "score": 0.6350499802054138
    },
    "ndcg@1": {
      "system": "baseline",
      "score": 0.7
    },
    "precision@3": {
      "system": "baseline",
      "score": 0.6333333333333333
    },
    "recall@10": {
      "system": "baseline",
      "score": 0.7607142857142857
    },
    "precision@1": {
      "system": "baseline",
      "score": 0.7
    },
    "precision@10": {
      "system": "baseline",
      "score": 0.44952380952380955
    },
    "precision@5": {
      "system": "baseline",
      "score": 0.54
    },
    "hit_rate@5": {
      "system": "baseline",
      "score": 1.0
    },
    "recall@1": {
      "system": "baseline",
      "score": 0.20595238095238094
    },
    "grounding_accuracy": {
      "system": "baseline",
      "score": 1.0
    },
    "hit_rate@1": {
      "system": "baseline",
      "score": 0.7
    },
    "average_response_time": {
      "system": "embed_all-mpnet-base-v2_512_ov80",
      "score": 0.08909757137298584
    },
    "queries_per_second": {
      "system": "baseline",
      "score": 167.32506741985415
    }
  }
}