{
  "system_metrics": {
    "baseline": {
      "grounding_accuracy": 1.0,
      "recall@10": 0.7607142857142857,
      "hit_rate@5": 1.0,
      "precision@1": 0.7,
      "recall@3": 0.5345238095238095,
      "recall@5": 0.7321428571428571,
      "precision@10": 0.44952380952380955,
      "mrr": 0.825,
      "ndcg@1": 0.7,
      "hit_rate@10": 1.0,
      "precision@5": 0.54,
      "ndcg@5": 0.7237737640164681,
      "retrieval_latency": 0.005976390838623047,
      "precision@3": 0.6333333333333333,
      "recall@1": 0.20595238095238094,
      "hit_rate@3": 0.9,
      "citation_accuracy": 0.44952380952380955,
      "ndcg@3": 0.6350499802054138,
      "hit_rate@1": 0.7,
      "ndcg@10": 0.7321099877019595,
      "average_response_time": 0.005976390838623047,
      "queries_per_second": 167.32506741985415
    },
    "embed_all-MiniLM-L12-v2_512_ov80": {
      "grounding_accuracy": 1.0,
      "recall@10": 0.5797619047619047,
      "hit_rate@5": 0.8,
      "precision@1": 0.3,
      "recall@3": 0.3476190476190476,
      "recall@5": 0.4095238095238095,
      "precision@10": 0.25436507936507935,
      "mrr": 0.55,
      "ndcg@1": 0.25,
      "hit_rate@10": 0.9,
      "precision@5": 0.28500000000000003,
      "ndcg@5": 0.3786239397138978,
      "retrieval_latency": 0.011336779594421387,
      "precision@3": 0.36666666666666664,
      "recall@1": 0.1,
      "hit_rate@3": 0.8,
      "citation_accuracy": 0.25436507936507935,
      "ndcg@3": 0.35071790911307243,
      "hit_rate@1": 0.3,
      "ndcg@10": 0.4597177077427267,
      "average_response_time": 0.011336779594421387,
      "queries_per_second": 88.20847152149636
    }
  },
  "best_systems": {
    "grounding_accuracy": {
      "system": "baseline",
      "score": 1.0
    },
    "recall@10": {
      "system": "baseline",
      "score": 0.7607142857142857
    },
    "hit_rate@5": {
      "system": "baseline",
      "score": 1.0
    },
    "precision@1": {
      "system": "baseline",
      "score": 0.7
    },
    "recall@3": {
      "system": "baseline",
      "score": 0.5345238095238095
    },
    "recall@5": {
      "system": "baseline",
      "score": 0.7321428571428571
    },
    "precision@10": {
      "system": "baseline",
      "score": 0.44952380952380955
    },
    "mrr": {
      "system": "baseline",
      "score": 0.825
    },
    "ndcg@1": {
      "system": "baseline",
      "score": 0.7
    },
    "hit_rate@10": {
      "system": "baseline",
      "score": 1.0
    },
    "precision@5": {
      "system": "baseline",
      "score": 0.54
    },
    "ndcg@5": {
      "system": "baseline",
      "score": 0.7237737640164681
    },
    "retrieval_latency": {
      "system": "embed_all-MiniLM-L12-v2_512_ov80",
      "score": 0.011336779594421387
    },
    "precision@3": {
      "system": "baseline",
      "score": 0.6333333333333333
    },
    "recall@1": {
      "system": "baseline",
      "score": 0.20595238095238094
    },
    "hit_rate@3": {
      "system": "baseline",
      "score": 0.9
    },
    "citation_accuracy": {
      "system": "baseline",
      "score": 0.44952380952380955
    },
    "ndcg@3": {
      "system": "baseline",
      "score": 0.6350499802054138
    },
    "hit_rate@1": {
      "system": "baseline",
      "score": 0.7
    },
    "ndcg@10": {
      "system": "baseline",
      "score": 0.7321099877019595
    },
    "average_response_time": {
      "system": "embed_all-MiniLM-L12-v2_512_ov80",
      "score": 0.011336779594421387
    },
    "queries_per_second": {
      "system": "baseline",
      "score": 167.32506741985415
    }
  }
}