{
  "system_metrics": {
    "baseline": {
      "recall@3": 0.5345238095238095,
      "ndcg@10": 0.7321099877019595,
      "recall@10": 0.7607142857142857,
      "precision@5": 0.54,
      "grounding_accuracy": 1.0,
      "recall@5": 0.7321428571428571,
      "hit_rate@3": 0.9,
      "hit_rate@1": 0.7,
      "precision@3": 0.6333333333333333,
      "hit_rate@5": 1.0,
      "recall@1": 0.20595238095238094,
      "ndcg@1": 0.7,
      "precision@1": 0.7,
      "ndcg@3": 0.6350499802054138,
      "retrieval_latency": 0.005976390838623047,
      "precision@10": 0.44952380952380955,
      "citation_accuracy": 0.44952380952380955,
      "ndcg@5": 0.7237737640164681,
      "mrr": 0.825,
      "hit_rate@10": 1.0,
      "average_response_time": 0.005976390838623047,
      "queries_per_second": 167.32506741985415
    },
    "embed_multi-qa-MiniLM-L6-cos-v1_512_ov80": {
      "recall@3": 0.3119047619047619,
      "ndcg@10": 0.5551065383556402,
      "recall@10": 0.6630952380952381,
      "precision@5": 0.35,
      "grounding_accuracy": 1.0,
      "recall@5": 0.4904761904761904,
      "hit_rate@3": 0.7,
      "hit_rate@1": 0.5,
      "precision@3": 0.35,
      "hit_rate@5": 0.8,
      "recall@1": 0.15595238095238095,
      "ndcg@1": 0.5,
      "precision@1": 0.5,
      "ndcg@3": 0.3887548303447901,
      "retrieval_latency": 0.010157132148742675,
      "precision@10": 0.34424603174603174,
      "citation_accuracy": 0.34424603174603174,
      "ndcg@5": 0.47682522746827144,
      "mrr": 0.6392857142857143,
      "hit_rate@10": 1.0,
      "average_response_time": 0.010157132148742675,
      "queries_per_second": 98.45298705932336
    }
  },
  "best_systems": {
    "recall@3": {
      "system": "baseline",
      "score": 0.5345238095238095
    },
    "ndcg@10": {
      "system": "baseline",
      "score": 0.7321099877019595
    },
    "recall@10": {
      "system": "baseline",
      "score": 0.7607142857142857
    },
    "precision@5": {
      "system": "baseline",
      "score": 0.54
    },
    "grounding_accuracy": {
      "system": "baseline",
      "score": 1.0
    },
    "recall@5": {
      "system": "baseline",
      "score": 0.7321428571428571
    },
    "hit_rate@3": {
      "system": "baseline",
      "score": 0.9
    },
    "hit_rate@1": {
      "system": "baseline",
      "score": 0.7
    },
    "precision@3": {
      "system": "baseline",
      "score": 0.6333333333333333
    },
    "hit_rate@5": {
      "system": "baseline",
      "score": 1.0
    },
    "recall@1": {
      "system": "baseline",
      "score": 0.20595238095238094
    },
    "ndcg@1": {
      "system": "baseline",
      "score": 0.7
    },
    "precision@1": {
      "system": "baseline",
      "score": 0.7
    },
    "ndcg@3": {
      "system": "baseline",
      "score": 0.6350499802054138
    },
    "retrieval_latency": {
      "system": "embed_multi-qa-MiniLM-L6-cos-v1_512_ov80",
      "score": 0.010157132148742675
    },
    "precision@10": {
      "system": "baseline",
      "score": 0.44952380952380955
    },
    "citation_accuracy": {
      "system": "baseline",
      "score": 0.44952380952380955
    },
    "ndcg@5": {
      "system": "baseline",
      "score": 0.7237737640164681
    },
    "mrr": {
      "system": "baseline",
      "score": 0.825
    },
    "hit_rate@10": {
      "system": "baseline",
      "score": 1.0
    },
    "average_response_time": {
      "system": "embed_multi-qa-MiniLM-L6-cos-v1_512_ov80",
      "score": 0.010157132148742675
    },
    "queries_per_second": {
      "system": "baseline",
      "score": 167.32506741985415
    }
  }
}