{
  "system_metrics": {
    "baseline": {
      "hit_rate@3": 0.9,
      "hit_rate@1": 0.7,
      "hit_rate@10": 1.0,
      "mrr": 0.825,
      "precision@1": 0.7,
      "recall@10": 0.7607142857142857,
      "recall@5": 0.7321428571428571,
      "ndcg@1": 0.7,
      "ndcg@10": 0.7321099877019595,
      "precision@3": 0.6333333333333333,
      "grounding_accuracy": 1.0,
      "citation_accuracy": 0.44952380952380955,
      "ndcg@5": 0.7237737640164681,
      "ndcg@3": 0.6350499802054138,
      "recall@3": 0.5345238095238095,
      "precision@10": 0.44952380952380955,
      "precision@5": 0.54,
      "retrieval_latency": 0.005976390838623047,
      "hit_rate@5": 1.0,
      "recall@1": 0.20595238095238094,
      "average_response_time": 0.005976390838623047,
      "queries_per_second": 167.32506741985415
    },
    "embed_multi-qa-mpnet-base-dot-v1_512_ov80": {
      "hit_rate@3": 0.7,
      "hit_rate@1": 0.6,
      "hit_rate@10": 0.8,
      "mrr": 0.6533333333333333,
      "precision@1": 0.6,
      "recall@10": 0.4797619047619047,
      "recall@5": 0.46547619047619043,
      "ndcg@1": 0.6,
      "ndcg@10": 0.471685354488692,
      "precision@3": 0.36666666666666664,
      "grounding_accuracy": 1.0,
      "citation_accuracy": 0.29309523809523813,
      "ndcg@5": 0.4754649206503199,
      "ndcg@3": 0.42774785099003926,
      "recall@3": 0.3345238095238095,
      "precision@10": 0.29309523809523813,
      "precision@5": 0.31500000000000006,
      "retrieval_latency": 0.010459446907043457,
      "hit_rate@5": 0.8,
      "recall@1": 0.18928571428571428,
      "average_response_time": 0.010459446907043457,
      "queries_per_second": 95.60734988067044
    }
  },
  "best_systems": {
    "hit_rate@3": {
      "system": "baseline",
      "score": 0.9
    },
    "hit_rate@1": {
      "system": "baseline",
      "score": 0.7
    },
    "hit_rate@10": {
      "system": "baseline",
      "score": 1.0
    },
    "mrr": {
      "system": "baseline",
      "score": 0.825
    },
    "precision@1": {
      "system": "baseline",
      "score": 0.7
    },
    "recall@10": {
      "system": "baseline",
      "score": 0.7607142857142857
    },
    "recall@5": {
      "system": "baseline",
      "score": 0.7321428571428571
    },
    "ndcg@1": {
      "system": "baseline",
      "score": 0.7
    },
    "ndcg@10": {
      "system": "baseline",
      "score": 0.7321099877019595
    },
    "precision@3": {
      "system": "baseline",
      "score": 0.6333333333333333
    },
    "grounding_accuracy": {
      "system": "baseline",
      "score": 1.0
    },
    "citation_accuracy": {
      "system": "baseline",
      "score": 0.44952380952380955
    },
    "ndcg@5": {
      "system": "baseline",
      "score": 0.7237737640164681
    },
    "ndcg@3": {
      "system": "baseline",
      "score": 0.6350499802054138
    },
    "recall@3": {
      "system": "baseline",
      "score": 0.5345238095238095
    },
    "precision@10": {
      "system": "baseline",
      "score": 0.44952380952380955
    },
    "precision@5": {
      "system": "baseline",
      "score": 0.54
    },
    "retrieval_latency": {
      "system": "embed_multi-qa-mpnet-base-dot-v1_512_ov80",
      "score": 0.010459446907043457
    },
    "hit_rate@5": {
      "system": "baseline",
      "score": 1.0
    },
    "recall@1": {
      "system": "baseline",
      "score": 0.20595238095238094
    },
    "average_response_time": {
      "system": "embed_multi-qa-mpnet-base-dot-v1_512_ov80",
      "score": 0.010459446907043457
    },
    "queries_per_second": {
      "system": "baseline",
      "score": 167.32506741985415
    }
  }
}