{
  "system_metrics": {
    "chunk_clean_v1": {
      "hit_rate@5": 1.0,
      "precision@3": 0.6333333333333333,
      "citation_accuracy": 0.44952380952380955,
      "hit_rate@10": 1.0,
      "grounding_accuracy": 1.0,
      "recall@5": 0.7464285714285714,
      "recall@1": 0.20595238095238094,
      "ndcg@3": 0.6350499802054138,
      "hit_rate@3": 0.9,
      "precision@1": 0.7,
      "retrieval_latency": 0.01402111053466797,
      "mrr": 0.825,
      "recall@10": 0.7607142857142857,
      "ndcg@5": 0.7313898929829412,
      "ndcg@1": 0.7,
      "hit_rate@1": 0.7,
      "precision@10": 0.44952380952380955,
      "precision@5": 0.5599999999999999,
      "recall@3": 0.5345238095238095,
      "ndcg@10": 0.7326412062009114,
      "average_response_time": 0.01402111053466797,
      "queries_per_second": 71.321026785107
    },
    "chunk_clean_v5": {
      "hit_rate@5": 0.8,
      "precision@3": 0.4333333333333333,
      "citation_accuracy": 0.2858730158730159,
      "hit_rate@10": 0.9,
      "grounding_accuracy": 0.975,
      "recall@5": 0.41547619047619044,
      "recall@1": 0.09166666666666666,
      "ndcg@3": 0.4215107203900693,
      "hit_rate@3": 0.8,
      "precision@1": 0.3,
      "retrieval_latency": 0.015090394020080566,
      "mrr": 0.530952380952381,
      "recall@10": 0.4488095238095238,
      "ndcg@5": 0.4378691694899385,
      "ndcg@1": 0.3,
      "hit_rate@1": 0.3,
      "precision@10": 0.2858730158730159,
      "precision@5": 0.31,
      "recall@3": 0.3869047619047619,
      "ndcg@10": 0.4387365131231248,
      "average_response_time": 0.015090394020080566,
      "queries_per_second": 66.2673220241509
    }
  },
  "best_systems": {
    "hit_rate@5": {
      "system": "chunk_clean_v1",
      "score": 1.0
    },
    "precision@3": {
      "system": "chunk_clean_v1",
      "score": 0.6333333333333333
    },
    "citation_accuracy": {
      "system": "chunk_clean_v1",
      "score": 0.44952380952380955
    },
    "hit_rate@10": {
      "system": "chunk_clean_v1",
      "score": 1.0
    },
    "grounding_accuracy": {
      "system": "chunk_clean_v1",
      "score": 1.0
    },
    "recall@5": {
      "system": "chunk_clean_v1",
      "score": 0.7464285714285714
    },
    "recall@1": {
      "system": "chunk_clean_v1",
      "score": 0.20595238095238094
    },
    "ndcg@3": {
      "system": "chunk_clean_v1",
      "score": 0.6350499802054138
    },
    "hit_rate@3": {
      "system": "chunk_clean_v1",
      "score": 0.9
    },
    "precision@1": {
      "system": "chunk_clean_v1",
      "score": 0.7
    },
    "retrieval_latency": {
      "system": "chunk_clean_v5",
      "score": 0.015090394020080566
    },
    "mrr": {
      "system": "chunk_clean_v1",
      "score": 0.825
    },
    "recall@10": {
      "system": "chunk_clean_v1",
      "score": 0.7607142857142857
    },
    "ndcg@5": {
      "system": "chunk_clean_v1",
      "score": 0.7313898929829412
    },
    "ndcg@1": {
      "system": "chunk_clean_v1",
      "score": 0.7
    },
    "hit_rate@1": {
      "system": "chunk_clean_v1",
      "score": 0.7
    },
    "precision@10": {
      "system": "chunk_clean_v1",
      "score": 0.44952380952380955
    },
    "precision@5": {
      "system": "chunk_clean_v1",
      "score": 0.5599999999999999
    },
    "recall@3": {
      "system": "chunk_clean_v1",
      "score": 0.5345238095238095
    },
    "ndcg@10": {
      "system": "chunk_clean_v1",
      "score": 0.7326412062009114
    },
    "average_response_time": {
      "system": "chunk_clean_v5",
      "score": 0.015090394020080566
    },
    "queries_per_second": {
      "system": "chunk_clean_v1",
      "score": 71.321026785107
    }
  }
}