{
  "system_metrics": {
    "baseline": {
      "hit_rate@10": 1.0,
      "citation_accuracy": 0.44952380952380955,
      "recall@1": 0.20595238095238094,
      "hit_rate@3": 0.9,
      "grounding_accuracy": 1.0,
      "recall@3": 0.5345238095238095,
      "recall@5": 0.7321428571428571,
      "hit_rate@5": 1.0,
      "ndcg@10": 0.7321099877019595,
      "ndcg@1": 0.7,
      "ndcg@5": 0.7237737640164681,
      "mrr": 0.825,
      "precision@3": 0.6333333333333333,
      "ndcg@3": 0.6350499802054138,
      "hit_rate@1": 0.7,
      "precision@5": 0.54,
      "recall@10": 0.7607142857142857,
      "precision@10": 0.44952380952380955,
      "precision@1": 0.7,
      "retrieval_latency": 0.005976390838623047,
      "average_response_time": 0.005976390838623047,
      "queries_per_second": 167.32506741985415
    },
    "clean_mild_512_ov80_V20": {
      "hit_rate@10": 0.7,
      "citation_accuracy": 0.5833333333333333,
      "recall@1": 0.1976190476190476,
      "hit_rate@3": 0.7,
      "grounding_accuracy": 1.0,
      "recall@3": 0.3761904761904762,
      "recall@5": 0.3761904761904762,
      "hit_rate@5": 0.7,
      "ndcg@10": 0.46573400245237806,
      "ndcg@1": 0.55,
      "ndcg@5": 0.4719250246051976,
      "mrr": 0.65,
      "precision@3": 0.5833333333333333,
      "ndcg@3": 0.4867317159257887,
      "hit_rate@1": 0.6,
      "precision@5": 0.5833333333333333,
      "recall@10": 0.3761904761904762,
      "precision@10": 0.5833333333333333,
      "precision@1": 0.6,
      "retrieval_latency": 0.020451784133911133,
      "average_response_time": 0.020451784133911133,
      "queries_per_second": 48.89548967720125
    }
  },
  "best_systems": {
    "hit_rate@10": {
      "system": "baseline",
      "score": 1.0
    },
    "citation_accuracy": {
      "system": "clean_mild_512_ov80_V20",
      "score": 0.5833333333333333
    },
    "recall@1": {
      "system": "baseline",
      "score": 0.20595238095238094
    },
    "hit_rate@3": {
      "system": "baseline",
      "score": 0.9
    },
    "grounding_accuracy": {
      "system": "baseline",
      "score": 1.0
    },
    "recall@3": {
      "system": "baseline",
      "score": 0.5345238095238095
    },
    "recall@5": {
      "system": "baseline",
      "score": 0.7321428571428571
    },
    "hit_rate@5": {
      "system": "baseline",
      "score": 1.0
    },
    "ndcg@10": {
      "system": "baseline",
      "score": 0.7321099877019595
    },
    "ndcg@1": {
      "system": "baseline",
      "score": 0.7
    },
    "ndcg@5": {
      "system": "baseline",
      "score": 0.7237737640164681
    },
    "mrr": {
      "system": "baseline",
      "score": 0.825
    },
    "precision@3": {
      "system": "baseline",
      "score": 0.6333333333333333
    },
    "ndcg@3": {
      "system": "baseline",
      "score": 0.6350499802054138
    },
    "hit_rate@1": {
      "system": "baseline",
      "score": 0.7
    },
    "precision@5": {
      "system": "clean_mild_512_ov80_V20",
      "score": 0.5833333333333333
    },
    "recall@10": {
      "system": "baseline",
      "score": 0.7607142857142857
    },
    "precision@10": {
      "system": "clean_mild_512_ov80_V20",
      "score": 0.5833333333333333
    },
    "precision@1": {
      "system": "baseline",
      "score": 0.7
    },
    "retrieval_latency": {
      "system": "clean_mild_512_ov80_V20",
      "score": 0.020451784133911133
    },
    "average_response_time": {
      "system": "clean_mild_512_ov80_V20",
      "score": 0.020451784133911133
    },
    "queries_per_second": {
      "system": "baseline",
      "score": 167.32506741985415
    }
  }
}