{
  "system_metrics": {
    "baseline": {
      "recall@10": 0.7607142857142857,
      "ndcg@1": 0.7,
      "mrr": 0.825,
      "ndcg@3": 0.6350499802054138,
      "precision@3": 0.6333333333333333,
      "hit_rate@10": 1.0,
      "grounding_accuracy": 1.0,
      "retrieval_latency": 0.005976390838623047,
      "hit_rate@1": 0.7,
      "precision@1": 0.7,
      "recall@5": 0.7321428571428571,
      "hit_rate@3": 0.9,
      "recall@3": 0.5345238095238095,
      "hit_rate@5": 1.0,
      "recall@1": 0.20595238095238094,
      "citation_accuracy": 0.44952380952380955,
      "ndcg@10": 0.7321099877019595,
      "precision@10": 0.44952380952380955,
      "ndcg@5": 0.7237737640164681,
      "precision@5": 0.54,
      "average_response_time": 0.005976390838623047,
      "queries_per_second": 167.32506741985415
    },
    "clean_mild_512_ov80_V19": {
      "recall@10": 0.7607142857142857,
      "ndcg@1": 0.85,
      "mrr": 0.95,
      "ndcg@3": 0.6824101018818627,
      "precision@3": 0.6333333333333333,
      "hit_rate@10": 1.0,
      "grounding_accuracy": 1.0,
      "retrieval_latency": 0.13905858993530273,
      "hit_rate@1": 0.9,
      "precision@1": 0.9,
      "recall@5": 0.713095238095238,
      "hit_rate@3": 1.0,
      "recall@3": 0.5595238095238095,
      "hit_rate@5": 1.0,
      "recall@1": 0.3059523809523809,
      "citation_accuracy": 0.45357142857142857,
      "ndcg@10": 0.7662126266942522,
      "precision@10": 0.45357142857142857,
      "ndcg@5": 0.7524076872012597,
      "precision@5": 0.55,
      "average_response_time": 0.13905858993530273,
      "queries_per_second": 7.191213433598398
    }
  },
  "best_systems": {
    "recall@10": {
      "system": "baseline",
      "score": 0.7607142857142857
    },
    "ndcg@1": {
      "system": "clean_mild_512_ov80_V19",
      "score": 0.85
    },
    "mrr": {
      "system": "clean_mild_512_ov80_V19",
      "score": 0.95
    },
    "ndcg@3": {
      "system": "clean_mild_512_ov80_V19",
      "score": 0.6824101018818627
    },
    "precision@3": {
      "system": "baseline",
      "score": 0.6333333333333333
    },
    "hit_rate@10": {
      "system": "baseline",
      "score": 1.0
    },
    "grounding_accuracy": {
      "system": "baseline",
      "score": 1.0
    },
    "retrieval_latency": {
      "system": "clean_mild_512_ov80_V19",
      "score": 0.13905858993530273
    },
    "hit_rate@1": {
      "system": "clean_mild_512_ov80_V19",
      "score": 0.9
    },
    "precision@1": {
      "system": "clean_mild_512_ov80_V19",
      "score": 0.9
    },
    "recall@5": {
      "system": "baseline",
      "score": 0.7321428571428571
    },
    "hit_rate@3": {
      "system": "clean_mild_512_ov80_V19",
      "score": 1.0
    },
    "recall@3": {
      "system": "clean_mild_512_ov80_V19",
      "score": 0.5595238095238095
    },
    "hit_rate@5": {
      "system": "baseline",
      "score": 1.0
    },
    "recall@1": {
      "system": "clean_mild_512_ov80_V19",
      "score": 0.3059523809523809
    },
    "citation_accuracy": {
      "system": "clean_mild_512_ov80_V19",
      "score": 0.45357142857142857
    },
    "ndcg@10": {
      "system": "clean_mild_512_ov80_V19",
      "score": 0.7662126266942522
    },
    "precision@10": {
      "system": "clean_mild_512_ov80_V19",
      "score": 0.45357142857142857
    },
    "ndcg@5": {
      "system": "clean_mild_512_ov80_V19",
      "score": 0.7524076872012597
    },
    "precision@5": {
      "system": "clean_mild_512_ov80_V19",
      "score": 0.55
    },
    "average_response_time": {
      "system": "clean_mild_512_ov80_V19",
      "score": 0.13905858993530273
    },
    "queries_per_second": {
      "system": "baseline",
      "score": 167.32506741985415
    }
  }
}