{
  "system_metrics": {
    "baseline": {
      "citation_accuracy": 0.44952380952380955,
      "ndcg@3": 0.6350499802054138,
      "precision@10": 0.44952380952380955,
      "hit_rate@5": 1.0,
      "ndcg@10": 0.7321099877019596,
      "recall@1": 0.20595238095238094,
      "recall@5": 0.7321428571428571,
      "grounding_accuracy": 1.0,
      "recall@3": 0.5345238095238094,
      "hit_rate@3": 0.9,
      "precision@3": 0.6333333333333333,
      "precision@5": 0.5399999999999999,
      "retrieval_latency": 0.005976390838623047,
      "hit_rate@1": 0.7,
      "hit_rate@10": 1.0,
      "ndcg@5": 0.7237737640164682,
      "ndcg@1": 0.7,
      "precision@1": 0.7,
      "recall@10": 0.7607142857142857,
      "mrr": 0.825,
      "average_response_time": 0.005976390838623047,
      "queries_per_second": 167.32506741985415
    },
    "bm25_fusion": {
      "citation_accuracy": 0.46428571428571425,
      "ndcg@3": 0.560621929633636,
      "precision@10": 0.46428571428571425,
      "hit_rate@5": 0.9,
      "ndcg@10": 0.6820797808469127,
      "recall@1": 0.25595238095238093,
      "recall@5": 0.6595238095238096,
      "grounding_accuracy": 1.0,
      "recall@3": 0.5119047619047619,
      "hit_rate@3": 0.9,
      "precision@3": 0.5333333333333333,
      "precision@5": 0.4766666666666667,
      "retrieval_latency": 0.09270660877227783,
      "hit_rate@1": 0.8,
      "hit_rate@10": 1.0,
      "ndcg@5": 0.623052068236128,
      "ndcg@1": 0.65,
      "precision@1": 0.8,
      "recall@10": 0.7714285714285715,
      "mrr": 0.85,
      "average_response_time": 0.09270660877227783,
      "queries_per_second": 10.786717508526007
    }
  },
  "best_systems": {
    "citation_accuracy": {
      "system": "bm25_fusion",
      "score": 0.46428571428571425
    },
    "ndcg@3": {
      "system": "baseline",
      "score": 0.6350499802054138
    },
    "precision@10": {
      "system": "bm25_fusion",
      "score": 0.46428571428571425
    },
    "hit_rate@5": {
      "system": "baseline",
      "score": 1.0
    },
    "ndcg@10": {
      "system": "baseline",
      "score": 0.7321099877019596
    },
    "recall@1": {
      "system": "bm25_fusion",
      "score": 0.25595238095238093
    },
    "recall@5": {
      "system": "baseline",
      "score": 0.7321428571428571
    },
    "grounding_accuracy": {
      "system": "baseline",
      "score": 1.0
    },
    "recall@3": {
      "system": "baseline",
      "score": 0.5345238095238094
    },
    "hit_rate@3": {
      "system": "baseline",
      "score": 0.9
    },
    "precision@3": {
      "system": "baseline",
      "score": 0.6333333333333333
    },
    "precision@5": {
      "system": "baseline",
      "score": 0.5399999999999999
    },
    "retrieval_latency": {
      "system": "bm25_fusion",
      "score": 0.09270660877227783
    },
    "hit_rate@1": {
      "system": "bm25_fusion",
      "score": 0.8
    },
    "hit_rate@10": {
      "system": "baseline",
      "score": 1.0
    },
    "ndcg@5": {
      "system": "baseline",
      "score": 0.7237737640164682
    },
    "ndcg@1": {
      "system": "baseline",
      "score": 0.7
    },
    "precision@1": {
      "system": "bm25_fusion",
      "score": 0.8
    },
    "recall@10": {
      "system": "bm25_fusion",
      "score": 0.7714285714285715
    },
    "mrr": {
      "system": "bm25_fusion",
      "score": 0.85
    },
    "average_response_time": {
      "system": "bm25_fusion",
      "score": 0.09270660877227783
    },
    "queries_per_second": {
      "system": "baseline",
      "score": 167.32506741985415
    }
  }
}