{
  "system_metrics": {
    "baseline": {
      "citation_accuracy": 0.2706878306878307,
      "mrr": 0.5611111111111112,
      "grounding_accuracy": 0.8135449735449735,
      "precision@5": 0.32833333333333325,
      "ndcg@1": 0.4666666666666667,
      "retrieval_latency": 0.00643159548441569,
      "hit_rate@5": 0.6666666666666666,
      "hit_rate@10": 0.6666666666666666,
      "hit_rate@3": 0.6,
      "precision@1": 0.5,
      "precision@10": 0.2706878306878307,
      "recall@10": 0.4657936507936508,
      "recall@3": 0.33706349206349207,
      "hit_rate@1": 0.5,
      "recall@5": 0.4412698412698413,
      "ndcg@5": 0.4456752767304231,
      "precision@3": 0.38888888888888895,
      "recall@1": 0.1514285714285714,
      "ndcg@10": 0.4560936662993986,
      "ndcg@3": 0.3985567699585687,
      "average_response_time": 0.00643159548441569,
      "queries_per_second": 155.48241527675148
    },
    "baseline_cached": {
      "citation_accuracy": 0.2706878306878307,
      "mrr": 0.5611111111111112,
      "grounding_accuracy": 0.8135449735449735,
      "precision@5": 0.32833333333333325,
      "ndcg@1": 0.4666666666666667,
      "retrieval_latency": 0.005882294972737631,
      "hit_rate@5": 0.6666666666666666,
      "hit_rate@10": 0.6666666666666666,
      "hit_rate@3": 0.6,
      "precision@1": 0.5,
      "precision@10": 0.2706878306878307,
      "recall@10": 0.4657936507936508,
      "recall@3": 0.33706349206349207,
      "hit_rate@1": 0.5,
      "recall@5": 0.4412698412698413,
      "ndcg@5": 0.4456752767304231,
      "precision@3": 0.38888888888888895,
      "recall@1": 0.1514285714285714,
      "ndcg@10": 0.4560936662993986,
      "ndcg@3": 0.3985567699585687,
      "average_response_time": 0.005882294972737631,
      "queries_per_second": 170.001675304392
    }
  },
  "best_systems": {
    "citation_accuracy": {
      "system": "baseline",
      "score": 0.2706878306878307
    },
    "mrr": {
      "system": "baseline",
      "score": 0.5611111111111112
    },
    "grounding_accuracy": {
      "system": "baseline",
      "score": 0.8135449735449735
    },
    "precision@5": {
      "system": "baseline",
      "score": 0.32833333333333325
    },
    "ndcg@1": {
      "system": "baseline",
      "score": 0.4666666666666667
    },
    "retrieval_latency": {
      "system": "baseline",
      "score": 0.00643159548441569
    },
    "hit_rate@5": {
      "system": "baseline",
      "score": 0.6666666666666666
    },
    "hit_rate@10": {
      "system": "baseline",
      "score": 0.6666666666666666
    },
    "hit_rate@3": {
      "system": "baseline",
      "score": 0.6
    },
    "precision@1": {
      "system": "baseline",
      "score": 0.5
    },
    "precision@10": {
      "system": "baseline",
      "score": 0.2706878306878307
    },
    "recall@10": {
      "system": "baseline",
      "score": 0.4657936507936508
    },
    "recall@3": {
      "system": "baseline",
      "score": 0.33706349206349207
    },
    "hit_rate@1": {
      "system": "baseline",
      "score": 0.5
    },
    "recall@5": {
      "system": "baseline",
      "score": 0.4412698412698413
    },
    "ndcg@5": {
      "system": "baseline",
      "score": 0.4456752767304231
    },
    "precision@3": {
      "system": "baseline",
      "score": 0.38888888888888895
    },
    "recall@1": {
      "system": "baseline",
      "score": 0.1514285714285714
    },
    "ndcg@10": {
      "system": "baseline",
      "score": 0.4560936662993986
    },
    "ndcg@3": {
      "system": "baseline",
      "score": 0.3985567699585687
    },
    "average_response_time": {
      "system": "baseline",
      "score": 0.00643159548441569
    },
    "queries_per_second": {
      "system": "baseline_cached",
      "score": 170.001675304392
    }
  }
}