{
  "system_metrics": {
    "chunk_clean_v1": {
      "recall@3": 0.5345238095238095,
      "hit_rate@5": 1.0,
      "recall@10": 0.7607142857142857,
      "precision@3": 0.6333333333333333,
      "recall@5": 0.7464285714285714,
      "ndcg@5": 0.7313898929829412,
      "hit_rate@1": 0.7,
      "retrieval_latency": 0.01402111053466797,
      "ndcg@10": 0.7326412062009114,
      "hit_rate@3": 0.9,
      "ndcg@1": 0.7,
      "precision@10": 0.44952380952380955,
      "citation_accuracy": 0.44952380952380955,
      "mrr": 0.825,
      "ndcg@3": 0.6350499802054138,
      "recall@1": 0.20595238095238094,
      "precision@1": 0.7,
      "grounding_accuracy": 1.0,
      "hit_rate@10": 1.0,
      "precision@5": 0.5599999999999999,
      "average_response_time": 0.01402111053466797,
      "queries_per_second": 71.321026785107
    },
    "chunk_clean_v1_rerank": {
      "recall@3": 0.4619047619047619,
      "hit_rate@5": 0.9,
      "recall@10": 0.6214285714285714,
      "precision@3": 0.5,
      "recall@5": 0.5404761904761906,
      "ndcg@5": 0.5308254499279175,
      "hit_rate@1": 0.6,
      "retrieval_latency": 1.1975597381591796,
      "ndcg@10": 0.5579735344890631,
      "hit_rate@3": 0.8,
      "ndcg@1": 0.45,
      "precision@10": 0.34257936507936504,
      "citation_accuracy": 0.34257936507936504,
      "mrr": 0.725,
      "ndcg@3": 0.49385824989693605,
      "recall@1": 0.18928571428571428,
      "precision@1": 0.6,
      "grounding_accuracy": 1.0,
      "hit_rate@10": 0.9,
      "precision@5": 0.375,
      "average_response_time": 1.1975597381591796,
      "queries_per_second": 0.8350314127436705
    }
  },
  "best_systems": {
    "recall@3": {
      "system": "chunk_clean_v1",
      "score": 0.5345238095238095
    },
    "hit_rate@5": {
      "system": "chunk_clean_v1",
      "score": 1.0
    },
    "recall@10": {
      "system": "chunk_clean_v1",
      "score": 0.7607142857142857
    },
    "precision@3": {
      "system": "chunk_clean_v1",
      "score": 0.6333333333333333
    },
    "recall@5": {
      "system": "chunk_clean_v1",
      "score": 0.7464285714285714
    },
    "ndcg@5": {
      "system": "chunk_clean_v1",
      "score": 0.7313898929829412
    },
    "hit_rate@1": {
      "system": "chunk_clean_v1",
      "score": 0.7
    },
    "retrieval_latency": {
      "system": "chunk_clean_v1_rerank",
      "score": 1.1975597381591796
    },
    "ndcg@10": {
      "system": "chunk_clean_v1",
      "score": 0.7326412062009114
    },
    "hit_rate@3": {
      "system": "chunk_clean_v1",
      "score": 0.9
    },
    "ndcg@1": {
      "system": "chunk_clean_v1",
      "score": 0.7
    },
    "precision@10": {
      "system": "chunk_clean_v1",
      "score": 0.44952380952380955
    },
    "citation_accuracy": {
      "system": "chunk_clean_v1",
      "score": 0.44952380952380955
    },
    "mrr": {
      "system": "chunk_clean_v1",
      "score": 0.825
    },
    "ndcg@3": {
      "system": "chunk_clean_v1",
      "score": 0.6350499802054138
    },
    "recall@1": {
      "system": "chunk_clean_v1",
      "score": 0.20595238095238094
    },
    "precision@1": {
      "system": "chunk_clean_v1",
      "score": 0.7
    },
    "grounding_accuracy": {
      "system": "chunk_clean_v1",
      "score": 1.0
    },
    "hit_rate@10": {
      "system": "chunk_clean_v1",
      "score": 1.0
    },
    "precision@5": {
      "system": "chunk_clean_v1",
      "score": 0.5599999999999999
    },
    "average_response_time": {
      "system": "chunk_clean_v1_rerank",
      "score": 1.1975597381591796
    },
    "queries_per_second": {
      "system": "chunk_clean_v1",
      "score": 71.321026785107
    }
  }
}