{
  "system_metrics": {
    "baseline": {
      "recall@1": 0.20595238095238094,
      "precision@1": 0.7,
      "recall@10": 0.7607142857142857,
      "ndcg@5": 0.7313898929829413,
      "precision@5": 0.5599999999999999,
      "grounding_accuracy": 1.0,
      "retrieval_latency": 0.006581878662109375,
      "hit_rate@3": 0.9,
      "mrr": 0.825,
      "recall@3": 0.5345238095238094,
      "recall@5": 0.7464285714285714,
      "ndcg@1": 0.7,
      "hit_rate@5": 1.0,
      "hit_rate@1": 0.7,
      "citation_accuracy": 0.44952380952380955,
      "hit_rate@10": 1.0,
      "precision@10": 0.44952380952380955,
      "ndcg@10": 0.7326412062009116,
      "precision@3": 0.6333333333333333,
      "ndcg@3": 0.6350499802054138,
      "average_response_time": 0.006581878662109375,
      "queries_per_second": 151.9323055523357
    },
    "specter": {
      "recall@1": 0.08095238095238096,
      "precision@1": 0.3,
      "recall@10": 0.5238095238095238,
      "ndcg@5": 0.3329616283727798,
      "precision@5": 0.27999999999999997,
      "grounding_accuracy": 1.0,
      "retrieval_latency": 0.005278182029724121,
      "hit_rate@3": 0.4,
      "mrr": 0.45428571428571435,
      "recall@3": 0.20952380952380953,
      "recall@5": 0.41785714285714287,
      "ndcg@1": 0.25,
      "hit_rate@5": 0.8,
      "hit_rate@1": 0.3,
      "citation_accuracy": 0.28134920634920635,
      "hit_rate@10": 0.9,
      "precision@10": 0.28134920634920635,
      "ndcg@10": 0.37464467238574073,
      "precision@3": 0.26666666666666666,
      "ndcg@3": 0.24501437243629698,
      "average_response_time": 0.005278182029724121,
      "queries_per_second": 189.45917256519246
    }
  },
  "best_systems": {
    "recall@1": {
      "system": "baseline",
      "score": 0.20595238095238094
    },
    "precision@1": {
      "system": "baseline",
      "score": 0.7
    },
    "recall@10": {
      "system": "baseline",
      "score": 0.7607142857142857
    },
    "ndcg@5": {
      "system": "baseline",
      "score": 0.7313898929829413
    },
    "precision@5": {
      "system": "baseline",
      "score": 0.5599999999999999
    },
    "grounding_accuracy": {
      "system": "baseline",
      "score": 1.0
    },
    "retrieval_latency": {
      "system": "baseline",
      "score": 0.006581878662109375
    },
    "hit_rate@3": {
      "system": "baseline",
      "score": 0.9
    },
    "mrr": {
      "system": "baseline",
      "score": 0.825
    },
    "recall@3": {
      "system": "baseline",
      "score": 0.5345238095238094
    },
    "recall@5": {
      "system": "baseline",
      "score": 0.7464285714285714
    },
    "ndcg@1": {
      "system": "baseline",
      "score": 0.7
    },
    "hit_rate@5": {
      "system": "baseline",
      "score": 1.0
    },
    "hit_rate@1": {
      "system": "baseline",
      "score": 0.7
    },
    "citation_accuracy": {
      "system": "baseline",
      "score": 0.44952380952380955
    },
    "hit_rate@10": {
      "system": "baseline",
      "score": 1.0
    },
    "precision@10": {
      "system": "baseline",
      "score": 0.44952380952380955
    },
    "ndcg@10": {
      "system": "baseline",
      "score": 0.7326412062009116
    },
    "precision@3": {
      "system": "baseline",
      "score": 0.6333333333333333
    },
    "ndcg@3": {
      "system": "baseline",
      "score": 0.6350499802054138
    },
    "average_response_time": {
      "system": "baseline",
      "score": 0.006581878662109375
    },
    "queries_per_second": {
      "system": "specter",
      "score": 189.45917256519246
    }
  }
}