{
  "system_metrics": {
    "chunk_clean_v1": {
      "ndcg@10": 0.7326412062009114,
      "ndcg@3": 0.6350499802054138,
      "mrr": 0.825,
      "hit_rate@3": 0.9,
      "grounding_accuracy": 1.0,
      "ndcg@1": 0.7,
      "citation_accuracy": 0.44952380952380955,
      "retrieval_latency": 0.01402111053466797,
      "precision@5": 0.5599999999999999,
      "recall@3": 0.5345238095238095,
      "recall@10": 0.7607142857142857,
      "hit_rate@5": 1.0,
      "precision@3": 0.6333333333333333,
      "precision@1": 0.7,
      "recall@5": 0.7464285714285714,
      "hit_rate@10": 1.0,
      "precision@10": 0.44952380952380955,
      "hit_rate@1": 0.7,
      "ndcg@5": 0.7313898929829412,
      "recall@1": 0.20595238095238094,
      "average_response_time": 0.01402111053466797,
      "queries_per_second": 71.321026785107
    },
    "v11_dual_chunks": {
      "ndcg@10": 0.5815147893457862,
      "ndcg@3": 0.472337091795579,
      "mrr": 0.7083333333333333,
      "hit_rate@3": 0.9,
      "grounding_accuracy": 1.0,
      "ndcg@1": 0.5,
      "citation_accuracy": 0.4716666666666667,
      "retrieval_latency": 0.014013242721557618,
      "precision@5": 0.475,
      "recall@3": 0.3952380952380952,
      "recall@10": 0.6321428571428571,
      "hit_rate@5": 1.0,
      "precision@3": 0.4833333333333333,
      "precision@1": 0.5,
      "recall@5": 0.5845238095238094,
      "hit_rate@10": 1.0,
      "precision@10": 0.4716666666666667,
      "hit_rate@1": 0.5,
      "ndcg@5": 0.5714272049224779,
      "recall@1": 0.15833333333333333,
      "average_response_time": 0.014013242721557618,
      "queries_per_second": 71.36107037250025
    }
  },
  "best_systems": {
    "ndcg@10": {
      "system": "chunk_clean_v1",
      "score": 0.7326412062009114
    },
    "ndcg@3": {
      "system": "chunk_clean_v1",
      "score": 0.6350499802054138
    },
    "mrr": {
      "system": "chunk_clean_v1",
      "score": 0.825
    },
    "hit_rate@3": {
      "system": "chunk_clean_v1",
      "score": 0.9
    },
    "grounding_accuracy": {
      "system": "chunk_clean_v1",
      "score": 1.0
    },
    "ndcg@1": {
      "system": "chunk_clean_v1",
      "score": 0.7
    },
    "citation_accuracy": {
      "system": "v11_dual_chunks",
      "score": 0.4716666666666667
    },
    "retrieval_latency": {
      "system": "chunk_clean_v1",
      "score": 0.01402111053466797
    },
    "precision@5": {
      "system": "chunk_clean_v1",
      "score": 0.5599999999999999
    },
    "recall@3": {
      "system": "chunk_clean_v1",
      "score": 0.5345238095238095
    },
    "recall@10": {
      "system": "chunk_clean_v1",
      "score": 0.7607142857142857
    },
    "hit_rate@5": {
      "system": "chunk_clean_v1",
      "score": 1.0
    },
    "precision@3": {
      "system": "chunk_clean_v1",
      "score": 0.6333333333333333
    },
    "precision@1": {
      "system": "chunk_clean_v1",
      "score": 0.7
    },
    "recall@5": {
      "system": "chunk_clean_v1",
      "score": 0.7464285714285714
    },
    "hit_rate@10": {
      "system": "chunk_clean_v1",
      "score": 1.0
    },
    "precision@10": {
      "system": "v11_dual_chunks",
      "score": 0.4716666666666667
    },
    "hit_rate@1": {
      "system": "chunk_clean_v1",
      "score": 0.7
    },
    "ndcg@5": {
      "system": "chunk_clean_v1",
      "score": 0.7313898929829412
    },
    "recall@1": {
      "system": "chunk_clean_v1",
      "score": 0.20595238095238094
    },
    "average_response_time": {
      "system": "chunk_clean_v1",
      "score": 0.01402111053466797
    },
    "queries_per_second": {
      "system": "v11_dual_chunks",
      "score": 71.36107037250025
    }
  }
}