{
  "system_metrics": {
    "baseline": {
      "recall@1": 0.20595238095238094,
      "recall@3": 0.5345238095238094,
      "ndcg@5": 0.7313898929829413,
      "retrieval_latency": 0.0068847894668579105,
      "grounding_accuracy": 1.0,
      "ndcg@3": 0.6350499802054138,
      "recall@10": 0.7607142857142857,
      "recall@5": 0.7464285714285714,
      "mrr": 0.825,
      "ndcg@10": 0.7326412062009116,
      "citation_accuracy": 0.44952380952380955,
      "precision@1": 0.7,
      "hit_rate@5": 1.0,
      "precision@3": 0.6333333333333333,
      "precision@5": 0.5599999999999999,
      "precision@10": 0.44952380952380955,
      "ndcg@1": 0.7,
      "hit_rate@1": 0.7,
      "hit_rate@3": 0.9,
      "hit_rate@10": 1.0,
      "average_response_time": 0.0068847894668579105,
      "queries_per_second": 145.24772395928926
    },
    "reranking": {
      "recall@1": 0.175,
      "recall@3": 0.47857142857142865,
      "ndcg@5": 0.5524719939079121,
      "retrieval_latency": 0.2132331371307373,
      "grounding_accuracy": 1.0,
      "ndcg@3": 0.5116739517543041,
      "recall@10": 0.6464285714285715,
      "recall@5": 0.5654761904761905,
      "mrr": 0.7,
      "ndcg@10": 0.580278219408868,
      "citation_accuracy": 0.3516666666666667,
      "precision@1": 0.5,
      "hit_rate@5": 0.9,
      "precision@3": 0.5,
      "precision@5": 0.40666666666666673,
      "precision@10": 0.3516666666666667,
      "ndcg@1": 0.45,
      "hit_rate@1": 0.5,
      "hit_rate@3": 0.9,
      "hit_rate@10": 1.0,
      "average_response_time": 0.2132331371307373,
      "queries_per_second": 4.689702611216947
    }
  },
  "best_systems": {
    "recall@1": {
      "system": "baseline",
      "score": 0.20595238095238094
    },
    "recall@3": {
      "system": "baseline",
      "score": 0.5345238095238094
    },
    "ndcg@5": {
      "system": "baseline",
      "score": 0.7313898929829413
    },
    "retrieval_latency": {
      "system": "reranking",
      "score": 0.2132331371307373
    },
    "grounding_accuracy": {
      "system": "baseline",
      "score": 1.0
    },
    "ndcg@3": {
      "system": "baseline",
      "score": 0.6350499802054138
    },
    "recall@10": {
      "system": "baseline",
      "score": 0.7607142857142857
    },
    "recall@5": {
      "system": "baseline",
      "score": 0.7464285714285714
    },
    "mrr": {
      "system": "baseline",
      "score": 0.825
    },
    "ndcg@10": {
      "system": "baseline",
      "score": 0.7326412062009116
    },
    "citation_accuracy": {
      "system": "baseline",
      "score": 0.44952380952380955
    },
    "precision@1": {
      "system": "baseline",
      "score": 0.7
    },
    "hit_rate@5": {
      "system": "baseline",
      "score": 1.0
    },
    "precision@3": {
      "system": "baseline",
      "score": 0.6333333333333333
    },
    "precision@5": {
      "system": "baseline",
      "score": 0.5599999999999999
    },
    "precision@10": {
      "system": "baseline",
      "score": 0.44952380952380955
    },
    "ndcg@1": {
      "system": "baseline",
      "score": 0.7
    },
    "hit_rate@1": {
      "system": "baseline",
      "score": 0.7
    },
    "hit_rate@3": {
      "system": "baseline",
      "score": 0.9
    },
    "hit_rate@10": {
      "system": "baseline",
      "score": 1.0
    },
    "average_response_time": {
      "system": "reranking",
      "score": 0.2132331371307373
    },
    "queries_per_second": {
      "system": "baseline",
      "score": 145.24772395928926
    }
  }
}