{
  "query_results": {
    "query_1": {
      "precision@1": 1.0,
      "recall@1": 0.14285714285714285,
      "ndcg@1": 1.0,
      "hit_rate@1": 1.0,
      "precision@3": 1.0,
      "recall@3": 0.42857142857142855,
      "ndcg@3": 0.7346393630113782,
      "hit_rate@3": 1.0,
      "precision@5": 0.8,
      "recall@5": 0.5714285714285714,
      "ndcg@5": 0.7687214871887766,
      "hit_rate@5": 1.0,
      "precision@10": 0.7,
      "recall@10": 1.0,
      "ndcg@10": 0.9026188759831391,
      "hit_rate@10": 1.0,
      "mrr": 1.0,
      "retrieval_latency": 0.126,
      "grounding_accuracy": 1.0,
      "citation_accuracy": 0.7
    },
    "query_2": {
      "precision@1": 0.0,
      "recall@1": 0.0,
      "ndcg@1": 0.0,
      "hit_rate@1": 0.0,
      "precision@3": 0.3333333333333333,
      "recall@3": 0.3333333333333333,
      "ndcg@3": 0.13291299131469791,
      "hit_rate@3": 1.0,
      "precision@5": 0.2,
      "recall@5": 0.3333333333333333,
      "ndcg@5": 0.13291299131469791,
      "hit_rate@5": 1.0,
      "precision@10": 0.3,
      "recall@10": 1.0,
      "ndcg@10": 0.4466380631103954,
      "hit_rate@10": 1.0,
      "mrr": 0.3333333333333333,
      "retrieval_latency": 0.124,
      "grounding_accuracy": 1.0,
      "citation_accuracy": 0.3
    },
    "query_3": {
      "precision@1": 1.0,
      "recall@1": 0.125,
      "ndcg@1": 1.0,
      "hit_rate@1": 1.0,
      "precision@3": 1.0,
      "recall@3": 0.375,
      "ndcg@3": 0.8826803184943108,
      "hit_rate@3": 1.0,
      "precision@5": 0.8,
      "recall@5": 0.5,
      "ndcg@5": 0.8254016714403228,
      "hit_rate@5": 1.0,
      "precision@10": 0.8,
      "recall@10": 1.0,
      "ndcg@10": 0.9468873939792172,
      "hit_rate@10": 1.0,
      "mrr": 1.0,
      "retrieval_latency": 0.1,
      "grounding_accuracy": 1.0,
      "citation_accuracy": 0.8
    },
    "query_4": {
      "precision@1": 0.0,
      "recall@1": 0.0,
      "ndcg@1": 0.0,
      "hit_rate@1": 0.0,
      "precision@3": 0.3333333333333333,
      "recall@3": 0.3333333333333333,
      "ndcg@3": 0.26582598262939583,
      "hit_rate@3": 1.0,
      "precision@5": 0.4,
      "recall@5": 0.6666666666666666,
      "ndcg@5": 0.36866151024545807,
      "hit_rate@5": 1.0,
      "precision@10": 0.3,
      "recall@10": 1.0,
      "ndcg@10": 0.5458788319983886,
      "hit_rate@10": 1.0,
      "mrr": 0.3333333333333333,
      "retrieval_latency": 0.12100000000000001,
      "grounding_accuracy": 1.0,
      "citation_accuracy": 0.3
    },
    "query_5": {
      "precision@1": 1.0,
      "recall@1": 0.3333333333333333,
      "ndcg@1": 1.0,
      "hit_rate@1": 1.0,
      "precision@3": 1.0,
      "recall@3": 1.0,
      "ndcg@3": 0.9651954696014428,
      "hit_rate@3": 1.0,
      "precision@5": 0.6,
      "recall@5": 1.0,
      "ndcg@5": 0.9651954696014428,
      "hit_rate@5": 1.0,
      "precision@10": 0.3,
      "recall@10": 1.0,
      "ndcg@10": 0.9651954696014428,
      "hit_rate@10": 1.0,
      "mrr": 1.0,
      "retrieval_latency": 0.14,
      "grounding_accuracy": 1.0,
      "citation_accuracy": 0.3
    },
    "query_6": {
      "precision@1": 0.0,
      "recall@1": 0.0,
      "ndcg@1": 0.0,
      "hit_rate@1": 0.0,
      "precision@3": 0.6666666666666666,
      "recall@3": 0.5,
      "ndcg@3": 0.6012610260559063,
      "hit_rate@3": 1.0,
      "precision@5": 0.8,
      "recall@5": 1.0,
      "ndcg@5": 0.7344931145611916,
      "hit_rate@5": 1.0,
      "precision@10": 0.4,
      "recall@10": 1.0,
      "ndcg@10": 0.7344931145611916,
      "hit_rate@10": 1.0,
      "mrr": 0.5,
      "retrieval_latency": 0.14800000000000002,
      "grounding_accuracy": 1.0,
      "citation_accuracy": 0.4
    },
    "query_7": {
      "precision@1": 1.0,
      "recall@1": 0.25,
      "ndcg@1": 1.0,
      "hit_rate@1": 1.0,
      "precision@3": 1.0,
      "recall@3": 0.75,
      "ndcg@3": 1.0,
      "hit_rate@3": 1.0,
      "precision@5": 0.8,
      "recall@5": 1.0,
      "ndcg@5": 1.0,
      "hit_rate@5": 1.0,
      "precision@10": 0.4,
      "recall@10": 1.0,
      "ndcg@10": 1.0,
      "hit_rate@10": 1.0,
      "mrr": 1.0,
      "retrieval_latency": 0.136,
      "grounding_accuracy": 1.0,
      "citation_accuracy": 0.4
    },
    "query_8": {
      "precision@1": 1.0,
      "recall@1": 0.16666666666666666,
      "ndcg@1": 1.0,
      "hit_rate@1": 1.0,
      "precision@3": 0.6666666666666666,
      "recall@3": 0.3333333333333333,
      "ndcg@3": 0.7653606369886217,
      "hit_rate@3": 1.0,
      "precision@5": 0.6,
      "recall@5": 0.5,
      "ndcg@5": 0.6843515475204855,
      "hit_rate@5": 1.0,
      "precision@10": 0.6,
      "recall@10": 1.0,
      "ndcg@10": 0.9135020001385158,
      "hit_rate@10": 1.0,
      "mrr": 1.0,
      "retrieval_latency": 0.138,
      "grounding_accuracy": 1.0,
      "citation_accuracy": 0.6
    },
    "query_9": {
      "precision@1": 1.0,
      "recall@1": 0.3333333333333333,
      "ndcg@1": 1.0,
      "hit_rate@1": 1.0,
      "precision@3": 0.3333333333333333,
      "recall@3": 0.3333333333333333,
      "ndcg@3": 0.5316519652587917,
      "hit_rate@3": 1.0,
      "precision@5": 0.4,
      "recall@5": 0.6666666666666666,
      "ndcg@5": 0.7606220037494031,
      "hit_rate@5": 1.0,
      "precision@10": 0.3,
      "recall@10": 1.0,
      "ndcg@10": 0.8444807646060308,
      "hit_rate@10": 1.0,
      "mrr": 1.0,
      "retrieval_latency": 0.12100000000000001,
      "grounding_accuracy": 1.0,
      "citation_accuracy": 0.3
    },
    "query_10": {
      "precision@1": 0.0,
      "recall@1": 0.0,
      "ndcg@1": 0.0,
      "hit_rate@1": 0.0,
      "precision@3": 0.0,
      "recall@3": 0.0,
      "ndcg@3": 0.0,
      "hit_rate@3": 0.0,
      "precision@5": 0.0,
      "recall@5": 0.0,
      "ndcg@5": 0.0,
      "hit_rate@5": 0.0,
      "precision@10": 0.0,
      "recall@10": 0.0,
      "ndcg@10": 0.0,
      "hit_rate@10": 0.0,
      "mrr": 0.0,
      "retrieval_latency": 0.14600000000000002,
      "grounding_accuracy": 1.0,
      "citation_accuracy": 0.0
    }
  },
  "aggregated_metrics": {
    "precision@10": 0.41,
    "ndcg@1": 0.6,
    "precision@3": 0.6333333333333333,
    "recall@3": 0.4386904761904761,
    "grounding_accuracy": 1.0,
    "ndcg@10": 0.7299694513978321,
    "precision@5": 0.54,
    "precision@1": 0.6,
    "mrr": 0.7166666666666666,
    "hit_rate@10": 0.9,
    "recall@5": 0.6238095238095238,
    "retrieval_latency": 0.12999999999999998,
    "recall@1": 0.1351190476190476,
    "hit_rate@1": 0.6,
    "hit_rate@3": 0.9,
    "recall@10": 0.9,
    "citation_accuracy": 0.41,
    "hit_rate@5": 0.9,
    "ndcg@3": 0.5879527753354544,
    "ndcg@5": 0.6240359795621779,
    "average_response_time": 0.12999999999999998,
    "queries_per_second": 7.692307692307693
  },
  "summary_stats": {
    "precision@10": {
      "mean": 0.41,
      "std": 0.2211334438749598,
      "min": 0.0,
      "max": 0.8,
      "count": 10
    },
    "ndcg@1": {
      "mean": 0.6,
      "std": 0.48989794855663565,
      "min": 0.0,
      "max": 1.0,
      "count": 10
    },
    "precision@3": {
      "mean": 0.6333333333333333,
      "std": 0.348010216963685,
      "min": 0.0,
      "max": 1.0,
      "count": 10
    },
    "recall@3": {
      "mean": 0.4386904761904761,
      "std": 0.2562712576216717,
      "min": 0.0,
      "max": 1.0,
      "count": 10
    },
    "grounding_accuracy": {
      "mean": 1.0,
      "std": 0.0,
      "min": 1.0,
      "max": 1.0,
      "count": 10
    },
    "ndcg@10": {
      "mean": 0.7299694513978321,
      "std": 0.29982460322392385,
      "min": 0.0,
      "max": 1.0,
      "count": 10
    },
    "precision@5": {
      "mean": 0.54,
      "std": 0.2690724809414742,
      "min": 0.0,
      "max": 0.8,
      "count": 10
    },
    "precision@1": {
      "mean": 0.6,
      "std": 0.48989794855663565,
      "min": 0.0,
      "max": 1.0,
      "count": 10
    },
    "mrr": {
      "mean": 0.7166666666666666,
      "std": 0.3655285366576885,
      "min": 0.0,
      "max": 1.0,
      "count": 10
    },