{
  "query_results": {
    "query_1": {
      "precision@1": 1.0,
      "recall@1": 0.3333333333333333,
      "ndcg@1": 1.0,
      "hit_rate@1": 1.0,
      "precision@3": 1.0,
      "recall@3": 1.0,
      "ndcg@3": 1.1596969716198995,
      "hit_rate@3": 1.0,
      "precision@5": 1.0,
      "recall@5": 1.6666666666666667,
      "ndcg@5": 1.5443693428759568,
      "hit_rate@5": 1.0,
      "precision@10": 1.0,
      "recall@10": 3.3333333333333335,
      "ndcg@10": 2.357204067797202,
      "hit_rate@10": 1.0,
      "mrr": 1.0,
      "retrieval_latency": 0.05828714370727539,
      "grounding_accuracy": 1.0,
      "citation_accuracy": 1.0
    },
    "query_2": {
      "precision@1": 1.0,
      "recall@1": 0.3333333333333333,
      "ndcg@1": 1.0,
      "hit_rate@1": 1.0,
      "precision@3": 1.0,
      "recall@3": 1.0,
      "ndcg@3": 0.9651954696014428,
      "hit_rate@3": 1.0,
      "precision@5": 0.6,
      "recall@5": 1.0,
      "ndcg@5": 0.9651954696014428,
      "hit_rate@5": 1.0,
      "precision@10": 0.6,
      "recall@10": 2.0,
      "ndcg@10": 1.3232039759414946,
      "hit_rate@10": 1.0,
      "mrr": 1.0,
      "retrieval_latency": 0.01898503303527832,
      "grounding_accuracy": 1.0,
      "citation_accuracy": 0.6
    },
    "query_3": {
      "precision@1": 1.0,
      "recall@1": 0.14285714285714285,
      "ndcg@1": 1.0,
      "hit_rate@1": 1.0,
      "precision@3": 1.0,
      "recall@3": 0.42857142857142855,
      "ndcg@3": 0.7346393630113782,
      "hit_rate@3": 1.0,
      "precision@5": 0.8,
      "recall@5": 0.5714285714285714,
      "ndcg@5": 0.7859770082521624,
      "hit_rate@5": 1.0,
      "precision@10": 0.8,
      "recall@10": 1.1428571428571428,
      "ndcg@10": 1.0830686324728784,
      "hit_rate@10": 1.0,
      "mrr": 1.0,
      "retrieval_latency": 0.009403228759765625,
      "grounding_accuracy": 1.0,
      "citation_accuracy": 0.8
    },
    "query_4": {
      "precision@1": 1.0,
      "recall@1": 0.3333333333333333,
      "ndcg@1": 1.0,
      "hit_rate@1": 1.0,
      "precision@3": 1.0,
      "recall@3": 1.0,
      "ndcg@3": 1.132912991314698,
      "hit_rate@3": 1.0,
      "precision@5": 0.8,
      "recall@5": 1.3333333333333333,
      "ndcg@5": 1.3618830298053095,
      "hit_rate@5": 1.0,
      "precision@10": 0.7,
      "recall@10": 2.3333333333333335,
      "ndcg@10": 1.8821604856226224,
      "hit_rate@10": 1.0,
      "mrr": 1.0,
      "retrieval_latency": 0.011446952819824219,
      "grounding_accuracy": 1.0,
      "citation_accuracy": 0.7
    },
    "query_5": {
      "precision@1": 1.0,
      "recall@1": 0.3333333333333333,
      "ndcg@1": 1.0,
      "hit_rate@1": 1.0,
      "precision@3": 0.3333333333333333,
      "recall@3": 0.3333333333333333,
      "ndcg@3": 0.5316519652587917,
      "hit_rate@3": 1.0,
      "precision@5": 0.6,
      "recall@5": 1.0,
      "ndcg@5": 0.8634575313654654,
      "hit_rate@5": 1.0,
      "precision@10": 0.5,
      "recall@10": 1.6666666666666667,
      "ndcg@10": 1.1073594810186942,
      "hit_rate@10": 1.0,
      "mrr": 1.0,
      "retrieval_latency": 0.012274980545043945,
      "grounding_accuracy": 1.0,
      "citation_accuracy": 0.5
    },
    "query_6": {
      "precision@1": 0.0,
      "recall@1": 0.0,
      "ndcg@1": 0.0,
      "hit_rate@1": 0.0,
      "precision@3": 0.6666666666666666,
      "recall@3": 0.6666666666666666,
      "ndcg@3": 0.7224242270408039,
      "hit_rate@3": 1.0,
      "precision@5": 0.6,
      "recall@5": 1.0,
      "ndcg@5": 0.8599797111848092,
      "hit_rate@5": 1.0,
      "precision@10": 0.3,
      "recall@10": 1.0,
      "ndcg@10": 0.8599797111848092,
      "hit_rate@10": 1.0,
      "mrr": 0.5,
      "retrieval_latency": 0.009377717971801758,
      "grounding_accuracy": 1.0,
      "citation_accuracy": 0.3
    },
    "query_7": {
      "precision@1": 0.0,
      "recall@1": 0.0,
      "ndcg@1": 0.0,
      "hit_rate@1": 0.0,
      "precision@3": 0.0,
      "recall@3": 0.0,
      "ndcg@3": 0.0,
      "hit_rate@3": 0.0,
      "precision@5": 0.2,
      "recall@5": 0.5,
      "ndcg@5": 0.23719771276929622,
      "hit_rate@5": 1.0,
      "precision@10": 0.2,
      "recall@10": 1.0,
      "ndcg@10": 0.45560514958746035,
      "hit_rate@10": 1.0,
      "mrr": 0.2,
      "retrieval_latency": 0.012920856475830078,
      "grounding_accuracy": 1.0,
      "citation_accuracy": 0.2
    },
    "query_8": {
      "precision@1": 1.0,
      "recall@1": 0.25,
      "ndcg@1": 1.0,
      "hit_rate@1": 1.0,
      "precision@3": 1.0,
      "recall@3": 0.75,
      "ndcg@3": 1.0,
      "hit_rate@3": 1.0,
      "precision@5": 1.0,
      "recall@5": 1.25,
      "ndcg@5": 1.2566591190358722,
      "hit_rate@5": 1.0,
      "precision@10": 0.7,
      "recall@10": 1.75,
      "ndcg@10": 1.5367793668668104,
      "hit_rate@10": 1.0,
      "mrr": 1.0,
      "retrieval_latency": 0.009926080703735352,
      "grounding_accuracy": 1.0,
      "citation_accuracy": 0.7
    },
    "query_9": {
      "precision@1": 1.0,
      "recall@1": 0.3333333333333333,
      "ndcg@1": 1.0,
      "hit_rate@1": 1.0,
      "precision@3": 0.3333333333333333,
      "recall@3": 0.3333333333333333,
      "ndcg@3": 0.5316519652587917,
      "hit_rate@3": 1.0,
      "precision@5": 0.6,
      "recall@5": 1.0,
      "ndcg@5": 0.8634575313654654,
      "hit_rate@5": 1.0,
      "precision@10": 0.6,
      "recall@10": 2.0,
      "ndcg@10": 1.1220270121530367,
      "hit_rate@10": 1.0,
      "mrr": 1.0,
      "retrieval_latency": 0.008882761001586914,
      "grounding_accuracy": 1.0,
      "citation_accuracy": 0.6
    },
    "query_10": {
      "precision@1": 0.0,
      "recall@1": 0.0,
      "ndcg@1": 0.0,
      "hit_rate@1": 0.0,
      "precision@3": 0.3333333333333333,
      "recall@3": 0.5,
      "ndcg@3": 0.38685280723454163,
      "hit_rate@3": 1.0,
      "precision@5": 0.2,
      "recall@5": 0.5,
      "ndcg@5": 0.38685280723454163,
      "hit_rate@5": 1.0,
      "precision@10": 0.1,
      "recall@10": 0.5,
      "ndcg@10": 0.38685280723454163,
      "hit_rate@10": 1.0,
      "mrr": 0.5,
      "retrieval_latency": 0.009999275207519531,
      "grounding_accuracy": 1.0,
      "citation_accuracy": 0.1
    }
  },
  "aggregated_metrics": {
    "ndcg@10": 1.211424068987955,
    "recall@1": 0.20595238095238094,
    "precision@1": 0.7,
    "recall@3": 0.6011904761904762,
    "retrieval_latency": 0.016150403022766113,
    "hit_rate@5": 1.0,
    "grounding_accuracy": 1.0,
    "ndcg@3": 0.7165025760340347,
    "ndcg@5": 0.9125029263490323,
    "citation_accuracy": 0.55,
    "recall@5": 0.9821428571428571,
    "hit_rate@3": 0.9,
    "precision@10": 0.55,
    "hit_rate@1": 0.7,
    "hit_rate@10": 1.0,
    "precision@5": 0.64,
    "recall@10": 1.672619047619048,
    "ndcg@1": 0.7,
    "mrr": 0.82,
    "precision@3": 0.6666666666666667,
    "average_response_time": 0.016150403022766113,
    "queries_per_second": 61.917959483139136
  },
  "summary_stats": {
    "ndcg@10": {
      "mean": 1.211424068987955,
      "std": 0.5736758226834698,
      "min": 0.38685280723454163,
      "max": 2.357204067797202,
      "count": 10
    },
    "recall@1": {
      "mean": 0.20595238095238094,
      "std": 0.14638985163641474,
      "min": 0.0,
      "max": 0.3333333333333333,
      "count": 10
    },
    "precision@1": {
      "mean": 0.7,
      "std": 0.45825756949558405,
      "min": 0.0,
      "max": 1.0,
      "count": 10
    },
    "recall@3": {
      "mean": 0.6011904761904762,
      "std": 0.3238117121774793,
      "min": 0.0,
      "max": 1.0,
      "count": 10
    },
    "retrieval_latency": {
      "mean": 0.016150403022766113,
      "std": 0.014324462162769586,
      "min": 0.008882761001586914,
      "max": 0.05828714370727539,
      "count": 10
    },
    "hit_rate@5": {
      "mean": 1.0,
      "std": 0.0,
      "min": 1.0,
      "max": 1.0,
      "count": 10
    },
    "grounding_accuracy": {
      "mean": 1.0,
      "std": 0.0,
      "min": 1.0,
      "max": 1.0,
      "count": 10
    },