{
  "query_1": {
    "doc_ids": [
      "arxiv:2307.10169",
      "arxiv:2303.18223",
      "arxiv:2307.10169",
      "arxiv:2303.18223",
      "arxiv:2307.10169",
      "arxiv:2303.18223",
      "arxiv:2307.10169",
      "arxiv:2307.10169",
      "arxiv:2307.10169",
      "arxiv:2303.18223"
    ],
    "query_time": 0.05828714370727539,
    "metadata": {
      "scores": [
        0.5410124,
        0.4831934,
        0.42820287,
        0.4223412,
        0.4124989,
        0.35123843,
        0.33733708,
        0.33558333,
        0.33507875,
        0.32723898
      ],
      "num_hits": 10
    }
  },
  "query_2": {
    "doc_ids": [
      "arxiv:2106.09685",
      "arxiv:2306.09782",
      "arxiv:2304.01933",
      "arxiv:2412.10543",
      "arxiv:20-074",
      "arxiv:2106.09685",
      "arxiv:2306.09782",
      "arxiv:2307.10169",
      "arxiv:2306.09782",
      "arxiv:2101.03961"
    ],
    "query_time": 0.01898503303527832,
    "metadata": {
      "scores": [
        0.56739795,
        0.5357233,
        0.5348814,
        0.5338297,
        0.52692586,
        0.5238898,
        0.5235605,
        0.52035224,
        0.5170572,
        0.5167752
      ],
      "num_hits": 10
    }
  },
  "query_3": {
    "doc_ids": [
      "arxiv:2001.08361",
      "arxiv:2303.18223",
      "arxiv:2302.13971",
      "arxiv:333078981_693988129081760_4712707815225756708_n",
      "arxiv:10000000_662098952474184_2584067087619170692_n",
      "arxiv:2307.09288",
      "arxiv:2203.15556",
      "arxiv:2001.08361",
      "arxiv:2203.15556",
      "arxiv:2307.10169"
    ],
    "query_time": 0.009403228759765625,
    "metadata": {
      "scores": [
        0.71224856,
        0.6999988,
        0.6884725,
        0.6878826,
        0.67381096,
        0.67381096,
        0.67001617,
        0.6493593,
        0.6258284,
        0.6199197
      ],
      "num_hits": 10
    }
  },
  "query_4": {
    "doc_ids": [
      "arxiv:2303.18223",
      "arxiv:2303.18223",
      "arxiv:2303.18223",
      "arxiv:2303.18223",
      "arxiv:333078981_693988129081760_4712707815225756708_n",
      "arxiv:2303.18223",
      "arxiv:2305.14314",
      "arxiv:2302.13971",
      "arxiv:2304.00612",
      "arxiv:2303.18223"
    ],
    "query_time": 0.011446952819824219,
    "metadata": {
      "scores": [
        0.69133306,
        0.60270375,
        0.5948928,
        0.59045935,
        0.5544716,
        0.55077267,
        0.55027187,
        0.5472095,
        0.5463929,
        0.54589885
      ],
      "num_hits": 10
    }
  },
  "query_5": {
    "doc_ids": [
      "arxiv:2305.18290",
      "arxiv:2510.13794",
      "arxiv:2307.10169",
      "arxiv:2203.02155",
      "arxiv:2303.18223",
      "arxiv:10000000_662098952474184_2584067087619170692_n",
      "arxiv:2307.09288",
      "arxiv:2303.18223",
      "arxiv:2305.18290",
      "arxiv:2304.00612"
    ],
    "query_time": 0.012274980545043945,
    "metadata": {
      "scores": [
        0.54157865,
        0.5328868,
        0.5192796,
        0.51899755,
        0.51762444,
        0.50931734,
        0.50931734,
        0.49720544,
        0.49184775,
        0.48961115
      ],
      "num_hits": 10
    }
  },
  "query_6": {
    "doc_ids": [
      "arxiv:2307.10169",
      "arxiv:2211.05100",
      "arxiv:2211.05100",
      "arxiv:2211.09110",
      "arxiv:2207.00112",
      "arxiv:palm2techreport",
      "arxiv:2204.02311",
      "arxiv:2203.15556",
      "arxiv:2001.08361",
      "arxiv:palm2techreport"
    ],
    "query_time": 0.009377717971801758,
    "metadata": {
      "scores": [
        0.7156366,
        0.6309767,
        0.62010455,
        0.61804175,
        0.5896987,
        0.58578,
        0.57845515,
        0.5775151,
        0.5674721,
        0.55925894
      ],
      "num_hits": 10
    }
  },
  "query_7": {
    "doc_ids": [
      "arxiv:2312.00752",
      "arxiv:1901.02860",
      "arxiv:2303.18223",
      "arxiv:1901.02860",
      "arxiv:2307.03172",
      "arxiv:2307.03172",
      "arxiv:2302.10866",
      "arxiv:2307.10169",
      "arxiv:2312.00752",
      "arxiv:2303.18223"
    ],
    "query_time": 0.012920856475830078,
    "metadata": {
      "scores": [
        0.5598581,
        0.5473689,
        0.54519343,
        0.50076807,
        0.4961029,
        0.49580938,
        0.49503866,
        0.49351537,
        0.49276823,
        0.49108383
      ],
      "num_hits": 10
    }
  },
  "query_8": {
    "doc_ids": [
      "arxiv:2310.20707",
      "arxiv:2303.18223",
      "arxiv:2005.14165",
      "arxiv:2310.20707",
      "arxiv:2310.20707",
      "arxiv:2303.18223",
      "arxiv:333078981_693988129081760_4712707815225756708_n",
      "arxiv:2304.01373",
      "arxiv:2303.18223",
      "arxiv:2211.09110"
    ],
    "query_time": 0.009926080703735352,
    "metadata": {
      "scores": [
        0.62101185,
        0.5722754,
        0.5673304,
        0.5530076,
        0.5510191,
        0.5504688,
        0.54794645,
        0.5459789,
        0.5324746,
        0.5220779
      ],
      "num_hits": 10
    }
  },
  "query_9": {
    "doc_ids": [
      "arxiv:2203.02155",
      "arxiv:2307.09288",
      "arxiv:10000000_662098952474184_2584067087619170692_n",
      "arxiv:2304.01373",
      "arxiv:2211.05100",
      "arxiv:2211.05100",
      "arxiv:2304.00612",
      "arxiv:2211.05100",
      "arxiv:2211.05100",
      "arxiv:2304.00612"
    ],
    "query_time": 0.008882761001586914,
    "metadata": {
      "scores": [
        0.5074836,
        0.48764014,
        0.48764014,
        0.4649021,
        0.46481392,
        0.443695,
        0.43823314,
        0.3924179,
        0.39175117,
        0.3703146
      ],
      "num_hits": 10
    }
  },
  "query_10": {
    "doc_ids": [
      "arxiv:2203.02155",
      "arxiv:2307.10169",
      "arxiv:2203.02155",
      "arxiv:2305.03047",
      "arxiv:2303.18223",
      "arxiv:2303.18223",
      "arxiv:2307.09288",
      "arxiv:10000000_662098952474184_2584067087619170692_n",
      "arxiv:2106.09685",
      "arxiv:2301.00774"
    ],
    "query_time": 0.009999275207519531,
    "metadata": {
      "scores": [
        0.55413353,
        0.46607602,
        0.45603597,
        0.44628567,
        0.44052553,
        0.42029256,
        0.41116613,
        0.41116613,
        0.40419364,
        0.39690685
      ],
      "num_hits": 10
    }
  }
}