{
  "system_metrics": {
    "baseline": {
      "ndcg@3": 0.6350499802054138,
      "recall@1": 0.20595238095238094,
      "ndcg@10": 0.7321099877019595,
      "hit_rate@1": 0.7,
      "ndcg@5": 0.7237737640164681,
      "grounding_accuracy": 1.0,
      "recall@5": 0.7321428571428571,
      "recall@10": 0.7607142857142857,
      "citation_accuracy": 0.44952380952380955,
      "mrr": 0.825,
      "precision@1": 0.7,
      "precision@10": 0.44952380952380955,
      "hit_rate@3": 0.9,
      "ndcg@1": 0.7,
      "hit_rate@5": 1.0,
      "retrieval_latency": 0.005976390838623047,
      "precision@5": 0.54,
      "hit_rate@10": 1.0,
      "precision@3": 0.6333333333333333,
      "recall@3": 0.5345238095238095,
      "average_response_time": 0.005976390838623047,
      "queries_per_second": 167.32506741985415
    },
    "chunk_600_ov100": {
      "ndcg@3": 0.4354347863407263,
      "recall@1": 0.15833333333333333,
      "ndcg@10": 0.5214799058356361,
      "hit_rate@1": 0.5,
      "ndcg@5": 0.48163685231381426,
      "grounding_accuracy": 1.0,
      "recall@5": 0.4511904761904762,
      "recall@10": 0.5821428571428571,
      "citation_accuracy": 0.2865079365079365,
      "mrr": 0.6291666666666667,
      "precision@1": 0.5,
      "precision@10": 0.2865079365079365,
      "hit_rate@3": 0.7,
      "ndcg@1": 0.5,
      "hit_rate@5": 0.7,
      "retrieval_latency": 0.014428377151489258,
      "precision@5": 0.32,
      "hit_rate@10": 0.9,
      "precision@3": 0.4,
      "recall@3": 0.34523809523809523,
      "average_response_time": 0.014428377151489258,
      "queries_per_second": 69.30786390600989
    }
  },
  "best_systems": {
    "ndcg@3": {
      "system": "baseline",
      "score": 0.6350499802054138
    },
    "recall@1": {
      "system": "baseline",
      "score": 0.20595238095238094
    },
    "ndcg@10": {
      "system": "baseline",
      "score": 0.7321099877019595
    },
    "hit_rate@1": {
      "system": "baseline",
      "score": 0.7
    },
    "ndcg@5": {
      "system": "baseline",
      "score": 0.7237737640164681
    },
    "grounding_accuracy": {
      "system": "baseline",
      "score": 1.0
    },
    "recall@5": {
      "system": "baseline",
      "score": 0.7321428571428571
    },
    "recall@10": {
      "system": "baseline",
      "score": 0.7607142857142857
    },
    "citation_accuracy": {
      "system": "baseline",
      "score": 0.44952380952380955
    },
    "mrr": {
      "system": "baseline",
      "score": 0.825
    },
    "precision@1": {
      "system": "baseline",
      "score": 0.7
    },
    "precision@10": {
      "system": "baseline",
      "score": 0.44952380952380955
    },
    "hit_rate@3": {
      "system": "baseline",
      "score": 0.9
    },
    "ndcg@1": {
      "system": "baseline",
      "score": 0.7
    },
    "hit_rate@5": {
      "system": "baseline",
      "score": 1.0
    },
    "retrieval_latency": {
      "system": "chunk_600_ov100",
      "score": 0.014428377151489258
    },
    "precision@5": {
      "system": "baseline",
      "score": 0.54
    },
    "hit_rate@10": {
      "system": "baseline",
      "score": 1.0
    },
    "precision@3": {
      "system": "baseline",
      "score": 0.6333333333333333
    },
    "recall@3": {
      "system": "baseline",
      "score": 0.5345238095238095
    },
    "average_response_time": {
      "system": "chunk_600_ov100",
      "score": 0.014428377151489258
    },
    "queries_per_second": {
      "system": "baseline",
      "score": 167.32506741985415
    }
  }
}