{
  "query_1": {
    "doc_ids": [
      "arxiv:2307.10169#methods:part-3",
      "arxiv:2307.10169#methods:part-2",
      "arxiv:2307.10169#methods:part-4",
      "arxiv:2303.18223#result:part-10",
      "arxiv:2303.18223#model:part-28",
      "arxiv:2308.10792#methods:part-11",
      "arxiv:2510.13619#introduction:part-5",
      "arxiv:2312.00752#introduction:part-10",
      "arxiv:2306.14048#introduction:part-5",
      "arxiv:2304.01373#abstract:part-11"
    ],
    "query_time": 0.08057689666748047,
    "metadata": {
      "scores": [
        0.5067656,
        0.45809862,
        0.4080809,
        0.36663458,
        0.34744453,
        0.33801544,
        0.32841006,
        0.30759567,
        0.30300957,
        0.2900672
      ],
      "num_hits": 10
    }
  },
  "query_2": {
    "doc_ids": [
      "arxiv:2106.09685#introduction:part-5",
      "arxiv:2301.13688#related-work:part-2",
      "arxiv:2306.09782#introduction:part-1",
      "arxiv:2307.03172#model:part-5",
      "arxiv:2306.09782#experiment:part-1",
      "arxiv:2306.09782#method:part-1",
      "arxiv:2101.03961#introduction",
      "arxiv:2305.14314#model",
      "arxiv:2106.09685#method:part-3",
      "arxiv:2106.09685#method:part-6"
    ],
    "query_time": 0.013480901718139648,
    "metadata": {
      "scores": [
        0.60586256,
        0.5512959,
        0.5357233,
        0.53405803,
        0.5235605,
        0.5170572,
        0.5167752,
        0.5092405,
        0.5053476,
        0.50065154
      ],
      "num_hits": 10
    }
  },
  "query_3": {
    "doc_ids": [
      "arxiv:palm2techreport#introduction:part-4",
      "arxiv:2001.08361#model:part-2",
      "arxiv:2302.13971#introduction",
      "arxiv:333078981_693988129081760_4712707815225756708_n#introduction",
      "arxiv:2305.13048#background:part-5",
      "arxiv:2307.09288#related-work:part-1",
      "arxiv:10000000_662098952474184_2584067087619170692_n#related-work:part-1",
      "arxiv:2001.08361#abstract",
      "arxiv:2001.08361#results:part-6",
      "arxiv:2001.08361#related-work:part-2"
    ],
    "query_time": 0.009979963302612305,
    "metadata": {
      "scores": [
        0.7521959,
        0.7175713,
        0.6884725,
        0.6878826,
        0.6772575,
        0.67381096,
        0.67381096,
        0.6493593,
        0.63859487,
        0.6365156
      ],
      "num_hits": 10
    }
  },
  "query_4": {
    "doc_ids": [
      "arxiv:2303.18223#result:part-17",
      "arxiv:2307.10169#methods:part-35",
      "arxiv:2307.10169#methods:part-36",
      "arxiv:2303.18223#result:part-8",
      "arxiv:2501.19393#abstract:part-6",
      "arxiv:2303.18223#result:part-12",
      "arxiv:2303.18223#result:part-4",
      "arxiv:2305.14314#evaluation:part-1",
      "arxiv:palm2techreport#evaluation:part-6",
      "arxiv:2412.19437#model"
    ],
    "query_time": 0.005902767181396484,
    "metadata": {
      "scores": [
        0.63632727,
        0.6274466,
        0.5847577,
        0.5802031,
        0.5729897,
        0.5613703,
        0.5555485,
        0.55027187,
        0.54822916,
        0.5443043
      ],
      "num_hits": 10
    }
  },
  "query_5": {
    "doc_ids": [
      "arxiv:2305.18290#related-work:part-5",
      "arxiv:2510.13794#background:part-1",
      "arxiv:2203.02155#model:part-9",
      "arxiv:2203.02155#related-work:part-1",
      "arxiv:2305.18290#related-work:part-2",
      "arxiv:2304.00612#introduction:part-6",
      "arxiv:2305.18290#related-work:part-3",
      "arxiv:10000000_662098952474184_2584067087619170692_n#model:part-3",
      "arxiv:2307.09288#model:part-3",
      "arxiv:2510.13367#abstract"
    ],
    "query_time": 0.0065882205963134766,
    "metadata": {
      "scores": [
        0.6035907,
        0.5328868,
        0.528461,
        0.51899755,
        0.50377333,
        0.497575,
        0.49330705,
        0.48189962,
        0.48189962,
        0.48110765
      ],
      "num_hits": 10
    }
  },
  "query_6": {
    "doc_ids": [
      "arxiv:2307.10169#conclusion",
      "arxiv:2211.05100#abstract:part-2",
      "arxiv:2207.00112#introduction:part-1",
      "arxiv:palm2techreport#introduction:part-1",
      "arxiv:2203.15556#model:part-1",
      "arxiv:2304.01373#abstract:part-4",
      "arxiv:2001.08361#model:part-2",
      "arxiv:2211.05100#model:part-5",
      "arxiv:1910.01108#introduction:part-1",
      "arxiv:2211.09110#abstract"
    ],
    "query_time": 0.005629062652587891,
    "metadata": {
      "scores": [
        0.7156366,
        0.6069876,
        0.5896987,
        0.58578,
        0.5775151,
        0.569893,
        0.5571869,
        0.55244464,
        0.5503161,
        0.542326
      ],
      "num_hits": 10
    }
  },
  "query_7": {
    "doc_ids": [
      "arxiv:2312.00752#introduction:part-1",
      "arxiv:2303.18223#method:part-5",
      "arxiv:2307.10169#introduction:part-19",
      "arxiv:2412.19437#introduction:part-2",
      "arxiv:2312.00752#introduction:part-10",
      "arxiv:1901.02860#related-work",
      "arxiv:2307.03172#related-work",
      "arxiv:2307.03172#abstract",
      "arxiv:2312.00752#conclusion",
      "arxiv:2307.03172#model:part-3"
    ],
    "query_time": 0.007056713104248047,
    "metadata": {
      "scores": [
        0.5598581,
        0.54798937,
        0.5203537,
        0.5125015,
        0.51198995,
        0.50076807,
        0.4961029,
        0.49580938,
        0.49276823,
        0.49180514
      ],
      "num_hits": 10
    }
  },
  "query_8": {
    "doc_ids": [
      "arxiv:2310.20707#introduction:part-2",
      "arxiv:palm2techreport#evaluation:part-12",
      "arxiv:2303.18223#model:part-13",
      "arxiv:2310.20707#model:part-2",
      "arxiv:20-074#abstract:part-27",
      "arxiv:2211.09110#model:part-32",
      "arxiv:2304.01373#abstract:part-3",
      "arxiv:palm2techreport#introduction:part-6",
      "arxiv:2302.13971#approach:part-1",
      "arxiv:333078981_693988129081760_4712707815225756708_n#conclusion"
    ],
    "query_time": 0.00454401969909668,
    "metadata": {
      "scores": [
        0.59714365,
        0.576663,
        0.5524434,
        0.54562813,
        0.5417768,
        0.53572136,
        0.5326903,
        0.50982076,
        0.5051159,
        0.49866205
      ],
      "num_hits": 10
    }
  },
  "query_9": {
    "doc_ids": [
      "arxiv:2307.09288#related-work:part-1",
      "arxiv:10000000_662098952474184_2584067087619170692_n#related-work:part-1",
      "arxiv:2204.06745#introduction:part-10",
      "arxiv:2211.09110#introduction:part-11",
      "arxiv:2304.00612#abstract",
      "arxiv:2307.10169#introduction:part-4",
      "arxiv:2005.14165#conclusion:part-2",
      "arxiv:2304.00612#introduction:part-4",
      "arxiv:2211.09110#introduction:part-8",
      "arxiv:2211.05100#evaluation:part-1"
    ],
    "query_time": 0.005862236022949219,
    "metadata": {
      "scores": [
        0.48764014,
        0.48764014,
        0.45623276,
        0.44033974,
        0.43823314,
        0.41979694,
        0.41241962,
        0.40308976,
        0.39509627,
        0.39175117
      ],
      "num_hits": 10
    }
  },
  "query_10": {
    "doc_ids": [
      "arxiv:2203.02155#model:part-6",
      "arxiv:2305.03047#introduction:part-3",
      "arxiv:2305.03047#evaluation",
      "arxiv:2203.02155#model:part-9",
      "arxiv:2203.02155#model:part-3",
      "arxiv:2305.03047#model:part-3",
      "arxiv:2203.02155#model:part-5",
      "arxiv:2510.13048#approach:part-4",
      "arxiv:2203.02155#introduction",
      "arxiv:2211.09718#conclusion"
    ],
    "query_time": 0.004662990570068359,
    "metadata": {
      "scores": [
        0.55674994,
        0.50418043,
        0.44628567,
        0.4155748,
        0.41346216,
        0.41007778,
        0.4081009,
        0.40465468,
        0.39532125,
        0.39413857
      ],
      "num_hits": 10
    }
  }
}