{
  "system_metrics": {
    "baseline": {
      "hit_rate@1": 0.7,
      "hit_rate@10": 1.0,
      "ndcg@1": 0.7,
      "precision@5": 0.54,
      "retrieval_latency": 0.005976390838623047,
      "mrr": 0.825,
      "citation_accuracy": 0.44952380952380955,
      "ndcg@3": 0.6350499802054138,
      "precision@1": 0.7,
      "hit_rate@3": 0.9,
      "grounding_accuracy": 1.0,
      "precision@10": 0.44952380952380955,
      "hit_rate@5": 1.0,
      "recall@5": 0.7321428571428571,
      "precision@3": 0.6333333333333333,
      "ndcg@10": 0.7321099877019595,
      "recall@1": 0.20595238095238094,
      "recall@3": 0.5345238095238095,
      "ndcg@5": 0.7237737640164681,
      "recall@10": 0.7607142857142857,
      "average_response_time": 0.005976390838623047,
      "queries_per_second": 167.32506741985415
    },
    "chunk_600_ov20": {
      "hit_rate@1": 0.3,
      "hit_rate@10": 0.9,
      "ndcg@1": 0.25,
      "precision@5": 0.28,
      "retrieval_latency": 0.40992677211761475,
      "mrr": 0.49000000000000005,
      "citation_accuracy": 0.27484126984126983,
      "ndcg@3": 0.3091209100276859,
      "precision@1": 0.3,
      "hit_rate@3": 0.6,
      "grounding_accuracy": 1.0,
      "precision@10": 0.27484126984126983,
      "hit_rate@5": 0.8,
      "recall@5": 0.3904761904761905,
      "precision@3": 0.3333333333333333,
      "ndcg@10": 0.4460240356166024,
      "recall@1": 0.08095238095238096,
      "recall@3": 0.26785714285714285,
      "ndcg@5": 0.3725443112072715,
      "recall@10": 0.5904761904761904,
      "average_response_time": 0.40992677211761475,
      "queries_per_second": 2.43946008901581
    }
  },
  "best_systems": {
    "hit_rate@1": {
      "system": "baseline",
      "score": 0.7
    },
    "hit_rate@10": {
      "system": "baseline",
      "score": 1.0
    },
    "ndcg@1": {
      "system": "baseline",
      "score": 0.7
    },
    "precision@5": {
      "system": "baseline",
      "score": 0.54
    },
    "retrieval_latency": {
      "system": "chunk_600_ov20",
      "score": 0.40992677211761475
    },
    "mrr": {
      "system": "baseline",
      "score": 0.825
    },
    "citation_accuracy": {
      "system": "baseline",
      "score": 0.44952380952380955
    },
    "ndcg@3": {
      "system": "baseline",
      "score": 0.6350499802054138
    },
    "precision@1": {
      "system": "baseline",
      "score": 0.7
    },
    "hit_rate@3": {
      "system": "baseline",
      "score": 0.9
    },
    "grounding_accuracy": {
      "system": "baseline",
      "score": 1.0
    },
    "precision@10": {
      "system": "baseline",
      "score": 0.44952380952380955
    },
    "hit_rate@5": {
      "system": "baseline",
      "score": 1.0
    },
    "recall@5": {
      "system": "baseline",
      "score": 0.7321428571428571
    },
    "precision@3": {
      "system": "baseline",
      "score": 0.6333333333333333
    },
    "ndcg@10": {
      "system": "baseline",
      "score": 0.7321099877019595
    },
    "recall@1": {
      "system": "baseline",
      "score": 0.20595238095238094
    },
    "recall@3": {
      "system": "baseline",
      "score": 0.5345238095238095
    },
    "ndcg@5": {
      "system": "baseline",
      "score": 0.7237737640164681
    },
    "recall@10": {
      "system": "baseline",
      "score": 0.7607142857142857
    },
    "average_response_time": {
      "system": "chunk_600_ov20",
      "score": 0.40992677211761475
    },
    "queries_per_second": {
      "system": "baseline",
      "score": 167.32506741985415
    }
  }
}