{
  "query_1": {
    "doc_ids": [
      "arxiv:2307.10169#methods:part-4",
      "arxiv:2307.10169#methods:part-2",
      "arxiv:2303.18223#model:part-16",
      "arxiv:2307.10169#methods:part-3",
      "arxiv:2303.18223#result:part-3",
      "arxiv:2303.18223#method:part-8",
      "arxiv:1901.02860#model:part-3",
      "arxiv:1706.03762#background:part-3",
      "arxiv:2301.13688#methods:part-3",
      "arxiv:2309.06180#evaluation:part-3"
    ],
    "query_time": 1.2193262577056885,
    "metadata": {
      "scores": [
        0.44973275,
        0.44325507,
        0.41501546,
        0.371013,
        0.32489645,
        0.29403496,
        0.28753173,
        0.28025994,
        0.27318287,
        0.26993865
      ],
      "num_hits": 10
    }
  },
  "query_2": {
    "doc_ids": [
      "arxiv:2307.10169#introduction:part-11",
      "arxiv:2306.09782#introduction:part-1",
      "arxiv:2306.09782#experiment:part-1",
      "arxiv:2306.09782#method:part-1",
      "arxiv:2308.10792#model:part-8",
      "arxiv:2101.03961#introduction",
      "arxiv:2204.02311#related-work:part-4",
      "arxiv:2305.14314#model",
      "arxiv:2306.09782#introduction:part-2",
      "arxiv:2106.09685#introduction:part-5"
    ],
    "query_time": 0.786492109298706,
    "metadata": {
      "scores": [
        0.56199324,
        0.5357233,
        0.5235605,
        0.5170572,
        0.5170474,
        0.5167752,
        0.511876,
        0.5092405,
        0.50731057,
        0.500067
      ],
      "num_hits": 10
    }
  },
  "query_3": {
    "doc_ids": [
      "arxiv:2302.13971#introduction",
      "arxiv:333078981_693988129081760_4712707815225756708_n#introduction",
      "arxiv:2307.09288#related-work:part-1",
      "arxiv:10000000_662098952474184_2584067087619170692_n#related-work:part-1",
      "arxiv:2001.08361#abstract",
      "arxiv:333078981_693988129081760_4712707815225756708_n#related-work:part-2",
      "arxiv:2001.08361#model:part-4",
      "arxiv:2302.13971#related-work:part-2",
      "arxiv:2307.10169#conclusion",
      "arxiv:2204.06745#introduction:part-1"
    ],
    "query_time": 0.6085460186004639,
    "metadata": {
      "scores": [
        0.6884725,
        0.6878826,
        0.67381096,
        0.67381096,
        0.6493593,
        0.6291553,
        0.62489414,
        0.61996824,
        0.6199197,
        0.6191927
      ],
      "num_hits": 10
    }
  },
  "query_4": {
    "doc_ids": [
      "arxiv:2303.18223#result:part-15",
      "arxiv:2303.18223#result:part-14",
      "arxiv:2307.10169#methods:part-12",
      "arxiv:2303.18223#result:part-7",
      "arxiv:2307.10169#methods:part-31",
      "arxiv:2305.14314#evaluation:part-1",
      "arxiv:2304.00612#introduction:part-7",
      "arxiv:2412.19437#model",
      "arxiv:2501.19393#evaluation",
      "arxiv:2310.05492#introduction:part-3"
    ],
    "query_time": 0.22638988494873047,
    "metadata": {
      "scores": [
        0.6595746,
        0.6031417,
        0.5856438,
        0.5794594,
        0.5632299,
        0.55027187,
        0.54637265,
        0.5443043,
        0.5412934,
        0.53854495
      ],
      "num_hits": 10
    }
  },
  "query_5": {
    "doc_ids": [
      "arxiv:2307.10169#methods:part-5",
      "arxiv:2510.13794#background:part-1",
      "arxiv:10000000_662098952474184_2584067087619170692_n#model:part-3",
      "arxiv:2307.09288#model:part-3",
      "arxiv:2203.02155#related-work:part-1",
      "arxiv:2303.18223#model:part-4",
      "arxiv:2305.18290#experiments:part-5",
      "arxiv:2510.13367#abstract",
      "arxiv:2510.13626#related-work",
      "arxiv:2510.13358#related-work:part-2"
    ],
    "query_time": 0.09637713432312012,
    "metadata": {
      "scores": [
        0.6167844,
        0.5328868,
        0.5276006,
        0.5276006,
        0.51899755,
        0.5114557,
        0.48766166,
        0.48110765,
        0.47885683,
        0.47676605
      ],
      "num_hits": 10
    }
  },
  "query_6": {
    "doc_ids": [
      "arxiv:2307.10169#conclusion",
      "arxiv:2211.05100#model:part-4",
      "arxiv:2207.00112#introduction:part-1",
      "arxiv:palm2techreport#introduction:part-1",
      "arxiv:2203.15556#model:part-1",
      "arxiv:palm2techreport#introduction:part-5",
      "arxiv:1909.08053#abstract:part-3",
      "arxiv:2211.09110#model:part-23",
      "arxiv:1910.01108#introduction:part-1",
      "arxiv:1907.01470#experiments:part-2"
    ],
    "query_time": 0.16739201545715332,
    "metadata": {
      "scores": [
        0.7156366,
        0.6147144,
        0.5896987,
        0.58578,
        0.5775151,
        0.5731956,
        0.5624051,
        0.561578,
        0.5503161,
        0.5498769
      ],
      "num_hits": 10
    }
  },
  "query_7": {
    "doc_ids": [
      "arxiv:2303.18223#method:part-6",
      "arxiv:2303.18223#method:part-5",
      "arxiv:2305.13048#background:part-6",
      "arxiv:2312.00752#introduction:part-1",
      "arxiv:1901.02860#related-work",
      "arxiv:2307.03172#model:part-3",
      "arxiv:2307.03172#related-work",
      "arxiv:2307.03172#abstract",
      "arxiv:2312.00752#conclusion",
      "arxiv:2302.10866#introduction:part-1"
    ],
    "query_time": 0.3545951843261719,
    "metadata": {
      "scores": [
        0.5906146,
        0.5802929,
        0.5722035,
        0.5598581,
        0.50076807,
        0.4972121,
        0.4961029,
        0.49580938,
        0.49276823,
        0.47602513
      ],
      "num_hits": 10
    }
  },
  "query_8": {
    "doc_ids": [
      "arxiv:palm2techreport#introduction:part-2",
      "arxiv:2307.10169#introduction:part-2",
      "arxiv:2310.20707#introduction:part-3",
      "arxiv:2310.20707#model:part-2",
      "arxiv:2310.20707#introduction:part-2",
      "arxiv:2310.20707#model:part-8",
      "arxiv:palm2techreport#evaluation:part-11",
      "arxiv:2302.13971#approach:part-1",
      "arxiv:2005.14165#conclusion:part-3",
      "arxiv:333078981_693988129081760_4712707815225756708_n#conclusion"
    ],
    "query_time": 0.30271100997924805,
    "metadata": {
      "scores": [
        0.5644932,
        0.54160625,
        0.52982855,
        0.52724504,
        0.5239628,
        0.51401156,
        0.5065956,
        0.5051159,
        0.49892724,
        0.49866205
      ],
      "num_hits": 10
    }
  },
  "query_9": {
    "doc_ids": [
      "arxiv:2307.09288#related-work:part-1",
      "arxiv:10000000_662098952474184_2584067087619170692_n#related-work:part-1",
      "arxiv:2304.00612#abstract",
      "arxiv:2211.09110#introduction:part-7",
      "arxiv:2211.09110#conclusion:part-2",
      "arxiv:2303.18223#model:part-6",
      "arxiv:2211.05100#evaluation:part-1",
      "arxiv:2301.13688#methods:part-2",
      "arxiv:2303.18223#model:part-24",
      "arxiv:2203.02155#model:part-9"
    ],
    "query_time": 0.2371230125427246,
    "metadata": {
      "scores": [
        0.48764014,
        0.48764014,
        0.43823314,
        0.40320045,
        0.39856243,
        0.3976698,
        0.39175117,
        0.38226283,
        0.37640738,
        0.3699593
      ],
      "num_hits": 10
    }
  },
  "query_10": {
    "doc_ids": [
      "arxiv:2203.02155#model:part-8",
      "arxiv:2303.18223#model:part-4",
      "arxiv:2305.03047#evaluation",
      "arxiv:2211.09718#experiment:part-3",
      "arxiv:2305.03047#model:part-2",
      "arxiv:2310.05492#introduction:part-2",
      "arxiv:2203.02155#introduction",
      "arxiv:2211.09718#conclusion",
      "arxiv:2208.11580#related-work:part-6",
      "arxiv:2301.00774#abstract:part-4"
    ],
    "query_time": 0.10031509399414062,
    "metadata": {
      "scores": [
        0.55343384,
        0.4503625,
        0.44628567,
        0.4257158,
        0.42457235,
        0.40682447,
        0.39532125,
        0.39413857,
        0.38976803,
        0.38941675
      ],
      "num_hits": 10
    }
  }
}