{
  "query_1": {
    "doc_ids": [
      "arxiv:2307.10169#methods:part-4",
      "arxiv:2307.10169#methods:part-3",
      "arxiv:2307.10169#methods:part-2",
      "arxiv:2303.18223#result:part-9",
      "arxiv:2303.18223#model:part-17",
      "arxiv:2303.18223#model:part-19",
      "arxiv:2307.10169#methods:part-39",
      "arxiv:2303.18223#model:part-26",
      "arxiv:2009.06489#introduction:part-9",
      "arxiv:2303.18223#result:part-8"
    ],
    "query_time": 1.2195720672607422,
    "metadata": {
      "scores": [
        0.5727329,
        0.5095735,
        0.4889238,
        0.4831934,
        0.4223412,
        0.37095946,
        0.36672944,
        0.34744453,
        0.30982104,
        0.3094266
      ],
      "num_hits": 10
    }
  },
  "query_2": {
    "doc_ids": [
      "arxiv:2308.10792#model:part-8",
      "arxiv:2306.09782#introduction:part-1",
      "arxiv:2304.01933#method:part-5",
      "arxiv:2306.09782#experiment:part-1",
      "arxiv:2306.09782#method:part-1",
      "arxiv:2101.03961#introduction",
      "arxiv:2211.09718#experiment:part-2",
      "arxiv:2305.14314#model",
      "arxiv:2001.08361#related-work:part-9",
      "arxiv:2312.09993#introduction:part-9"
    ],
    "query_time": 0.7584028244018555,
    "metadata": {
      "scores": [
        0.632644,
        0.5357233,
        0.5348814,
        0.5235605,
        0.5170572,
        0.5167752,
        0.5158349,
        0.5092405,
        0.50919735,
        0.5060754
      ],
      "num_hits": 10
    }
  },
  "query_3": {
    "doc_ids": [
      "arxiv:2302.13971#introduction",
      "arxiv:333078981_693988129081760_4712707815225756708_n#introduction",
      "arxiv:2302.13971#related-work:part-2",
      "arxiv:333078981_693988129081760_4712707815225756708_n#related-work:part-2",
      "arxiv:2307.09288#related-work:part-1",
      "arxiv:10000000_662098952474184_2584067087619170692_n#related-work:part-1",
      "arxiv:2001.08361#abstract",
      "arxiv:2307.10169#conclusion",
      "arxiv:2204.06745#introduction:part-1",
      "arxiv:2303.18223#introduction:part-6"
    ],
    "query_time": 0.5582709312438965,
    "metadata": {
      "scores": [
        0.6884725,
        0.6878826,
        0.68268025,
        0.6739366,
        0.67381096,
        0.67381096,
        0.6493593,
        0.6199197,
        0.6191927,
        0.60912454
      ],
      "num_hits": 10
    }
  },
  "query_4": {
    "doc_ids": [
      "arxiv:2303.18223#result:part-15",
      "arxiv:2303.18223#result:part-16",
      "arxiv:2303.18223#introduction:part-5",
      "arxiv:333078981_693988129081760_4712707815225756708_n#approach:part-5",
      "arxiv:2305.14314#evaluation:part-1",
      "arxiv:2302.13971#approach:part-5",
      "arxiv:2412.19437#model",
      "arxiv:2501.19393#evaluation",
      "arxiv:2303.18223#model:part-23",
      "arxiv:2307.10169#methods:part-33"
    ],
    "query_time": 0.2339780330657959,
    "metadata": {
      "scores": [
        0.65077,
        0.60189366,
        0.59045935,
        0.5544716,
        0.55027187,
        0.5472095,
        0.5443043,
        0.5412934,
        0.524049,
        0.5238121
      ],
      "num_hits": 10
    }
  },
  "query_5": {
    "doc_ids": [
      "arxiv:2307.10169#methods:part-6",
      "arxiv:10000000_662098952474184_2584067087619170692_n#model:part-3",
      "arxiv:2307.09288#model:part-3",
      "arxiv:2510.13794#background:part-1",
      "arxiv:2203.02155#related-work:part-1",
      "arxiv:2305.18290#related-work:part-6",
      "arxiv:2412.19437#method:part-16",
      "arxiv:2510.13367#abstract",
      "arxiv:2510.13626#related-work",
      "arxiv:2510.13704#introduction:part-11"
    ],
    "query_time": 0.46638989448547363,
    "metadata": {
      "scores": [
        0.56584466,
        0.5371946,
        0.5371946,
        0.5328868,
        0.51899755,
        0.5130469,
        0.5000931,
        0.48110765,
        0.47885683,
        0.47402734
      ],
      "num_hits": 10
    }
  },
  "query_6": {
    "doc_ids": [
      "arxiv:2307.10169#conclusion",
      "arxiv:2211.09110#model:part-5",
      "arxiv:2207.00112#introduction:part-1",
      "arxiv:palm2techreport#introduction:part-1",
      "arxiv:2203.15556#model:part-1",
      "arxiv:20-074#abstract:part-12",
      "arxiv:2312.09993#introduction:part-6",
      "arxiv:2211.05100#model:part-11",
      "arxiv:2412.19437#method:part-11",
      "arxiv:2204.02311#model:part-8"
    ],
    "query_time": 0.3230249881744385,
    "metadata": {
      "scores": [
        0.7156366,
        0.61804175,
        0.5896987,
        0.58578,
        0.5775151,
        0.5622518,
        0.56117743,
        0.5557535,
        0.55454755,
        0.5535747
      ],
      "num_hits": 10
    }
  },
  "query_7": {
    "doc_ids": [
      "arxiv:palm2techreport#introduction:part-6",
      "arxiv:2312.00752#introduction:part-1",
      "arxiv:2303.18223#method:part-5",
      "arxiv:1901.02860#related-work",
      "arxiv:2307.03172#related-work",
      "arxiv:2307.03172#abstract",
      "arxiv:2312.00752#conclusion",
      "arxiv:2305.07185#method:part-2",
      "arxiv:2302.10866#introduction:part-1",
      "arxiv:2307.10169#introduction:part-18"
    ],
    "query_time": 0.4845468997955322,
    "metadata": {
      "scores": [
        0.56585574,
        0.5598581,
        0.54519343,
        0.50076807,
        0.4961029,
        0.49580938,
        0.49276823,
        0.48613626,
        0.47602513,
        0.46978977
      ],
      "num_hits": 10
    }
  },
  "query_8": {
    "doc_ids": [
      "arxiv:2304.01373#abstract:part-3",
      "arxiv:2310.20707#introduction:part-2",
      "arxiv:palm2techreport#introduction:part-2",
      "arxiv:2310.20707#model:part-2",
      "arxiv:palm2techreport#evaluation:part-12",
      "arxiv:2303.18223#model:part-10",
      "arxiv:20-074#model:part-3",
      "arxiv:2303.18223#model:part-12",
      "arxiv:2302.13971#approach:part-1",
      "arxiv:2310.20707#model:part-10"
    ],
    "query_time": 0.27295613288879395,
    "metadata": {
      "scores": [
        0.55806035,
        0.55391437,
        0.5524636,
        0.5403446,
        0.51937294,
        0.51619965,
        0.5097504,
        0.50576836,
        0.5051159,
        0.5033517
      ],
      "num_hits": 10
    }
  },
  "query_9": {
    "doc_ids": [
      "arxiv:10000000_662098952474184_2584067087619170692_n#related-work:part-1",
      "arxiv:2307.09288#related-work:part-1",
      "arxiv:2304.00612#abstract",
      "arxiv:2211.09110#conclusion:part-2",
      "arxiv:2211.09110#introduction:part-4",
      "arxiv:2005.14165#conclusion:part-2",
      "arxiv:2203.02155#model:part-10",
      "arxiv:2304.00612#introduction:part-12",
      "arxiv:2211.05100#evaluation:part-1",
      "arxiv:2211.09110#introduction:part-10"
    ],
    "query_time": 0.25159692764282227,
    "metadata": {
      "scores": [
        0.48764014,
        0.48764014,
        0.43823314,
        0.43550533,
        0.42120627,
        0.41070387,
        0.40560728,
        0.40468293,
        0.39175117,
        0.3904916
      ],
      "num_hits": 10
    }
  },
  "query_10": {
    "doc_ids": [
      "arxiv:2307.10169#methods:part-6",
      "arxiv:2203.02155#model:part-5",
      "arxiv:2303.18223#model:part-4",
      "arxiv:2305.03047#evaluation",
      "arxiv:1901.02860#model:part-4",
      "arxiv:2310.05492#introduction:part-2",
      "arxiv:2305.03047#model:part-3",
      "arxiv:1803.02155#background:part-3",
      "arxiv:2310.05492#introduction:part-3",
      "arxiv:2203.02155#introduction"
    ],
    "query_time": 0.1201467514038086,
    "metadata": {
      "scores": [
        0.5754739,
        0.55413353,
        0.48190075,
        0.44628567,
        0.42812353,
        0.42372736,
        0.41950703,
        0.40029195,
        0.3992688,
        0.39532125
      ],
      "num_hits": 10
    }
  }
}