{
  "query_1": {
    "doc_ids": [
      "arxiv:2307.10169#methods:part-3",
      "arxiv:2303.18223#result:part-11",
      "arxiv:2307.10169#methods:part-5",
      "arxiv:2303.18223#model:part-21",
      "arxiv:2307.10169#methods:part-2",
      "arxiv:2303.18223#result:part-10",
      "arxiv:2307.10169#methods:part-39",
      "arxiv:2307.10169#methods:part-4",
      "arxiv:2307.10169#introduction:part-12",
      "arxiv:2303.18223#result:part-3"
    ],
    "query_time": 0.013715982437133789,
    "metadata": {
      "scores": [
        0.5410123,
        0.48319343,
        0.42820287,
        0.42234114,
        0.41249898,
        0.35123843,
        0.33733717,
        0.33558333,
        0.3350786,
        0.3272391
      ],
      "num_hits": 10
    }
  },
  "query_2": {
    "doc_ids": [
      "arxiv:2106.09685#method:part-7",
      "arxiv:2306.09782#introduction:part-1",
      "arxiv:2304.01933#method:part-6",
      "arxiv:2412.10543#introduction:part-2",
      "arxiv:20-074#abstract:part-35",
      "arxiv:2106.09685#introduction:part-10",
      "arxiv:2306.09782#experiment:part-1",
      "arxiv:2307.10169#introduction:part-15",
      "arxiv:2306.09782#method:part-1",
      "arxiv:2101.03961#introduction:part-1"
    ],
    "query_time": 0.006288051605224609,
    "metadata": {
      "scores": [
        0.56739795,
        0.53572327,
        0.53488135,
        0.5338298,
        0.5269259,
        0.5238898,
        0.5235605,
        0.5203523,
        0.5170573,
        0.51677525
      ],
      "num_hits": 10
    }
  },
  "query_3": {
    "doc_ids": [
      "arxiv:2001.08361#model:part-2",
      "arxiv:2303.18223#introduction:part-7",
      "arxiv:2302.13971#introduction:part-1",
      "arxiv:333078981_693988129081760_4712707815225756708_n#introduction:part-1",
      "arxiv:2307.09288#related-work:part-1",
      "arxiv:10000000_662098952474184_2584067087619170692_n#related-work:part-1",
      "arxiv:2203.15556#model:part-3",
      "arxiv:2001.08361#abstract",
      "arxiv:2203.15556#model:part-2",
      "arxiv:2307.10169#conclusion"
    ],
    "query_time": 0.006717205047607422,
    "metadata": {
      "scores": [
        0.71224856,
        0.699999,
        0.68847257,
        0.68788266,
        0.6738109,
        0.6738109,
        0.67001617,
        0.6493593,
        0.6258284,
        0.61991954
      ],
      "num_hits": 10
    }
  },
  "query_4": {
    "doc_ids": [
      "arxiv:2303.18223#result:part-20",
      "arxiv:2303.18223#result:part-14",
      "arxiv:2303.18223#result:part-18",
      "arxiv:2303.18223#introduction:part-6",
      "arxiv:333078981_693988129081760_4712707815225756708_n#approach:part-6",
      "arxiv:2303.18223#result:part-19",
      "arxiv:2305.14314#evaluation:part-1",
      "arxiv:2302.13971#approach:part-6",
      "arxiv:2304.00612#introduction:part-9",
      "arxiv:2303.18223#result:part-9"
    ],
    "query_time": 0.004277944564819336,
    "metadata": {
      "scores": [
        0.6913332,
        0.60270387,
        0.594893,
        0.5904597,
        0.5544716,
        0.55077285,
        0.55027187,
        0.5472095,
        0.54639286,
        0.5458989
      ],
      "num_hits": 10
    }
  },
  "query_5": {
    "doc_ids": [
      "arxiv:2305.18290#related-work:part-2",
      "arxiv:2510.13794#background:part-1",
      "arxiv:2307.10169#methods:part-7",
      "arxiv:2203.02155#related-work:part-1",
      "arxiv:2303.18223#model:part-5",
      "arxiv:2307.09288#model:part-15",
      "arxiv:10000000_662098952474184_2584067087619170692_n#model:part-15",
      "arxiv:2303.18223#result:part-10",
      "arxiv:2305.18290#related-work:part-7",
      "arxiv:2304.00612#introduction:part-7"
    ],
    "query_time": 0.00611424446105957,
    "metadata": {
      "scores": [
        0.54157877,
        0.53288674,
        0.51927966,
        0.5189976,
        0.5176245,
        0.50931746,
        0.50931746,
        0.49720556,
        0.4918478,
        0.4896112
      ],
      "num_hits": 10
    }
  },
  "query_6": {
    "doc_ids": [
      "arxiv:2307.10169#conclusion",
      "arxiv:2211.05100#abstract:part-2",
      "arxiv:2211.05100#model:part-5",
      "arxiv:2211.09110#model:part-6",
      "arxiv:2207.00112#introduction:part-1",
      "arxiv:palm2techreport#introduction:part-1",
      "arxiv:2204.02311#introduction:part-4",
      "arxiv:2203.15556#model:part-1",
      "arxiv:2001.08361#model:part-2",
      "arxiv:palm2techreport#evaluation:part-12"
    ],
    "query_time": 0.012986898422241211,
    "metadata": {
      "scores": [
        0.7156366,
        0.6309767,
        0.62010455,
        0.6180418,
        0.58969873,
        0.5857799,
        0.5784552,
        0.5775151,
        0.5674721,
        0.559259
      ],
      "num_hits": 10
    }
  },
  "query_7": {
    "doc_ids": [
      "arxiv:2312.00752#introduction:part-1",
      "arxiv:1901.02860#model:part-3",
      "arxiv:2303.18223#method:part-6",
      "arxiv:1901.02860#related-work",
      "arxiv:2307.03172#related-work",
      "arxiv:2307.03172#abstract",
      "arxiv:2302.10866#experiments:part-2",
      "arxiv:2307.10169#introduction:part-22",
      "arxiv:2312.00752#conclusion",
      "arxiv:2303.18223#model:part-34"
    ],
    "query_time": 0.004759788513183594,
    "metadata": {
      "scores": [
        0.5598582,
        0.5473689,
        0.54519343,
        0.5007682,
        0.496103,
        0.49580938,
        0.4950387,
        0.4935155,
        0.49276835,
        0.49108392
      ],
      "num_hits": 10
    }
  },
  "query_8": {
    "doc_ids": [
      "arxiv:2310.20707#model:part-12",
      "arxiv:2303.18223#model:part-15",
      "arxiv:2005.14165#results:part-27",
      "arxiv:2310.20707#model:part-7",
      "arxiv:2310.20707#introduction:part-2",
      "arxiv:2303.18223#model:part-19",
      "arxiv:333078981_693988129081760_4712707815225756708_n#approach:part-2",
      "arxiv:2304.01373#abstract:part-14",
      "arxiv:2303.18223#model:part-13",
      "arxiv:2211.09110#model:part-37"
    ],
    "query_time": 0.0035948753356933594,
    "metadata": {
      "scores": [
        0.62101173,
        0.5722753,
        0.5673305,
        0.5530076,
        0.5510192,
        0.5504688,
        0.5479465,
        0.5459789,
        0.5324746,
        0.522078
      ],
      "num_hits": 10
    }
  },
  "query_9": {
    "doc_ids": [
      "arxiv:2203.02155#model:part-12",
      "arxiv:10000000_662098952474184_2584067087619170692_n#related-work:part-1",
      "arxiv:2307.09288#related-work:part-1",
      "arxiv:2304.01373#abstract:part-2",
      "arxiv:2211.05100#model:part-2",
      "arxiv:2211.05100#abstract:part-4",
      "arxiv:2304.00612#abstract",
      "arxiv:2211.05100#evaluation:part-4",
      "arxiv:2211.05100#evaluation:part-1",
      "arxiv:2304.00612#introduction:part-8"
    ],
    "query_time": 0.0039031505584716797,
    "metadata": {
      "scores": [
        0.5074837,
        0.4876402,
        0.4876402,
        0.46490207,
        0.46481392,
        0.4436951,
        0.4382331,
        0.39241794,
        0.39175117,
        0.37031478
      ],
      "num_hits": 10
    }
  },
  "query_10": {
    "doc_ids": [
      "arxiv:2203.02155#model:part-6",
      "arxiv:2307.10169#methods:part-7",
      "arxiv:2203.02155#model:part-7",
      "arxiv:2305.03047#evaluation",
      "arxiv:2303.18223#model:part-5",
      "arxiv:2303.18223#model:part-38",
      "arxiv:10000000_662098952474184_2584067087619170692_n#model:part-2",
      "arxiv:2307.09288#model:part-2",
      "arxiv:2106.09685#introduction:part-8",
      "arxiv:2301.00774#abstract:part-5"
    ],
    "query_time": 0.0034606456756591797,
    "metadata": {
      "scores": [
        0.5541335,
        0.46607602,
        0.456036,
        0.44628578,
        0.44052547,
        0.42029253,
        0.41116613,
        0.41116613,
        0.4041937,
        0.3969069
      ],
      "num_hits": 10
    }
  }
}