{
  "system_metrics": {
    "chunk_clean_v1": {
      "ndcg@1": 0.7,
      "ndcg@5": 0.7313898929829412,
      "citation_accuracy": 0.44952380952380955,
      "recall@1": 0.20595238095238094,
      "hit_rate@1": 0.7,
      "recall@10": 0.7607142857142857,
      "recall@3": 0.5345238095238095,
      "hit_rate@10": 1.0,
      "precision@5": 0.5599999999999999,
      "ndcg@3": 0.6350499802054138,
      "hit_rate@5": 1.0,
      "hit_rate@3": 0.9,
      "mrr": 0.825,
      "ndcg@10": 0.7326412062009114,
      "precision@3": 0.6333333333333333,
      "recall@5": 0.7464285714285714,
      "grounding_accuracy": 1.0,
      "retrieval_latency": 0.01402111053466797,
      "precision@10": 0.44952380952380955,
      "precision@1": 0.7,
      "average_response_time": 0.01402111053466797,
      "queries_per_second": 71.321026785107
    },
    "chunk_clean_v7b": {
      "ndcg@1": 0.7,
      "ndcg@5": 0.7286243075932709,
      "citation_accuracy": 0.4477380952380952,
      "recall@1": 0.20595238095238094,
      "hit_rate@1": 0.7,
      "recall@10": 0.7464285714285714,
      "recall@3": 0.5678571428571428,
      "hit_rate@10": 1.0,
      "precision@5": 0.54,
      "ndcg@3": 0.6616325784683534,
      "hit_rate@5": 1.0,
      "hit_rate@3": 0.9,
      "mrr": 0.825,
      "ndcg@10": 0.7315789525071248,
      "precision@3": 0.6666666666666666,
      "recall@5": 0.7321428571428571,
      "grounding_accuracy": 1.0,
      "retrieval_latency": 0.009521555900573731,
      "precision@10": 0.4477380952380952,
      "precision@1": 0.7,
      "average_response_time": 0.009521555900573731,
      "queries_per_second": 105.02485207693252
    }
  },
  "best_systems": {
    "ndcg@1": {
      "system": "chunk_clean_v1",
      "score": 0.7
    },
    "ndcg@5": {
      "system": "chunk_clean_v1",
      "score": 0.7313898929829412
    },
    "citation_accuracy": {
      "system": "chunk_clean_v1",
      "score": 0.44952380952380955
    },
    "recall@1": {
      "system": "chunk_clean_v1",
      "score": 0.20595238095238094
    },
    "hit_rate@1": {
      "system": "chunk_clean_v1",
      "score": 0.7
    },
    "recall@10": {
      "system": "chunk_clean_v1",
      "score": 0.7607142857142857
    },
    "recall@3": {
      "system": "chunk_clean_v7b",
      "score": 0.5678571428571428
    },
    "hit_rate@10": {
      "system": "chunk_clean_v1",
      "score": 1.0
    },
    "precision@5": {
      "system": "chunk_clean_v1",
      "score": 0.5599999999999999
    },
    "ndcg@3": {
      "system": "chunk_clean_v7b",
      "score": 0.6616325784683534
    },
    "hit_rate@5": {
      "system": "chunk_clean_v1",
      "score": 1.0
    },
    "hit_rate@3": {
      "system": "chunk_clean_v1",
      "score": 0.9
    },
    "mrr": {
      "system": "chunk_clean_v1",
      "score": 0.825
    },
    "ndcg@10": {
      "system": "chunk_clean_v1",
      "score": 0.7326412062009114
    },
    "precision@3": {
      "system": "chunk_clean_v7b",
      "score": 0.6666666666666666
    },
    "recall@5": {
      "system": "chunk_clean_v1",
      "score": 0.7464285714285714
    },
    "grounding_accuracy": {
      "system": "chunk_clean_v1",
      "score": 1.0
    },
    "retrieval_latency": {
      "system": "chunk_clean_v1",
      "score": 0.01402111053466797
    },
    "precision@10": {
      "system": "chunk_clean_v1",
      "score": 0.44952380952380955
    },
    "precision@1": {
      "system": "chunk_clean_v1",
      "score": 0.7
    },
    "average_response_time": {
      "system": "chunk_clean_v1",
      "score": 0.01402111053466797
    },
    "queries_per_second": {
      "system": "chunk_clean_v7b",
      "score": 105.02485207693252
    }
  }
}