{
  "system_metrics": {
    "chunk_clean_v1": {
      "ndcg@10": 0.7326412062009114,
      "hit_rate@3": 0.9,
      "recall@10": 0.7607142857142857,
      "recall@5": 0.7464285714285714,
      "grounding_accuracy": 1.0,
      "mrr": 0.825,
      "precision@10": 0.44952380952380955,
      "precision@3": 0.6333333333333333,
      "citation_accuracy": 0.44952380952380955,
      "hit_rate@5": 1.0,
      "recall@1": 0.20595238095238094,
      "ndcg@1": 0.7,
      "recall@3": 0.5345238095238095,
      "ndcg@5": 0.7313898929829412,
      "precision@1": 0.7,
      "precision@5": 0.5599999999999999,
      "ndcg@3": 0.6350499802054138,
      "retrieval_latency": 0.01402111053466797,
      "hit_rate@10": 1.0,
      "hit_rate@1": 0.7,
      "average_response_time": 0.01402111053466797,
      "queries_per_second": 71.321026785107
    },
    "chunk_clean_v9": {
      "ndcg@10": 0.08146623346659608,
      "hit_rate@3": 0.2,
      "recall@10": 0.08333333333333333,
      "recall@5": 0.08333333333333333,
      "grounding_accuracy": 0.48666666666666664,
      "mrr": 0.15,
      "precision@10": 0.06666666666666667,
      "precision@3": 0.06666666666666667,
      "citation_accuracy": 0.06666666666666667,
      "hit_rate@5": 0.2,
      "recall@1": 0.05,
      "ndcg@1": 0.1,
      "recall@3": 0.08333333333333333,
      "ndcg@5": 0.08146623346659608,
      "precision@1": 0.1,
      "precision@5": 0.06666666666666667,
      "ndcg@3": 0.08146623346659608,
      "retrieval_latency": 0.014801478385925293,
      "hit_rate@10": 0.2,
      "hit_rate@1": 0.1,
      "average_response_time": 0.014801478385925293,
      "queries_per_second": 67.5608188538044
    }
  },
  "best_systems": {
    "ndcg@10": {
      "system": "chunk_clean_v1",
      "score": 0.7326412062009114
    },
    "hit_rate@3": {
      "system": "chunk_clean_v1",
      "score": 0.9
    },
    "recall@10": {
      "system": "chunk_clean_v1",
      "score": 0.7607142857142857
    },
    "recall@5": {
      "system": "chunk_clean_v1",
      "score": 0.7464285714285714
    },
    "grounding_accuracy": {
      "system": "chunk_clean_v1",
      "score": 1.0
    },
    "mrr": {
      "system": "chunk_clean_v1",
      "score": 0.825
    },
    "precision@10": {
      "system": "chunk_clean_v1",
      "score": 0.44952380952380955
    },
    "precision@3": {
      "system": "chunk_clean_v1",
      "score": 0.6333333333333333
    },
    "citation_accuracy": {
      "system": "chunk_clean_v1",
      "score": 0.44952380952380955
    },
    "hit_rate@5": {
      "system": "chunk_clean_v1",
      "score": 1.0
    },
    "recall@1": {
      "system": "chunk_clean_v1",
      "score": 0.20595238095238094
    },
    "ndcg@1": {
      "system": "chunk_clean_v1",
      "score": 0.7
    },
    "recall@3": {
      "system": "chunk_clean_v1",
      "score": 0.5345238095238095
    },
    "ndcg@5": {
      "system": "chunk_clean_v1",
      "score": 0.7313898929829412
    },
    "precision@1": {
      "system": "chunk_clean_v1",
      "score": 0.7
    },
    "precision@5": {
      "system": "chunk_clean_v1",
      "score": 0.5599999999999999
    },
    "ndcg@3": {
      "system": "chunk_clean_v1",
      "score": 0.6350499802054138
    },
    "retrieval_latency": {
      "system": "chunk_clean_v9",
      "score": 0.014801478385925293
    },
    "hit_rate@10": {
      "system": "chunk_clean_v1",
      "score": 1.0
    },
    "hit_rate@1": {
      "system": "chunk_clean_v1",
      "score": 0.7
    },
    "average_response_time": {
      "system": "chunk_clean_v9",
      "score": 0.014801478385925293
    },
    "queries_per_second": {
      "system": "chunk_clean_v1",
      "score": 71.321026785107
    }
  }
}