{
  "system_metrics": {
    "chunk_clean_v1": {
      "precision@1": 0.7,
      "hit_rate@1": 0.7,
      "grounding_accuracy": 1.0,
      "recall@3": 0.5345238095238095,
      "hit_rate@10": 1.0,
      "citation_accuracy": 0.44952380952380955,
      "ndcg@3": 0.6350499802054138,
      "mrr": 0.825,
      "precision@10": 0.44952380952380955,
      "hit_rate@3": 0.9,
      "recall@1": 0.20595238095238094,
      "recall@5": 0.7464285714285714,
      "ndcg@5": 0.7313898929829412,
      "hit_rate@5": 1.0,
      "ndcg@1": 0.7,
      "retrieval_latency": 0.01402111053466797,
      "recall@10": 0.7607142857142857,
      "precision@3": 0.6333333333333333,
      "precision@5": 0.5599999999999999,
      "ndcg@10": 0.7326412062009114,
      "average_response_time": 0.01402111053466797,
      "queries_per_second": 71.321026785107
    },
    "chunk_clean_v7c": {
      "precision@1": 0.7,
      "hit_rate@1": 0.7,
      "grounding_accuracy": 1.0,
      "recall@3": 0.5345238095238095,
      "hit_rate@10": 1.0,
      "citation_accuracy": 0.49333333333333335,
      "ndcg@3": 0.6206916660684743,
      "mrr": 0.8,
      "precision@10": 0.49333333333333335,
      "hit_rate@3": 0.9,
      "recall@1": 0.20595238095238094,
      "recall@5": 0.6821428571428572,
      "ndcg@5": 0.6841735867851939,
      "hit_rate@5": 0.9,
      "ndcg@1": 0.7,
      "retrieval_latency": 0.011360716819763184,
      "recall@10": 0.7607142857142857,
      "precision@3": 0.6333333333333333,
      "precision@5": 0.5466666666666666,
      "ndcg@10": 0.7143505541525016,
      "average_response_time": 0.011360716819763184,
      "queries_per_second": 88.02261475793436
    }
  },
  "best_systems": {
    "precision@1": {
      "system": "chunk_clean_v1",
      "score": 0.7
    },
    "hit_rate@1": {
      "system": "chunk_clean_v1",
      "score": 0.7
    },
    "grounding_accuracy": {
      "system": "chunk_clean_v1",
      "score": 1.0
    },
    "recall@3": {
      "system": "chunk_clean_v1",
      "score": 0.5345238095238095
    },
    "hit_rate@10": {
      "system": "chunk_clean_v1",
      "score": 1.0
    },
    "citation_accuracy": {
      "system": "chunk_clean_v7c",
      "score": 0.49333333333333335
    },
    "ndcg@3": {
      "system": "chunk_clean_v1",
      "score": 0.6350499802054138
    },
    "mrr": {
      "system": "chunk_clean_v1",
      "score": 0.825
    },
    "precision@10": {
      "system": "chunk_clean_v7c",
      "score": 0.49333333333333335
    },
    "hit_rate@3": {
      "system": "chunk_clean_v1",
      "score": 0.9
    },
    "recall@1": {
      "system": "chunk_clean_v1",
      "score": 0.20595238095238094
    },
    "recall@5": {
      "system": "chunk_clean_v1",
      "score": 0.7464285714285714
    },
    "ndcg@5": {
      "system": "chunk_clean_v1",
      "score": 0.7313898929829412
    },
    "hit_rate@5": {
      "system": "chunk_clean_v1",
      "score": 1.0
    },
    "ndcg@1": {
      "system": "chunk_clean_v1",
      "score": 0.7
    },
    "retrieval_latency": {
      "system": "chunk_clean_v1",
      "score": 0.01402111053466797
    },
    "recall@10": {
      "system": "chunk_clean_v1",
      "score": 0.7607142857142857
    },
    "precision@3": {
      "system": "chunk_clean_v1",
      "score": 0.6333333333333333
    },
    "precision@5": {
      "system": "chunk_clean_v1",
      "score": 0.5599999999999999
    },
    "ndcg@10": {
      "system": "chunk_clean_v1",
      "score": 0.7326412062009114
    },
    "average_response_time": {
      "system": "chunk_clean_v1",
      "score": 0.01402111053466797
    },
    "queries_per_second": {
      "system": "chunk_clean_v7c",
      "score": 88.02261475793436
    }
  }
}