{
  "query_1": {
    "doc_ids": [
      "arxiv:2307.10169",
      "arxiv:2307.10169",
      "arxiv:2307.10169",
      "arxiv:2307.10169",
      "arxiv:2303.18223",
      "arxiv:2303.18223",
      "arxiv:2401.15077",
      "arxiv:2203.02155",
      "arxiv:2307.10169",
      "arxiv:2401.15077"
    ],
    "query_time": 0.06600189208984375,
    "metadata": {
      "scores": [
        0.63380563,
        0.53074795,
        0.49762288,
        0.47444475,
        0.41209155,
        0.3973617,
        0.35852376,
        0.3584097,
        0.3501351,
        0.3490876
      ],
      "num_hits": 10
    }
  },
  "query_2": {
    "doc_ids": [
      "arxiv:2106.09685",
      "arxiv:2106.09685",
      "arxiv:2106.09685",
      "arxiv:2305.14314",
      "arxiv:2306.09782",
      "arxiv:2412.10543",
      "arxiv:2305.14314",
      "arxiv:2301.13688",
      "arxiv:2412.10543",
      "arxiv:2308.10792"
    ],
    "query_time": 0.014930248260498047,
    "metadata": {
      "scores": [
        0.65091765,
        0.5990552,
        0.5965407,
        0.56383324,
        0.5328995,
        0.5293361,
        0.5161458,
        0.51520824,
        0.5141243,
        0.51239216
      ],
      "num_hits": 10
    }
  },
  "query_3": {
    "doc_ids": [
      "arxiv:10000000_662098952474184_2584067087619170692_n",
      "arxiv:2304.00612",
      "arxiv:2303.18223",
      "arxiv:2001.08361",
      "arxiv:2305.19268",
      "arxiv:2303.18223",
      "arxiv:2310.06825",
      "arxiv:333078981_693988129081760_4712707815225756708_n",
      "arxiv:2203.15556",
      "arxiv:2503.01840"
    ],
    "query_time": 0.007986068725585938,
    "metadata": {
      "scores": [
        0.72382593,
        0.7047377,
        0.6917242,
        0.66843116,
        0.63708746,
        0.6356498,
        0.62879074,
        0.6272256,
        0.62550706,
        0.62384737
      ],
      "num_hits": 10
    }
  },
  "query_4": {
    "doc_ids": [
      "arxiv:2303.18223",
      "arxiv:2303.18223",
      "arxiv:2303.18223",
      "arxiv:2101.03961",
      "arxiv:2303.18223",
      "arxiv:2303.18223",
      "arxiv:2310.05492",
      "arxiv:2211.09110",
      "arxiv:2501.19393",
      "arxiv:2303.18223"
    ],
    "query_time": 0.015501976013183594,
    "metadata": {
      "scores": [
        0.71158195,
        0.62170315,
        0.5915788,
        0.58394027,
        0.5726694,
        0.56128347,
        0.5609541,
        0.5589554,
        0.556104,
        0.5498363
      ],
      "num_hits": 10
    }
  },
  "query_5": {
    "doc_ids": [
      "arxiv:2203.02155",
      "arxiv:2212.03551",
      "arxiv:2308.10792",
      "arxiv:2303.18223",
      "arxiv:2307.10169",
      "arxiv:2510.13358",
      "arxiv:2303.18223",
      "arxiv:2510.13367",
      "arxiv:2303.18223",
      "arxiv:2510.13704"
    ],
    "query_time": 0.012653827667236328,
    "metadata": {
      "scores": [
        0.5910535,
        0.5616629,
        0.54974186,
        0.5459931,
        0.5223499,
        0.50417924,
        0.50169784,
        0.4916821,
        0.49094093,
        0.48956263
      ],
      "num_hits": 10
    }
  },
  "query_6": {
    "doc_ids": [
      "arxiv:2204.02311",
      "arxiv:2305.19268",
      "arxiv:2308.10792",
      "arxiv:2211.05100",
      "arxiv:2305.11627",
      "arxiv:palm2techreport",
      "arxiv:1909.08053",
      "arxiv:2311.00502",
      "arxiv:2211.05102",
      "arxiv:2203.15556"
    ],
    "query_time": 0.006591081619262695,
    "metadata": {
      "scores": [
        0.6301233,
        0.6262991,
        0.6252868,
        0.6185936,
        0.61855334,
        0.6184328,
        0.60448736,
        0.589071,
        0.5880802,
        0.58302367
      ],
      "num_hits": 10
    }
  },
  "query_7": {
    "doc_ids": [
      "arxiv:2307.03172",
      "arxiv:2312.00752",
      "arxiv:2307.03172",
      "arxiv:2307.03172",
      "arxiv:2412.19437",
      "arxiv:2302.10866",
      "arxiv:2302.10866",
      "arxiv:2312.00752",
      "arxiv:2303.18223",
      "arxiv:2303.18223"
    ],
    "query_time": 0.013143777847290039,
    "metadata": {
      "scores": [
        0.60893476,
        0.5890355,
        0.57509375,
        0.5697445,
        0.5385904,
        0.53532577,
        0.52834177,
        0.5257666,
        0.52149063,
        0.52124906
      ],
      "num_hits": 10
    }
  },
  "query_8": {
    "doc_ids": [
      "arxiv:2304.01373",
      "arxiv:2303.18223",
      "arxiv:2304.01373",
      "arxiv:2303.18223",
      "arxiv:palm2techreport",
      "arxiv:2303.18223",
      "arxiv:2305.13048",
      "arxiv:20-074",
      "arxiv:2310.20707",
      "arxiv:2204.06745"
    ],
    "query_time": 0.0061130523681640625,
    "metadata": {
      "scores": [
        0.606055,
        0.5680967,
        0.5518402,
        0.55100155,
        0.5489694,
        0.5382445,
        0.52524906,
        0.5250566,
        0.52408504,
        0.5193076
      ],
      "num_hits": 10
    }
  },
  "query_9": {
    "doc_ids": [
      "arxiv:2312.09993",
      "arxiv:2204.06745",
      "arxiv:2304.01373",
      "arxiv:2211.09110",
      "arxiv:2211.05100",
      "arxiv:2304.00612",
      "arxiv:2303.18223",
      "arxiv:2204.06745",
      "arxiv:2303.18223",
      "arxiv:2303.18223"
    ],
    "query_time": 0.005804777145385742,
    "metadata": {
      "scores": [
        0.5331556,
        0.50866264,
        0.49432847,
        0.45035505,
        0.4465986,
        0.4422018,
        0.44163477,
        0.43712962,
        0.42842686,
        0.42628023
      ],
      "num_hits": 10
    }
  },
  "query_10": {
    "doc_ids": [
      "arxiv:2203.02155",
      "arxiv:2303.18223",
      "arxiv:2203.02155",
      "arxiv:2203.02155",
      "arxiv:2203.02155",
      "arxiv:10000000_662098952474184_2584067087619170692_n",
      "arxiv:2305.13048",
      "arxiv:2307.10169",
      "arxiv:2203.02155",
      "arxiv:2303.18223"
    ],
    "query_time": 0.004385948181152344,
    "metadata": {
      "scores": [
        0.6138127,
        0.48339763,
        0.4625552,
        0.4508077,
        0.44209966,
        0.4324137,
        0.40568525,
        0.40419525,
        0.4023652,
        0.40180185
      ],
      "num_hits": 10
    }
  }
}