{
  "system_metrics": {
    "baseline": {
      "recall@3": 0.5345238095238095,
      "precision@10": 0.44952380952380955,
      "hit_rate@5": 1.0,
      "ndcg@3": 0.6350499802054138,
      "hit_rate@1": 0.7,
      "ndcg@10": 0.7321099877019595,
      "ndcg@1": 0.7,
      "precision@5": 0.54,
      "hit_rate@3": 0.9,
      "mrr": 0.825,
      "recall@5": 0.7321428571428571,
      "recall@1": 0.20595238095238094,
      "precision@1": 0.7,
      "citation_accuracy": 0.44952380952380955,
      "ndcg@5": 0.7237737640164681,
      "grounding_accuracy": 1.0,
      "retrieval_latency": 0.005976390838623047,
      "recall@10": 0.7607142857142857,
      "precision@3": 0.6333333333333333,
      "hit_rate@10": 1.0,
      "average_response_time": 0.005976390838623047,
      "queries_per_second": 167.32506741985415
    },
    "chunk_512_ov100": {
      "recall@3": 0.3011904761904762,
      "precision@10": 0.325,
      "hit_rate@5": 0.8,
      "ndcg@3": 0.36716723706483684,
      "hit_rate@1": 0.4,
      "ndcg@10": 0.4895711591498359,
      "ndcg@1": 0.4,
      "precision@5": 0.3066666666666667,
      "hit_rate@3": 0.8,
      "mrr": 0.5809523809523809,
      "recall@5": 0.39285714285714285,
      "recall@1": 0.11428571428571428,
      "precision@1": 0.4,
      "citation_accuracy": 0.325,
      "ndcg@5": 0.4102275387143372,
      "grounding_accuracy": 1.0,
      "retrieval_latency": 0.5212891340255738,
      "recall@10": 0.5773809523809523,
      "precision@3": 0.36666666666666664,
      "hit_rate@10": 0.9,
      "average_response_time": 0.5212891340255738,
      "queries_per_second": 1.9183212055038565
    }
  },
  "best_systems": {
    "recall@3": {
      "system": "baseline",
      "score": 0.5345238095238095
    },
    "precision@10": {
      "system": "baseline",
      "score": 0.44952380952380955
    },
    "hit_rate@5": {
      "system": "baseline",
      "score": 1.0
    },
    "ndcg@3": {
      "system": "baseline",
      "score": 0.6350499802054138
    },
    "hit_rate@1": {
      "system": "baseline",
      "score": 0.7
    },
    "ndcg@10": {
      "system": "baseline",
      "score": 0.7321099877019595
    },
    "ndcg@1": {
      "system": "baseline",
      "score": 0.7
    },
    "precision@5": {
      "system": "baseline",
      "score": 0.54
    },
    "hit_rate@3": {
      "system": "baseline",
      "score": 0.9
    },
    "mrr": {
      "system": "baseline",
      "score": 0.825
    },
    "recall@5": {
      "system": "baseline",
      "score": 0.7321428571428571
    },
    "recall@1": {
      "system": "baseline",
      "score": 0.20595238095238094
    },
    "precision@1": {
      "system": "baseline",
      "score": 0.7
    },
    "citation_accuracy": {
      "system": "baseline",
      "score": 0.44952380952380955
    },
    "ndcg@5": {
      "system": "baseline",
      "score": 0.7237737640164681
    },
    "grounding_accuracy": {
      "system": "baseline",
      "score": 1.0
    },
    "retrieval_latency": {
      "system": "chunk_512_ov100",
      "score": 0.5212891340255738
    },
    "recall@10": {
      "system": "baseline",
      "score": 0.7607142857142857
    },
    "precision@3": {
      "system": "baseline",
      "score": 0.6333333333333333
    },
    "hit_rate@10": {
      "system": "baseline",
      "score": 1.0
    },
    "average_response_time": {
      "system": "chunk_512_ov100",
      "score": 0.5212891340255738
    },
    "queries_per_second": {
      "system": "baseline",
      "score": 167.32506741985415
    }
  }
}