{
  "query_1": {
    "doc_ids": [
      "arxiv:2307.10169#methods:part-5",
      "arxiv:2307.10169#methods:part-3",
      "arxiv:2307.10169#methods:part-4",
      "arxiv:2307.10169#methods:part-2",
      "arxiv:2303.18223#model:part-22",
      "arxiv:2303.18223#result:part-4",
      "arxiv:2303.18223#model:part-37",
      "arxiv:2303.18223#result:part-12",
      "arxiv:2307.10169#methods:part-41",
      "arxiv:2304.00612#introduction:part-9"
    ],
    "query_time": 0.8149290084838867,
    "metadata": {
      "scores": [
        0.63263756,
        0.4865852,
        0.4556731,
        0.40933746,
        0.39986804,
        0.37658706,
        0.33082876,
        0.32019016,
        0.31918624,
        0.3081235
      ],
      "num_hits": 10
    }
  },
  "query_2": {
    "doc_ids": [
      "arxiv:2308.10792#model:part-10",
      "arxiv:2306.09782#introduction:part-1",
      "arxiv:2301.13688#related-work:part-2",
      "arxiv:2412.10543#introduction:part-4",
      "arxiv:2306.09782#experiment:part-1",
      "arxiv:2412.10543#introduction:part-2",
      "arxiv:2306.09782#method:part-1",
      "arxiv:2101.03961#introduction:part-1",
      "arxiv:2106.09685#introduction:part-7",
      "arxiv:2307.10169#introduction:part-15"
    ],
    "query_time": 0.3772621154785156,
    "metadata": {
      "scores": [
        0.59157455,
        0.5357233,
        0.5354732,
        0.532019,
        0.5235605,
        0.5217337,
        0.5170572,
        0.5167752,
        0.51273566,
        0.51071316
      ],
      "num_hits": 10
    }
  },
  "query_3": {
    "doc_ids": [
      "arxiv:2001.08361#model:part-2",
      "arxiv:2302.13971#introduction:part-1",
      "arxiv:333078981_693988129081760_4712707815225756708_n#introduction:part-1",
      "arxiv:2305.13048#background:part-6",
      "arxiv:10000000_662098952474184_2584067087619170692_n#related-work:part-1",
      "arxiv:2307.09288#related-work:part-1",
      "arxiv:2203.15556#model:part-3",
      "arxiv:2001.08361#abstract",
      "arxiv:2303.18223#introduction:part-7",
      "arxiv:2307.10169#conclusion"
    ],
    "query_time": 0.10435009002685547,
    "metadata": {
      "scores": [
        0.6962268,
        0.6884725,
        0.6878826,
        0.6845561,
        0.67381096,
        0.67381096,
        0.6701019,
        0.6493593,
        0.6217205,
        0.6199197
      ],
      "num_hits": 10
    }
  },
  "query_4": {
    "doc_ids": [
      "arxiv:2303.18223#result:part-21",
      "arxiv:2307.10169#methods:part-15",
      "arxiv:2304.01933#method:part-6",
      "arxiv:2304.00612#introduction:part-12",
      "arxiv:2303.18223#result:part-13",
      "arxiv:2307.10169#methods:part-16",
      "arxiv:2303.18223#result:part-16",
      "arxiv:2305.14314#evaluation:part-1",
      "arxiv:2303.18223#result:part-20",
      "arxiv:2412.19437#model"
    ],
    "query_time": 0.09218025207519531,
    "metadata": {
      "scores": [
        0.6856644,
        0.62964755,
        0.5736415,
        0.56997764,
        0.56480455,
        0.55861866,
        0.5524984,
        0.55027187,
        0.5475302,
        0.5443043
      ],
      "num_hits": 10
    }
  },
  "query_5": {
    "doc_ids": [
      "arxiv:2305.18290#related-work:part-2",
      "arxiv:10000000_662098952474184_2584067087619170692_n#model:part-10",
      "arxiv:2307.09288#model:part-10",
      "arxiv:2510.13794#background:part-1",
      "arxiv:2203.02155#related-work:part-1",
      "arxiv:2305.18290#related-work:part-3",
      "arxiv:10000000_662098952474184_2584067087619170692_n#model:part-16",
      "arxiv:2307.09288#model:part-16",
      "arxiv:2510.13794#background:part-2",
      "arxiv:2212.03551#introduction:part-3"
    ],
    "query_time": 0.14979887008666992,
    "metadata": {
      "scores": [
        0.5536482,
        0.5524497,
        0.5524497,
        0.5328868,
        0.51899755,
        0.50556993,
        0.4967729,
        0.4967729,
        0.49536,
        0.4879888
      ],
      "num_hits": 10
    }
  },
  "query_6": {
    "doc_ids": [
      "arxiv:2307.10169#conclusion",
      "arxiv:2203.15556#method:part-4",
      "arxiv:2211.05100#abstract:part-2",
      "arxiv:2207.00112#introduction:part-1",
      "arxiv:palm2techreport#introduction:part-1",
      "arxiv:2204.02311#introduction:part-4",
      "arxiv:2203.15556#model:part-1",
      "arxiv:2304.01373#abstract:part-6",
      "arxiv:2211.05100#evaluation:part-5",
      "arxiv:2211.05100#model:part-6"
    ],
    "query_time": 0.6522469520568848,
    "metadata": {
      "scores": [
        0.7156366,
        0.5967063,
        0.5946957,
        0.5896987,
        0.58578,
        0.58395284,
        0.5775151,
        0.5712031,
        0.5696532,
        0.56956434
      ],
      "num_hits": 10
    }
  },
  "query_7": {
    "doc_ids": [
      "arxiv:2305.07185#model:part-13",
      "arxiv:2303.18223#method:part-8",
      "arxiv:2312.00752#introduction:part-1",
      "arxiv:2305.13048#background:part-8",
      "arxiv:2307.10169#introduction:part-23",
      "arxiv:2312.00752#introduction:part-12",
      "arxiv:2303.18223#model:part-19",
      "arxiv:1901.02860#related-work",
      "arxiv:2307.03172#related-work",
      "arxiv:2307.03172#abstract"
    ],
    "query_time": 0.7980849742889404,
    "metadata": {
      "scores": [
        0.57994413,
        0.571844,
        0.5598581,
        0.53544134,
        0.5143355,
        0.50899756,
        0.5055556,
        0.50076807,
        0.4961029,
        0.49580938
      ],
      "num_hits": 10
    }
  },
  "query_8": {
    "doc_ids": [
      "arxiv:333078981_693988129081760_4712707815225756708_n#approach:part-2",
      "arxiv:2310.20707#model:part-10",
      "arxiv:2302.13971#approach:part-2",
      "arxiv:2303.18223#model:part-13",
      "arxiv:palm2techreport#evaluation:part-15",
      "arxiv:2303.18223#model:part-17",
      "arxiv:palm2techreport#evaluation:part-17",
      "arxiv:20-074#abstract:part-8",
      "arxiv:2302.13971#approach:part-1",
      "arxiv:2307.10169#introduction:part-4"
    ],
    "query_time": 1.2906241416931152,
    "metadata": {
      "scores": [
        0.5582049,
        0.5549478,
        0.5530709,
        0.5523529,
        0.5406261,
        0.5231259,
        0.52216935,
        0.5109702,
        0.5051159,
        0.5011234
      ],
      "num_hits": 10
    }
  },
  "query_9": {
    "doc_ids": [
      "arxiv:10000000_662098952474184_2584067087619170692_n#related-work:part-1",
      "arxiv:2307.09288#related-work:part-1",
      "arxiv:2211.05100#model:part-2",
      "arxiv:2211.09110#introduction:part-5",
      "arxiv:2304.00612#abstract",
      "arxiv:2204.06745#introduction:part-12",
      "arxiv:2304.01373#abstract:part-2",
      "arxiv:2211.09110#introduction:part-13",
      "arxiv:2211.05100#evaluation:part-4",
      "arxiv:2305.03047#model:part-4"
    ],
    "query_time": 0.8657820224761963,
    "metadata": {
      "scores": [
        0.48764014,
        0.48764014,
        0.45624793,
        0.4546863,
        0.43823314,
        0.4323761,
        0.4175824,
        0.41046906,
        0.3968245,
        0.3964822
      ],
      "num_hits": 10
    }
  },
  "query_10": {
    "doc_ids": [
      "arxiv:2203.02155#model:part-7",
      "arxiv:2203.02155#model:part-6",
      "arxiv:2203.02155#model:part-11",
      "arxiv:2303.18223#model:part-5",
      "arxiv:2305.03047#evaluation",
      "arxiv:2307.09288#model:part-2",
      "arxiv:10000000_662098952474184_2584067087619170692_n#model:part-2",
      "arxiv:1901.02860#model:part-5",
      "arxiv:2303.18223#model:part-21",
      "arxiv:2303.18223#result:part-17"
    ],
    "query_time": 0.06763291358947754,
    "metadata": {
      "scores": [
        0.6204958,
        0.5648674,
        0.5248183,
        0.52276254,
        0.44628567,
        0.4309085,
        0.4309085,
        0.4305001,
        0.4218281,
        0.41401002
      ],
      "num_hits": 10
    }
  }
}