{
  "query_1": {
    "doc_ids": [
      "arxiv:2307.10169#methods:part-4",
      "arxiv:2307.10169#methods:part-3",
      "arxiv:2303.18223#model:part-35",
      "arxiv:2211.05102#conclusions",
      "arxiv:2312.07104#introduction:part-6",
      "arxiv:2306.09782#related-work",
      "arxiv:2007.14966#related-work:part-1",
      "arxiv:2307.10169#methods:part-5",
      "arxiv:2307.10169#methods:part-2",
      "arxiv:2307.10169#methods:part-39",
      "arxiv:2303.18223#result:part-11",
      "arxiv:2303.18223#model:part-21",
      "arxiv:2303.18223#result:part-10",
      "arxiv:2309.06180#method:part-3",
      "arxiv:2309.06180#method:part-5",
      "arxiv:2307.10169#introduction:part-12",
      "arxiv:2303.18223#result:part-3",
      "arxiv:2309.06180#method:part-2",
      "arxiv:2009.06489#introduction:part-11",
      "arxiv:2307.10169#methods:part-43"
    ],
    "metadata": {
      "scores": [
        0.06941151041766963,
        0.06656919690674964,
        0.058661130536130535,
        0.05493684328191371,
        0.04054547698383315,
        0.03896542054436791,
        0.025158227848101268,
        0.01746031746031746,
        0.016923076923076926,
        0.016417910447761194,
        0.016129032258064516,
        0.015625,
        0.015151515151515152,
        0.014864864864864867,
        0.014666666666666668,
        0.014492753623188406,
        0.014285714285714285,
        0.014102564102564103,
        0.014084507042253521,
        0.013924050632911394
      ]
    },
    "query_time": 1.5167629718780518
  },
  "query_2": {
    "doc_ids": [
      "arxiv:2106.09685#method:part-7",
      "arxiv:2304.01933#method:part-5",
      "arxiv:2304.01933#method:part-1",
      "arxiv:2308.10792#model:part-9",
      "arxiv:2106.09685#method:part-3",
      "arxiv:2306.09782#introduction:part-1",
      "arxiv:2304.01933#introduction:part-2",
      "arxiv:20-074#abstract:part-35",
      "arxiv:2304.01933#method:part-6",
      "arxiv:2306.09782#method:part-1",
      "arxiv:2412.10543#introduction:part-2",
      "arxiv:2106.09685#introduction:part-10",
      "arxiv:2306.09782#experiment:part-1",
      "arxiv:2307.10169#introduction:part-15",
      "arxiv:2412.10543#method:part-4",
      "arxiv:2101.03961#introduction:part-1",
      "arxiv:2306.09782#method:part-2",
      "arxiv:2001.08361#related-work:part-11",
      "arxiv:2301.13688#methods:part-3",
      "arxiv:2301.13688#related-work:part-2"
    ],
    "metadata": {
      "scores": [
        0.0688100304749895,
        0.05323503982943434,
        0.04648502123854237,
        0.04412400911045794,
        0.042861962598804704,
        0.04128726010616578,
        0.04054547698383315,
        0.023076923076923078,
        0.01746031746031746,
        0.01594202898550725,
        0.015625,
        0.015151515151515152,
        0.014925373134328358,
        0.014705882352941176,
        0.014285714285714287,
        0.014285714285714285,
        0.014102564102564103,
        0.014084507042253521,
        0.013924050632911394,
        0.013888888888888888
      ]
    },
    "query_time": 0.9884397983551025
  },
  "query_3": {
    "doc_ids": [
      "arxiv:2303.18223#introduction:part-8",
      "arxiv:2303.18223#introduction:part-9",
      "arxiv:2303.18223#introduction:part-6",
      "arxiv:2307.10169#introduction:part-9",
      "arxiv:2307.10169#introduction:part-8",
      "arxiv:2303.18223#model:part-37",
      "arxiv:2305.13048#background:part-5",
      "arxiv:2001.08361#abstract",
      "arxiv:2307.10169#conclusion",
      "arxiv:2001.08361#results:part-7",
      "arxiv:2001.08361#model:part-2",
      "arxiv:2303.18223#introduction:part-7",
      "arxiv:2302.13971#introduction:part-1",
      "arxiv:333078981_693988129081760_4712707815225756708_n#introduction:part-1",
      "arxiv:10000000_662098952474184_2584067087619170692_n#related-work:part-1",
      "arxiv:2307.09288#related-work:part-1",
      "arxiv:2203.15556#model:part-3",
      "arxiv:2203.15556#model:part-2",
      "arxiv:2204.06745#introduction:part-1",
      "arxiv:2001.08361#related-work:part-2"
    ],
    "metadata": {
      "scores": [
        0.06024563757838406,
        0.05212331528121002,
        0.04839549075403121,
        0.04412400911045794,
        0.042259110216856695,
        0.04054547698383315,
        0.025158227848101268,
        0.022058823529411763,
        0.018571428571428572,
        0.01643835616438356,
        0.01639344262295082,
        0.016129032258064516,
        0.015873015873015872,
        0.015625,
        0.015384615384615385,
        0.015151515151515152,
        0.014925373134328358,
        0.014492753623188406,
        0.013888888888888888,
        0.013513513513513514
      ]
    },
    "query_time": 1.02516508102417
  },
  "query_4": {
    "doc_ids": [
      "arxiv:2303.18223#result:part-18",
      "arxiv:2303.18223#approach:part-19",
      "arxiv:2211.09110#model:part-34",
      "arxiv:2211.09110#introduction:part-4",
      "arxiv:2303.18223#result:part-14",
      "arxiv:2211.09110#model:part-35",
      "arxiv:2303.18223#introduction:part-10",
      "arxiv:2303.18223#result:part-20",
      "arxiv:2303.18223#introduction:part-6",
      "arxiv:2401.04088#results",
      "arxiv:333078981_693988129081760_4712707815225756708_n#approach:part-6",
      "arxiv:2310.06825#results",
      "arxiv:2303.18223#result:part-19",
      "arxiv:2305.14314#evaluation:part-1",
      "arxiv:2302.13971#approach:part-6",
      "arxiv:2307.10169#methods:part-15",
      "arxiv:2304.00612#introduction:part-9",
      "arxiv:2307.10169#methods:part-41",
      "arxiv:2303.18223#result:part-9",
      "arxiv:2303.18223#result:part-13"
    ],
    "metadata": {
      "scores": [
        0.06426850662704708,
        0.04616113053613054,
        0.04412400911045794,
        0.042259110216856695,
        0.04128726010616578,
        0.04054547698383315,
        0.03896542054436791,
        0.01639344262295082,
        0.015625,
        0.015584415584415584,
        0.015384615384615385,
        0.015384615384615384,
        0.015151515151515152,
        0.014925373134328358,
        0.014705882352941176,
        0.014666666666666668,
        0.014492753623188406,
        0.014473684210526316,
        0.014285714285714285,
        0.014084507042253521
      ]
    },
    "query_time": 0.9492189884185791
  },
  "query_5": {
    "doc_ids": [
      "arxiv:2305.18290#abstract",
      "arxiv:2305.03047#introduction:part-4",
      "arxiv:2305.03047#abstract",
      "arxiv:2303.18223#model:part-5",
      "arxiv:2305.03047#introduction:part-3",
      "arxiv:2305.18290#introduction:part-1",
      "arxiv:2303.18223#model:part-8",
      "arxiv:2510.13367#abstract",
      "arxiv:2307.10169#methods:part-7",
      "arxiv:2305.18290#related-work:part-2",
      "arxiv:2510.13358#conclusion",
      "arxiv:2510.13794#background:part-1",
      "arxiv:2203.02155#related-work:part-1",
      "arxiv:2307.09288#model:part-15",
      "arxiv:10000000_662098952474184_2584067087619170692_n#model:part-15",
      "arxiv:2303.18223#result:part-10",
      "arxiv:2305.18290#related-work:part-7",
      "arxiv:2304.00612#introduction:part-7",
      "arxiv:2510.13626#related-work",
      "arxiv:2510.13704#introduction:part-1"
    ],
    "metadata": {
      "scores": [
        0.07792865029707136,
        0.06228437964292009,
        0.060818215475749726,
        0.05764372560147208,
        0.04616113053613054,
        0.04412400911045794,
        0.025158227848101268,
        0.02112676056338028,
        0.01746031746031746,
        0.01639344262295082,
        0.01625,
        0.016129032258064516,
        0.015625,
        0.015151515151515152,
        0.014925373134328358,
        0.014705882352941176,
        0.014492753623188406,
        0.014285714285714285,
        0.0136986301369863,
        0.013513513513513514
      ]
    },
    "query_time": 0.9801468849182129
  },