{
  "system_metrics": {
    "baseline": {
      "grounding_accuracy": 1.0,
      "ndcg@1": 0.7,
      "mrr": 0.825,
      "ndcg@5": 0.7237737640164681,
      "ndcg@10": 0.7321099877019595,
      "hit_rate@10": 1.0,
      "precision@10": 0.44952380952380955,
      "hit_rate@1": 0.7,
      "hit_rate@5": 1.0,
      "ndcg@3": 0.6350499802054138,
      "recall@10": 0.7607142857142857,
      "retrieval_latency": 0.005976390838623047,
      "citation_accuracy": 0.44952380952380955,
      "recall@5": 0.7321428571428571,
      "recall@1": 0.20595238095238094,
      "precision@3": 0.6333333333333333,
      "precision@5": 0.54,
      "recall@3": 0.5345238095238095,
      "hit_rate@3": 0.9,
      "precision@1": 0.7,
      "average_response_time": 0.005976390838623047,
      "queries_per_second": 167.32506741985415
    },
    "chunk_512_ov80": {
      "grounding_accuracy": 1.0,
      "ndcg@1": 0.7,
      "mrr": 0.825,
      "ndcg@5": 0.7313898929829412,
      "ndcg@10": 0.7326412062009114,
      "hit_rate@10": 1.0,
      "precision@10": 0.44952380952380955,
      "hit_rate@1": 0.7,
      "hit_rate@5": 1.0,
      "ndcg@3": 0.6350499802054138,
      "recall@10": 0.7607142857142857,
      "retrieval_latency": 0.014247274398803711,
      "citation_accuracy": 0.44952380952380955,
      "recall@5": 0.7464285714285714,
      "recall@1": 0.20595238095238094,
      "precision@3": 0.6333333333333333,
      "precision@5": 0.5599999999999999,
      "recall@3": 0.5345238095238095,
      "hit_rate@3": 0.9,
      "precision@1": 0.7,
      "average_response_time": 0.014247274398803711,
      "queries_per_second": 70.18886363864559
    }
  },
  "best_systems": {
    "grounding_accuracy": {
      "system": "baseline",
      "score": 1.0
    },
    "ndcg@1": {
      "system": "baseline",
      "score": 0.7
    },
    "mrr": {
      "system": "baseline",
      "score": 0.825
    },
    "ndcg@5": {
      "system": "chunk_512_ov80",
      "score": 0.7313898929829412
    },
    "ndcg@10": {
      "system": "chunk_512_ov80",
      "score": 0.7326412062009114
    },
    "hit_rate@10": {
      "system": "baseline",
      "score": 1.0
    },
    "precision@10": {
      "system": "baseline",
      "score": 0.44952380952380955
    },
    "hit_rate@1": {
      "system": "baseline",
      "score": 0.7
    },
    "hit_rate@5": {
      "system": "baseline",
      "score": 1.0
    },
    "ndcg@3": {
      "system": "baseline",
      "score": 0.6350499802054138
    },
    "recall@10": {
      "system": "baseline",
      "score": 0.7607142857142857
    },
    "retrieval_latency": {
      "system": "chunk_512_ov80",
      "score": 0.014247274398803711
    },
    "citation_accuracy": {
      "system": "baseline",
      "score": 0.44952380952380955
    },
    "recall@5": {
      "system": "chunk_512_ov80",
      "score": 0.7464285714285714
    },
    "recall@1": {
      "system": "baseline",
      "score": 0.20595238095238094
    },
    "precision@3": {
      "system": "baseline",
      "score": 0.6333333333333333
    },
    "precision@5": {
      "system": "chunk_512_ov80",
      "score": 0.5599999999999999
    },
    "recall@3": {
      "system": "baseline",
      "score": 0.5345238095238095
    },
    "hit_rate@3": {
      "system": "baseline",
      "score": 0.9
    },
    "precision@1": {
      "system": "baseline",
      "score": 0.7
    },
    "average_response_time": {
      "system": "chunk_512_ov80",
      "score": 0.014247274398803711
    },
    "queries_per_second": {
      "system": "baseline",
      "score": 167.32506741985415
    }
  }
}