{
  "query_1": {
    "doc_ids": [
      "arxiv:2307.10169#methods:part-3",
      "arxiv:2303.18223#result:part-11",
      "arxiv:2307.10169#methods:part-5",
      "arxiv:2303.18223#model:part-21",
      "arxiv:2307.10169#methods:part-2",
      "arxiv:2303.18223#result:part-10",
      "arxiv:2307.10169#methods:part-39",
      "arxiv:2307.10169#methods:part-4",
      "arxiv:2307.10169#introduction:part-12",
      "arxiv:2303.18223#result:part-3"
    ],
    "query_time": 0.06346297264099121,
    "metadata": {
      "scores": [
        0.5410124,
        0.4831934,
        0.42820287,
        0.4223412,
        0.4124989,
        0.35123843,
        0.33733708,
        0.33558333,
        0.33507875,
        0.32723898
      ],
      "num_hits": 10
    }
  },
  "query_2": {
    "doc_ids": [
      "arxiv:2106.09685#method:part-7",
      "arxiv:2306.09782#introduction:part-1",
      "arxiv:2304.01933#method:part-6",
      "arxiv:2412.10543#introduction:part-2",
      "arxiv:20-074#abstract:part-35",
      "arxiv:2106.09685#introduction:part-10",
      "arxiv:2306.09782#experiment:part-1",
      "arxiv:2307.10169#introduction:part-15",
      "arxiv:2306.09782#method:part-1",
      "arxiv:2101.03961#introduction:part-1"
    ],
    "query_time": 0.009049177169799805,
    "metadata": {
      "scores": [
        0.56739795,
        0.5357233,
        0.5348814,
        0.5338297,
        0.52692586,
        0.5238898,
        0.5235605,
        0.52035224,
        0.5170572,
        0.5167752
      ],
      "num_hits": 10
    }
  },
  "query_3": {
    "doc_ids": [
      "arxiv:2001.08361#model:part-2",
      "arxiv:2303.18223#introduction:part-7",
      "arxiv:2302.13971#introduction:part-1",
      "arxiv:333078981_693988129081760_4712707815225756708_n#introduction:part-1",
      "arxiv:2307.09288#related-work:part-1",
      "arxiv:10000000_662098952474184_2584067087619170692_n#related-work:part-1",
      "arxiv:2203.15556#model:part-3",
      "arxiv:2001.08361#abstract",
      "arxiv:2203.15556#model:part-2",
      "arxiv:2307.10169#conclusion"
    ],
    "query_time": 0.008618831634521484,
    "metadata": {
      "scores": [
        0.71224856,
        0.6999988,
        0.6884725,
        0.6878826,
        0.67381096,
        0.67381096,
        0.67001617,
        0.6493593,
        0.6258284,
        0.6199197
      ],
      "num_hits": 10
    }
  },
  "query_4": {
    "doc_ids": [
      "arxiv:2303.18223#result:part-20",
      "arxiv:2303.18223#result:part-14",
      "arxiv:2303.18223#result:part-18",
      "arxiv:2303.18223#introduction:part-6",
      "arxiv:333078981_693988129081760_4712707815225756708_n#approach:part-6",
      "arxiv:2303.18223#result:part-19",
      "arxiv:2305.14314#evaluation:part-1",
      "arxiv:2302.13971#approach:part-6",
      "arxiv:2304.00612#introduction:part-9",
      "arxiv:2303.18223#result:part-9"
    ],
    "query_time": 0.009846925735473633,
    "metadata": {
      "scores": [
        0.69133306,
        0.60270375,
        0.5948928,
        0.59045935,
        0.5544716,
        0.55077267,
        0.55027187,
        0.5472095,
        0.5463929,
        0.54589885
      ],
      "num_hits": 10
    }
  },
  "query_5": {
    "doc_ids": [
      "arxiv:2305.18290#related-work:part-2",
      "arxiv:2510.13794#background:part-1",
      "arxiv:2307.10169#methods:part-7",
      "arxiv:2203.02155#related-work:part-1",
      "arxiv:2303.18223#model:part-5",
      "arxiv:10000000_662098952474184_2584067087619170692_n#model:part-15",
      "arxiv:2307.09288#model:part-15",
      "arxiv:2303.18223#result:part-10",
      "arxiv:2305.18290#related-work:part-7",
      "arxiv:2304.00612#introduction:part-7"
    ],
    "query_time": 0.013287067413330078,
    "metadata": {
      "scores": [
        0.54157865,
        0.5328868,
        0.5192796,
        0.51899755,
        0.51762444,
        0.50931734,
        0.50931734,
        0.49720544,
        0.49184775,
        0.48961115
      ],
      "num_hits": 10
    }
  },
  "query_6": {
    "doc_ids": [
      "arxiv:2307.10169#conclusion",
      "arxiv:2211.05100#abstract:part-2",
      "arxiv:2211.05100#model:part-5",
      "arxiv:2211.09110#model:part-6",
      "arxiv:2207.00112#introduction:part-1",
      "arxiv:palm2techreport#introduction:part-1",
      "arxiv:2204.02311#introduction:part-4",
      "arxiv:2203.15556#model:part-1",
      "arxiv:2001.08361#model:part-2",
      "arxiv:palm2techreport#evaluation:part-12"
    ],
    "query_time": 0.007925748825073242,
    "metadata": {
      "scores": [
        0.7156366,
        0.6309767,
        0.62010455,
        0.61804175,
        0.5896987,
        0.58578,
        0.57845515,
        0.5775151,
        0.5674721,
        0.55925894
      ],
      "num_hits": 10
    }
  },
  "query_7": {
    "doc_ids": [
      "arxiv:2312.00752#introduction:part-1",
      "arxiv:1901.02860#model:part-3",
      "arxiv:2303.18223#method:part-6",
      "arxiv:1901.02860#related-work",
      "arxiv:2307.03172#related-work",
      "arxiv:2307.03172#abstract",
      "arxiv:2302.10866#experiments:part-2",
      "arxiv:2307.10169#introduction:part-22",
      "arxiv:2312.00752#conclusion",
      "arxiv:2303.18223#model:part-34"
    ],
    "query_time": 0.009673118591308594,
    "metadata": {
      "scores": [
        0.5598581,
        0.5473689,
        0.54519343,
        0.50076807,
        0.4961029,
        0.49580938,
        0.49503866,
        0.49351537,
        0.49276823,
        0.49108383
      ],
      "num_hits": 10
    }
  },
  "query_8": {
    "doc_ids": [
      "arxiv:2310.20707#model:part-12",
      "arxiv:2303.18223#model:part-15",
      "arxiv:2005.14165#results:part-27",
      "arxiv:2310.20707#model:part-7",
      "arxiv:2310.20707#introduction:part-2",
      "arxiv:2303.18223#model:part-19",
      "arxiv:333078981_693988129081760_4712707815225756708_n#approach:part-2",
      "arxiv:2304.01373#abstract:part-14",
      "arxiv:2303.18223#model:part-13",
      "arxiv:2211.09110#model:part-37"
    ],
    "query_time": 0.0042078495025634766,
    "metadata": {
      "scores": [
        0.62101185,
        0.5722754,
        0.5673304,
        0.5530076,
        0.5510191,
        0.5504688,
        0.54794645,
        0.5459789,
        0.5324746,
        0.5220779
      ],
      "num_hits": 10
    }
  },
  "query_9": {
    "doc_ids": [
      "arxiv:2203.02155#model:part-12",
      "arxiv:2307.09288#related-work:part-1",
      "arxiv:10000000_662098952474184_2584067087619170692_n#related-work:part-1",
      "arxiv:2304.01373#abstract:part-2",
      "arxiv:2211.05100#model:part-2",
      "arxiv:2211.05100#abstract:part-4",
      "arxiv:2304.00612#abstract",
      "arxiv:2211.05100#evaluation:part-4",
      "arxiv:2211.05100#evaluation:part-1",
      "arxiv:2304.00612#introduction:part-8"
    ],
    "query_time": 0.010505914688110352,
    "metadata": {
      "scores": [
        0.5074836,
        0.48764014,
        0.48764014,
        0.4649021,
        0.46481392,
        0.443695,
        0.43823314,
        0.3924179,
        0.39175117,
        0.3703146
      ],
      "num_hits": 10
    }
  },
  "query_10": {
    "doc_ids": [
      "arxiv:2203.02155#model:part-6",
      "arxiv:2307.10169#methods:part-7",
      "arxiv:2203.02155#model:part-7",
      "arxiv:2305.03047#evaluation",
      "arxiv:2303.18223#model:part-5",
      "arxiv:2303.18223#model:part-38",
      "arxiv:10000000_662098952474184_2584067087619170692_n#model:part-2",
      "arxiv:2307.09288#model:part-2",
      "arxiv:2106.09685#introduction:part-8",
      "arxiv:2301.00774#abstract:part-5"
    ],
    "query_time": 0.005895137786865234,
    "metadata": {
      "scores": [
        0.55413353,
        0.46607602,
        0.45603597,
        0.44628567,
        0.44052553,
        0.42029256,
        0.41116613,
        0.41116613,
        0.40419364,
        0.39690685
      ],
      "num_hits": 10
    }
  }
}