{
  "system_metrics": {
    "baseline": {
      "ndcg@3": 0.6350499802054138,
      "hit_rate@5": 1.0,
      "hit_rate@10": 1.0,
      "hit_rate@1": 0.7,
      "precision@10": 0.44952380952380955,
      "ndcg@1": 0.7,
      "citation_accuracy": 0.44952380952380955,
      "hit_rate@3": 0.9,
      "recall@1": 0.20595238095238094,
      "recall@5": 0.7321428571428571,
      "mrr": 0.825,
      "ndcg@10": 0.7321099877019595,
      "precision@5": 0.54,
      "ndcg@5": 0.7237737640164681,
      "recall@3": 0.5345238095238095,
      "retrieval_latency": 0.005976390838623047,
      "precision@1": 0.7,
      "recall@10": 0.7607142857142857,
      "precision@3": 0.6333333333333333,
      "grounding_accuracy": 1.0,
      "average_response_time": 0.005976390838623047,
      "queries_per_second": 167.32506741985415
    },
    "chunk_250_ov60": {
      "ndcg@3": 0.5095470821336007,
      "hit_rate@5": 1.0,
      "hit_rate@10": 1.0,
      "hit_rate@1": 0.4,
      "precision@10": 0.37476190476190474,
      "ndcg@1": 0.4,
      "citation_accuracy": 0.37476190476190474,
      "hit_rate@3": 1.0,
      "recall@1": 0.125,
      "recall@5": 0.5261904761904762,
      "mrr": 0.6833333333333333,
      "ndcg@10": 0.5353721043940395,
      "precision@5": 0.43,
      "ndcg@5": 0.5291836005779829,
      "recall@3": 0.44523809523809527,
      "retrieval_latency": 0.08191888332366944,
      "precision@1": 0.4,
      "recall@10": 0.5404761904761904,
      "precision@3": 0.5166666666666666,
      "grounding_accuracy": 1.0,
      "average_response_time": 0.08191888332366944,
      "queries_per_second": 12.20719765000828
    }
  },
  "best_systems": {
    "ndcg@3": {
      "system": "baseline",
      "score": 0.6350499802054138
    },
    "hit_rate@5": {
      "system": "baseline",
      "score": 1.0
    },
    "hit_rate@10": {
      "system": "baseline",
      "score": 1.0
    },
    "hit_rate@1": {
      "system": "baseline",
      "score": 0.7
    },
    "precision@10": {
      "system": "baseline",
      "score": 0.44952380952380955
    },
    "ndcg@1": {
      "system": "baseline",
      "score": 0.7
    },
    "citation_accuracy": {
      "system": "baseline",
      "score": 0.44952380952380955
    },
    "hit_rate@3": {
      "system": "chunk_250_ov60",
      "score": 1.0
    },
    "recall@1": {
      "system": "baseline",
      "score": 0.20595238095238094
    },
    "recall@5": {
      "system": "baseline",
      "score": 0.7321428571428571
    },
    "mrr": {
      "system": "baseline",
      "score": 0.825
    },
    "ndcg@10": {
      "system": "baseline",
      "score": 0.7321099877019595
    },
    "precision@5": {
      "system": "baseline",
      "score": 0.54
    },
    "ndcg@5": {
      "system": "baseline",
      "score": 0.7237737640164681
    },
    "recall@3": {
      "system": "baseline",
      "score": 0.5345238095238095
    },
    "retrieval_latency": {
      "system": "chunk_250_ov60",
      "score": 0.08191888332366944
    },
    "precision@1": {
      "system": "baseline",
      "score": 0.7
    },
    "recall@10": {
      "system": "baseline",
      "score": 0.7607142857142857
    },
    "precision@3": {
      "system": "baseline",
      "score": 0.6333333333333333
    },
    "grounding_accuracy": {
      "system": "baseline",
      "score": 1.0
    },
    "average_response_time": {
      "system": "chunk_250_ov60",
      "score": 0.08191888332366944
    },
    "queries_per_second": {
      "system": "baseline",
      "score": 167.32506741985415
    }
  }
}