{
  "query_1": {
    "doc_ids": [
      "arxiv:2307.10169#methods:part-4",
      "arxiv:2307.10169#methods:part-6",
      "arxiv:2307.10169#methods:part-5",
      "arxiv:2303.18223#result:part-24",
      "arxiv:2307.10169#methods:part-7",
      "arxiv:2307.10169#methods:part-10",
      "arxiv:2307.10169#methods:part-9",
      "arxiv:2307.10169#methods:part-8",
      "arxiv:2303.18223#model:part-52",
      "arxiv:2307.10169#methods:part-109"
    ],
    "query_time": 0.27723073959350586,
    "metadata": {
      "scores": [
        0.5592233,
        0.5556498,
        0.53233904,
        0.49519908,
        0.4618189,
        0.44265613,
        0.42839724,
        0.38188738,
        0.38066483,
        0.36672944
      ],
      "num_hits": 10
    }
  },
  "query_2": {
    "doc_ids": [
      "arxiv:2106.09685#introduction:part-11",
      "arxiv:2106.09685#introduction:part-21",
      "arxiv:2308.10792#model:part-21",
      "arxiv:2210.07558#experiments:part-2",
      "arxiv:2306.09782#introduction:part-1",
      "arxiv:2308.10792#model:part-24",
      "arxiv:2306.09782#experiment:part-1",
      "arxiv:2307.10169#introduction:part-33",
      "arxiv:2306.09782#method:part-1",
      "arxiv:2305.14314#background:part-3"
    ],
    "query_time": 0.026031970977783203,
    "metadata": {
      "scores": [
        0.5726893,
        0.56772053,
        0.5606306,
        0.54042286,
        0.5357233,
        0.52670586,
        0.5235605,
        0.5186826,
        0.5170572,
        0.516942
      ],
      "num_hits": 10
    }
  },
  "query_3": {
    "doc_ids": [
      "arxiv:palm2techreport#introduction:part-9",
      "arxiv:2302.13971#introduction:part-1",
      "arxiv:333078981_693988129081760_4712707815225756708_n#introduction:part-1",
      "arxiv:10000000_662098952474184_2584067087619170692_n#related-work:part-1",
      "arxiv:2307.09288#related-work:part-1",
      "arxiv:2005.14165#related-work:part-2",
      "arxiv:2304.01373#abstract:part-8",
      "arxiv:2001.08361#abstract",
      "arxiv:2302.13971#related-work:part-4",
      "arxiv:2001.08361#model:part-11"
    ],
    "query_time": 0.032952070236206055,
    "metadata": {
      "scores": [
        0.73770607,
        0.6884725,
        0.6878826,
        0.67381096,
        0.67381096,
        0.6722753,
        0.6703502,
        0.6493593,
        0.64934546,
        0.6471512
      ],
      "num_hits": 10
    }
  },
  "query_4": {
    "doc_ids": [
      "arxiv:2303.18223#result:part-44",
      "arxiv:2303.18223#result:part-45",
      "arxiv:2303.18223#result:part-41",
      "arxiv:2303.18223#result:part-43",
      "arxiv:2307.10169#methods:part-31",
      "arxiv:2307.10169#methods:part-93",
      "arxiv:2307.10169#methods:part-34",
      "arxiv:2303.18223#model:part-85",
      "arxiv:2307.10169#methods:part-33",
      "arxiv:2303.18223#result:part-27"
    ],
    "query_time": 0.020180225372314453,
    "metadata": {
      "scores": [
        0.67275226,
        0.65762997,
        0.6492865,
        0.6125309,
        0.5894793,
        0.5891782,
        0.5838927,
        0.57536006,
        0.5712228,
        0.5686513
      ],
      "num_hits": 10
    }
  },
  "query_5": {
    "doc_ids": [
      "arxiv:2307.10169#methods:part-13",
      "arxiv:2307.10169#methods:part-15",
      "arxiv:2203.02155#model:part-22",
      "arxiv:2305.18290#related-work:part-6",
      "arxiv:2510.13794#background:part-1",
      "arxiv:10000000_662098952474184_2584067087619170692_n#model:part-33",
      "arxiv:2307.09288#model:part-33",
      "arxiv:2203.02155#related-work:part-1",
      "arxiv:2307.09288#model:part-7",
      "arxiv:10000000_662098952474184_2584067087619170692_n#model:part-7"
    ],
    "query_time": 0.03605985641479492,
    "metadata": {
      "scores": [
        0.6618903,
        0.5689903,
        0.5529106,
        0.5403705,
        0.5328868,
        0.52590907,
        0.52590907,
        0.51899755,
        0.5187439,
        0.5187439
      ],
      "num_hits": 10
    }
  },
  "query_6": {
    "doc_ids": [
      "arxiv:2307.10169#conclusion",
      "arxiv:2211.05100#abstract:part-3",
      "arxiv:2304.01373#abstract:part-19",
      "arxiv:2304.01373#abstract:part-8",
      "arxiv:2211.09110#model:part-12",
      "arxiv:2204.02311#introduction:part-8",
      "arxiv:2207.00112#introduction:part-1",
      "arxiv:2211.09110#introduction:part-2",
      "arxiv:2304.01373#abstract:part-9",
      "arxiv:2005.14165#results:part-11"
    ],
    "query_time": 0.030277013778686523,
    "metadata": {
      "scores": [
        0.7156366,
        0.6456231,
        0.62313235,
        0.5984348,
        0.59656864,
        0.5941894,
        0.5896987,
        0.58895695,
        0.58818316,
        0.58770645
      ],
      "num_hits": 10
    }
  },
  "query_7": {
    "doc_ids": [
      "arxiv:2303.18223#method:part-13",
      "arxiv:2303.18223#method:part-16",
      "arxiv:2307.03172#introduction:part-2",
      "arxiv:2312.00752#introduction:part-1",
      "arxiv:2305.07185#model:part-27",
      "arxiv:2305.13048#background:part-16",
      "arxiv:1901.02860#model:part-2",
      "arxiv:2303.18223#model:part-76",
      "arxiv:2307.03172#introduction:part-13",
      "arxiv:2001.08361#related-work:part-19"
    ],
    "query_time": 0.27345776557922363,
    "metadata": {
      "scores": [
        0.63776094,
        0.5811531,
        0.5691002,
        0.5598581,
        0.5495926,
        0.5382043,
        0.5191448,
        0.50320625,
        0.5031878,
        0.5015908
      ],
      "num_hits": 10
    }
  },
  "query_8": {
    "doc_ids": [
      "arxiv:2310.20707#model:part-26",
      "arxiv:2303.18223#model:part-41",
      "arxiv:palm2techreport#evaluation:part-30",
      "arxiv:2307.10169#introduction:part-4",
      "arxiv:palm2techreport#introduction:part-4",
      "arxiv:2303.18223#model:part-42",
      "arxiv:333078981_693988129081760_4712707815225756708_n#approach:part-3",
      "arxiv:2302.13971#approach:part-3",
      "arxiv:2303.18223#model:part-33",
      "arxiv:2204.02311#abstract:part-2"
    ],
    "query_time": 0.08503198623657227,
    "metadata": {
      "scores": [
        0.61228347,
        0.60613,
        0.5835227,
        0.5721446,
        0.56418955,
        0.5616061,
        0.56158006,
        0.5590714,
        0.5588564,
        0.5546851
      ],
      "num_hits": 10
    }
  },
  "query_9": {
    "doc_ids": [
      "arxiv:2307.09288#related-work:part-1",
      "arxiv:10000000_662098952474184_2584067087619170692_n#related-work:part-1",
      "arxiv:2203.02155#model:part-26",
      "arxiv:2204.06745#introduction:part-25",
      "arxiv:2307.09288#conclusion",
      "arxiv:10000000_662098952474184_2584067087619170692_n#conclusion",
      "arxiv:2304.00612#introduction:part-32",
      "arxiv:2307.09288#model:part-2",
      "arxiv:10000000_662098952474184_2584067087619170692_n#model:part-2",
      "arxiv:2304.00612#abstract"
    ],
    "query_time": 0.02416205406188965,
    "metadata": {
      "scores": [
        0.48764014,
        0.48764014,
        0.48318,
        0.4817515,
        0.45026493,
        0.45026493,
        0.44931704,
        0.4490534,
        0.4490534,
        0.43823314
      ],
      "num_hits": 10
    }
  },
  "query_10": {
    "doc_ids": [
      "arxiv:2203.02155#model:part-14",
      "arxiv:2307.10169#methods:part-15",
      "arxiv:2305.03047#introduction:part-6",
      "arxiv:2203.02155#model:part-12",
      "arxiv:2203.02155#model:part-13",
      "arxiv:2305.03047#introduction:part-5",
      "arxiv:2307.10169#methods:part-16",
      "arxiv:2303.18223#model:part-11",
      "arxiv:2307.09288#model:part-3",
      "arxiv:10000000_662098952474184_2584067087619170692_n#model:part-3"
    ],
    "query_time": 0.013805150985717773,