{
  "system_metrics": {
    "baseline": {
      "precision@1": 0.7,
      "ndcg@3": 0.6350499802054138,
      "grounding_accuracy": 1.0,
      "recall@1": 0.20595238095238094,
      "precision@5": 0.54,
      "hit_rate@1": 0.7,
      "ndcg@1": 0.7,
      "hit_rate@10": 1.0,
      "precision@3": 0.6333333333333333,
      "hit_rate@5": 1.0,
      "recall@5": 0.7321428571428571,
      "retrieval_latency": 0.005976390838623047,
      "mrr": 0.825,
      "recall@3": 0.5345238095238095,
      "ndcg@5": 0.7237737640164681,
      "precision@10": 0.44952380952380955,
      "ndcg@10": 0.7321099877019595,
      "recall@10": 0.7607142857142857,
      "hit_rate@3": 0.9,
      "citation_accuracy": 0.44952380952380955,
      "average_response_time": 0.005976390838623047,
      "queries_per_second": 167.32506741985415
    },
    "chunk_450_ov80": {
      "precision@1": 0.5,
      "ndcg@3": 0.38615836849683427,
      "grounding_accuracy": 1.0,
      "recall@1": 0.1392857142857143,
      "precision@5": 0.36,
      "hit_rate@1": 0.5,
      "ndcg@1": 0.45,
      "hit_rate@10": 1.0,
      "precision@3": 0.36666666666666664,
      "hit_rate@5": 1.0,
      "recall@5": 0.4738095238095238,
      "retrieval_latency": 0.010393619537353516,
      "mrr": 0.67,
      "recall@3": 0.3011904761904762,
      "ndcg@5": 0.471268262504983,
      "precision@10": 0.3479761904761905,
      "ndcg@10": 0.5249757616016106,
      "recall@10": 0.588095238095238,
      "hit_rate@3": 0.7,
      "citation_accuracy": 0.3479761904761905,
      "average_response_time": 0.010393619537353516,
      "queries_per_second": 96.21287333119237
    }
  },
  "best_systems": {
    "precision@1": {
      "system": "baseline",
      "score": 0.7
    },
    "ndcg@3": {
      "system": "baseline",
      "score": 0.6350499802054138
    },
    "grounding_accuracy": {
      "system": "baseline",
      "score": 1.0
    },
    "recall@1": {
      "system": "baseline",
      "score": 0.20595238095238094
    },
    "precision@5": {
      "system": "baseline",
      "score": 0.54
    },
    "hit_rate@1": {
      "system": "baseline",
      "score": 0.7
    },
    "ndcg@1": {
      "system": "baseline",
      "score": 0.7
    },
    "hit_rate@10": {
      "system": "baseline",
      "score": 1.0
    },
    "precision@3": {
      "system": "baseline",
      "score": 0.6333333333333333
    },
    "hit_rate@5": {
      "system": "baseline",
      "score": 1.0
    },
    "recall@5": {
      "system": "baseline",
      "score": 0.7321428571428571
    },
    "retrieval_latency": {
      "system": "chunk_450_ov80",
      "score": 0.010393619537353516
    },
    "mrr": {
      "system": "baseline",
      "score": 0.825
    },
    "recall@3": {
      "system": "baseline",
      "score": 0.5345238095238095
    },
    "ndcg@5": {
      "system": "baseline",
      "score": 0.7237737640164681
    },
    "precision@10": {
      "system": "baseline",
      "score": 0.44952380952380955
    },
    "ndcg@10": {
      "system": "baseline",
      "score": 0.7321099877019595
    },
    "recall@10": {
      "system": "baseline",
      "score": 0.7607142857142857
    },
    "hit_rate@3": {
      "system": "baseline",
      "score": 0.9
    },
    "citation_accuracy": {
      "system": "baseline",
      "score": 0.44952380952380955
    },
    "average_response_time": {
      "system": "chunk_450_ov80",
      "score": 0.010393619537353516
    },
    "queries_per_second": {
      "system": "baseline",
      "score": 167.32506741985415
    }
  }
}