{
  "query_1": {
    "doc_ids": [
      "arxiv:2307.10169#methods:part-3",
      "arxiv:2307.10169#methods:part-4",
      "arxiv:2303.18223#result:part-13",
      "arxiv:2307.10169#methods:part-5",
      "arxiv:2303.18223#model:part-41",
      "arxiv:2307.10169#methods:part-2",
      "arxiv:2303.18223#result:part-3",
      "arxiv:2307.10169#methods:part-54",
      "arxiv:2303.18223#method:part-12",
      "arxiv:1901.02860#model:part-4"
    ],
    "query_time": 0.02902698516845703,
    "metadata": {
      "scores": [
        0.5205362,
        0.48559746,
        0.47852767,
        0.42941824,
        0.38729733,
        0.37829742,
        0.34621143,
        0.32401964,
        0.3186694,
        0.3171012
      ],
      "num_hits": 10
    }
  },
  "query_2": {
    "doc_ids": [
      "arxiv:2308.10792#model:part-11",
      "arxiv:2106.09685#method:part-8",
      "arxiv:2106.09685#introduction:part-6",
      "arxiv:2106.09685#introduction:part-5",
      "arxiv:2306.09782#introduction:part-1",
      "arxiv:2305.14314#background:part-2",
      "arxiv:2306.09782#experiment:part-1",
      "arxiv:20-074#abstract:part-41",
      "arxiv:2306.09782#method:part-1",
      "arxiv:2101.03961#introduction:part-1"
    ],
    "query_time": 0.010051250457763672,
    "metadata": {
      "scores": [
        0.58975005,
        0.5621406,
        0.558184,
        0.5482691,
        0.5357233,
        0.5351341,
        0.5235605,
        0.51780564,
        0.5170572,
        0.5167752
      ],
      "num_hits": 10
    }
  },
  "query_3": {
    "doc_ids": [
      "arxiv:2303.18223#introduction:part-8",
      "arxiv:2302.13971#introduction:part-1",
      "arxiv:333078981_693988129081760_4712707815225756708_n#introduction:part-1",
      "arxiv:10000000_662098952474184_2584067087619170692_n#related-work:part-1",
      "arxiv:2307.09288#related-work:part-1",
      "arxiv:palm2techreport#introduction:part-5",
      "arxiv:2001.08361#model:part-6",
      "arxiv:2001.08361#abstract",
      "arxiv:2001.08361#related-work:part-3",
      "arxiv:2304.01373#abstract:part-5"
    ],
    "query_time": 0.009602069854736328,
    "metadata": {
      "scores": [
        0.71884686,
        0.6884725,
        0.6878826,
        0.67381096,
        0.67381096,
        0.67063177,
        0.6568152,
        0.6493593,
        0.6381094,
        0.62490356
      ],
      "num_hits": 10
    }
  },
  "query_4": {
    "doc_ids": [
      "arxiv:2303.18223#result:part-23",
      "arxiv:2307.10169#methods:part-47",
      "arxiv:2307.10169#methods:part-18",
      "arxiv:2303.18223#result:part-5",
      "arxiv:2303.18223#result:part-16",
      "arxiv:2302.13971#approach:part-7",
      "arxiv:2303.18223#result:part-15",
      "arxiv:2307.10169#methods:part-48",
      "arxiv:2303.18223#model:part-44",
      "arxiv:2303.18223#result:part-22"
    ],
    "query_time": 0.0077402591705322266,
    "metadata": {
      "scores": [
        0.6830677,
        0.6270077,
        0.6230835,
        0.60523266,
        0.5815171,
        0.5774607,
        0.57467324,
        0.57444185,
        0.57077026,
        0.5590752
      ],
      "num_hits": 10
    }
  },
  "query_5": {
    "doc_ids": [
      "arxiv:10000000_662098952474184_2584067087619170692_n#model:part-11",
      "arxiv:2307.09288#model:part-11",
      "arxiv:2510.13794#background:part-1",
      "arxiv:2307.10169#methods:part-8",
      "arxiv:2203.02155#related-work:part-1",
      "arxiv:10000000_662098952474184_2584067087619170692_n#introduction:part-3",
      "arxiv:2307.09288#introduction:part-3",
      "arxiv:2305.18290#related-work:part-8",
      "arxiv:2510.13794#background:part-2",
      "arxiv:2510.13704#introduction:part-4"
    ],
    "query_time": 0.0083160400390625,
    "metadata": {
      "scores": [
        0.558563,
        0.558563,
        0.5328868,
        0.5239331,
        0.51899755,
        0.505912,
        0.505912,
        0.49735838,
        0.49581802,
        0.4902407
      ],
      "num_hits": 10
    }
  },
  "query_6": {
    "doc_ids": [
      "arxiv:2307.10169#conclusion",
      "arxiv:2211.05100#model:part-6",
      "arxiv:2207.00112#introduction:part-1",
      "arxiv:2304.01373#abstract:part-5",
      "arxiv:2304.01373#abstract:part-2",
      "arxiv:palm2techreport#introduction:part-1",
      "arxiv:2211.09110#model:part-7",
      "arxiv:2203.15556#model:part-1",
      "arxiv:2304.01373#abstract:part-6",
      "arxiv:2204.02311#model:part-11"
    ],
    "query_time": 0.010258913040161133,
    "metadata": {
      "scores": [
        0.7156366,
        0.598465,
        0.5896987,
        0.58897984,
        0.5863283,
        0.58578,
        0.5816413,
        0.5775151,
        0.57179964,
        0.5659746
      ],
      "num_hits": 10
    }
  },
  "query_7": {
    "doc_ids": [
      "arxiv:2303.18223#method:part-7",
      "arxiv:2312.00752#introduction:part-1",
      "arxiv:2305.13048#background:part-9",
      "arxiv:2312.00752#introduction:part-13",
      "arxiv:2307.03172#introduction:part-7",
      "arxiv:2303.18223#model:part-21",
      "arxiv:1901.02860#related-work",
      "arxiv:2307.03172#related-work:part-1",
      "arxiv:2307.03172#abstract",
      "arxiv:2312.00752#conclusion"
    ],
    "query_time": 0.007233142852783203,
    "metadata": {
      "scores": [
        0.56181395,
        0.5598581,
        0.55127,
        0.54492825,
        0.5365151,
        0.50865996,
        0.50076807,
        0.4961029,
        0.49580938,
        0.49276823
      ],
      "num_hits": 10
    }
  },
  "query_8": {
    "doc_ids": [
      "arxiv:2310.20707#model:part-14",
      "arxiv:2310.20707#model:part-8",
      "arxiv:2211.09110#model:part-43",
      "arxiv:2304.01373#abstract:part-4",
      "arxiv:2303.18223#model:part-22",
      "arxiv:palm2techreport#evaluation:part-16",
      "arxiv:333078981_693988129081760_4712707815225756708_n#approach:part-2",
      "arxiv:2310.20707#model:part-11",
      "arxiv:2302.13971#approach:part-2",
      "arxiv:2310.20707#model:part-12"
    ],
    "query_time": 0.007814884185791016,
    "metadata": {
      "scores": [
        0.59679157,
        0.5577189,
        0.55742687,
        0.5553894,
        0.5506246,
        0.5406678,
        0.5405934,
        0.5341957,
        0.528231,
        0.5178808
      ],
      "num_hits": 10
    }
  },
  "query_9": {
    "doc_ids": [
      "arxiv:2203.02155#model:part-14",
      "arxiv:2307.09288#related-work:part-1",
      "arxiv:10000000_662098952474184_2584067087619170692_n#related-work:part-1",
      "arxiv:10000000_662098952474184_2584067087619170692_n#conclusion",
      "arxiv:2307.09288#conclusion",
      "arxiv:2303.18223#introduction:part-18",
      "arxiv:2304.00612#introduction:part-17",
      "arxiv:2304.00612#abstract",
      "arxiv:2304.01373#abstract:part-2",
      "arxiv:2304.00612#introduction:part-5"
    ],
    "query_time": 0.008135795593261719,
    "metadata": {
      "scores": [
        0.49307382,
        0.48764014,
        0.48764014,
        0.45026493,
        0.45026493,
        0.44073734,
        0.43946242,
        0.43823314,
        0.4151488,
        0.3961584
      ],
      "num_hits": 10
    }
  },
  "query_10": {
    "doc_ids": [
      "arxiv:2203.02155#model:part-7",
      "arxiv:2305.03047#introduction:part-3",
      "arxiv:2303.18223#model:part-6",
      "arxiv:2203.02155#model:part-8",
      "arxiv:2203.02155#model:part-12",
      "arxiv:2307.10169#methods:part-8",
      "arxiv:2303.18223#result:part-19",
      "arxiv:2305.03047#evaluation",
      "arxiv:2307.09288#model:part-2",
      "arxiv:10000000_662098952474184_2584067087619170692_n#model:part-2"
    ],
    "query_time": 0.005756855010986328,
    "metadata": {
      "scores": [
        0.50023943,
        0.4948233,
        0.46869984,
        0.4657964,
        0.45750737,
        0.4515375,
        0.44747305,
        0.44628567,
        0.44379896,
        0.44379896
      ],
      "num_hits": 10
    }
  }
}