{
  "query_1": {
    "doc_ids": [
      "arxiv:2307.10169#methods",
      "arxiv:2303.18223#result",
      "arxiv:2304.00612#introduction",
      "arxiv:10000000_662098952474184_2584067087619170692_n#model",
      "arxiv:2303.18223#model",
      "arxiv:2307.10169#introduction",
      "arxiv:2009.06489#introduction",
      "arxiv:2510.13619#introduction",
      "arxiv:2007.14966#introduction"
    ],
    "query_time": 0.8788743019104004,
    "metadata": {
      "num_variations": 2,
      "retrieval_method": "hybrid_optimized_v19_patched",
      "query_aware_boosts": {
        "method": 1.08,
        "methods": 1.08,
        "approach": 1.05
      }
    }
  },
  "query_2": {
    "doc_ids": [
      "arxiv:2106.09685#introduction",
      "arxiv:2308.10792#model",
      "arxiv:2312.09993#introduction",
      "arxiv:2412.10543#introduction",
      "arxiv:2306.09782#method",
      "arxiv:2307.10169#introduction",
      "arxiv:20-074#abstract",
      "arxiv:2305.14314#background",
      "arxiv:2306.09782#introduction",
      "arxiv:2304.01933#method"
    ],
    "query_time": 0.1304929256439209,
    "metadata": {
      "num_variations": 2,
      "retrieval_method": "hybrid_optimized_v19_patched",
      "query_aware_boosts": {
        "method": 1.1,
        "methods": 1.1,
        "model": 1.05,
        "approach": 1.05
      }
    }
  },
  "query_3": {
    "doc_ids": [
      "arxiv:2303.18223#introduction",
      "arxiv:2203.15556#model",
      "arxiv:2001.08361#related work",
      "arxiv:333078981_693988129081760_4712707815225756708_n#related work",
      "arxiv:2001.08361#results",
      "arxiv:2302.13971#introduction",
      "arxiv:2001.08361#abstract",
      "arxiv:333078981_693988129081760_4712707815225756708_n#introduction",
      "arxiv:2001.08361#model",
      "arxiv:2304.00612#introduction"
    ],
    "query_time": 0.12444901466369629,
    "metadata": {
      "num_variations": 2,
      "retrieval_method": "hybrid_optimized_v19_patched",
      "query_aware_boosts": {
        "abstract": 1.08,
        "introduction": 1.05,
        "related-work": 1.03
      }
    }
  },
  "query_4": {
    "doc_ids": [
      "arxiv:2303.18223#result",
      "arxiv:2304.00612#introduction",
      "arxiv:2307.10169#methods",
      "arxiv:2412.19437#method",
      "arxiv:2412.19437#model",
      "arxiv:2303.18223#introduction",
      "arxiv:2501.19393#abstract",
      "arxiv:2305.14314#evaluation",
      "arxiv:333078981_693988129081760_4712707815225756708_n#approach",
      "arxiv:2302.13971#approach"
    ],
    "query_time": 0.04255104064941406,
    "metadata": {
      "num_variations": 2,
      "retrieval_method": "hybrid_optimized_v19_patched",
      "query_aware_boosts": {}
    }
  },
  "query_5": {
    "doc_ids": [
      "arxiv:2305.18290#related work",
      "arxiv:2304.00612#introduction",
      "arxiv:2510.13704#introduction",
      "arxiv:2203.02155#related work",
      "arxiv:2307.10169#methods",
      "arxiv:2308.10792#methods",
      "arxiv:2303.18223#model",
      "arxiv:2510.13794#background",
      "arxiv:10000000_662098952474184_2584067087619170692_n#model",
      "arxiv:2510.13367#abstract"
    ],
    "query_time": 0.1306290626525879,
    "metadata": {
      "num_variations": 2,
      "retrieval_method": "hybrid_optimized_v19_patched",
      "query_aware_boosts": {
        "method": 1.1,
        "methods": 1.1,
        "model": 1.05,
        "approach": 1.05
      }
    }
  },
  "query_6": {
    "doc_ids": [
      "arxiv:2211.05100#abstract",
      "arxiv:2203.15556#model",
      "arxiv:1909.08053#abstract",
      "arxiv:2211.05100#model",
      "arxiv:2203.15556#method",
      "arxiv:2211.09110#model",
      "arxiv:2207.00112#introduction",
      "arxiv:palm2techreport#introduction",
      "arxiv:2204.02311#introduction",
      "arxiv:2211.05100#evaluation"
    ],
    "query_time": 0.08193206787109375,
    "metadata": {
      "num_variations": 2,
      "retrieval_method": "hybrid_optimized_v19_patched",
      "query_aware_boosts": {
        "method": 1.08,
        "methods": 1.08,
        "approach": 1.05
      }
    }
  },
  "query_7": {
    "doc_ids": [
      "arxiv:2307.10169#introduction",
      "arxiv:2307.03172#introduction",
      "arxiv:2307.03172#related work",
      "arxiv:2303.18223#model",
      "arxiv:2302.10866#experiments",
      "arxiv:1901.02860#model",
      "arxiv:2312.00752#introduction",
      "arxiv:2307.03172#abstract",
      "arxiv:2303.18223#method",
      "arxiv:2305.13048#background"
    ],
    "query_time": 0.040090084075927734,
    "metadata": {
      "num_variations": 2,
      "retrieval_method": "hybrid_optimized_v19_patched",
      "query_aware_boosts": {
        "abstract": 1.08,
        "introduction": 1.05,
        "related-work": 1.03
      }
    }
  },
  "query_8": {
    "doc_ids": [
      "arxiv:2303.18223#model",
      "arxiv:2310.20707#model",
      "arxiv:palm2techreport#evaluation",
      "arxiv:2304.01373#abstract",
      "arxiv:2211.09110#model",
      "arxiv:2310.20707#introduction",
      "arxiv:20-074#abstract",
      "arxiv:2005.14165#results",
      "arxiv:333078981_693988129081760_4712707815225756708_n#approach",
      "arxiv:2204.02311#model"
    ],
    "query_time": 0.03502511978149414,
    "metadata": {
      "num_variations": 2,
      "retrieval_method": "hybrid_optimized_v19_patched",
      "query_aware_boosts": {
        "introduction": 1.08,
        "related-work": 1.08,
        "abstract": 1.05
      }
    }
  },
  "query_9": {
    "doc_ids": [
      "arxiv:2303.18223#model",
      "arxiv:2304.01373#abstract",
      "arxiv:2211.05100#evaluation",
      "arxiv:2211.09110#introduction",
      "arxiv:2304.00612#introduction",
      "arxiv:2304.00612#abstract",
      "arxiv:2211.05100#abstract",
      "arxiv:2203.02155#model",
      "arxiv:2211.05100#model",
      "arxiv:2307.10169#methods"
    ],
    "query_time": 0.08175015449523926,
    "metadata": {
      "num_variations": 2,
      "retrieval_method": "hybrid_optimized_v19_patched",
      "query_aware_boosts": {
        "method": 1.1,
        "methods": 1.1,
        "model": 1.05,
        "approach": 1.05
      }
    }
  },
  "query_10": {
    "doc_ids": [
      "arxiv:2203.02155#model",
      "arxiv:2303.18223#model",
      "arxiv:2307.10169#methods",
      "arxiv:2305.03047#introduction",
      "arxiv:10000000_662098952474184_2584067087619170692_n#model",
      "arxiv:2305.18290#related work",
      "arxiv:2305.18290#experiments",
      "arxiv:2510.13108#method",
      "arxiv:1901.02860#model",
      "arxiv:2305.03047#evaluation"
    ],
    "query_time": 0.048497915267944336,
    "metadata": {
      "num_variations": 2,
      "retrieval_method": "hybrid_optimized_v19_patched",
      "query_aware_boosts": {
        "method": 1.08,
        "methods": 1.08,
        "approach": 1.05
      }
    }
  }
}