{
  "system_metrics": {
    "baseline": {
      "precision@10": 0.44952380952380955,
      "precision@3": 0.6333333333333333,
      "precision@1": 0.7,
      "ndcg@1": 0.7,
      "ndcg@10": 0.7321099877019595,
      "citation_accuracy": 0.44952380952380955,
      "ndcg@5": 0.7237737640164681,
      "precision@5": 0.54,
      "hit_rate@10": 1.0,
      "recall@10": 0.7607142857142857,
      "grounding_accuracy": 1.0,
      "recall@3": 0.5345238095238095,
      "hit_rate@1": 0.7,
      "hit_rate@3": 0.9,
      "mrr": 0.825,
      "ndcg@3": 0.6350499802054138,
      "recall@5": 0.7321428571428571,
      "retrieval_latency": 0.005976390838623047,
      "recall@1": 0.20595238095238094,
      "hit_rate@5": 1.0,
      "average_response_time": 0.005976390838623047,
      "queries_per_second": 167.32506741985415
    },
    "chunk_600_ov40": {
      "precision@10": 0.2625396825396825,
      "precision@3": 0.3333333333333333,
      "precision@1": 0.4,
      "ndcg@1": 0.3,
      "ndcg@10": 0.42631815088209113,
      "citation_accuracy": 0.2625396825396825,
      "ndcg@5": 0.41334500332654045,
      "precision@5": 0.32,
      "hit_rate@10": 0.9,
      "recall@10": 0.5071428571428571,
      "grounding_accuracy": 1.0,
      "recall@3": 0.3095238095238095,
      "hit_rate@1": 0.4,
      "hit_rate@3": 0.6,
      "mrr": 0.5366666666666666,
      "ndcg@3": 0.3164795107146075,
      "recall@5": 0.4738095238095238,
      "retrieval_latency": 0.4511052131652832,
      "recall@1": 0.11428571428571428,
      "hit_rate@5": 0.9,
      "average_response_time": 0.4511052131652832,
      "queries_per_second": 2.2167777512107887
    }
  },
  "best_systems": {
    "precision@10": {
      "system": "baseline",
      "score": 0.44952380952380955
    },
    "precision@3": {
      "system": "baseline",
      "score": 0.6333333333333333
    },
    "precision@1": {
      "system": "baseline",
      "score": 0.7
    },
    "ndcg@1": {
      "system": "baseline",
      "score": 0.7
    },
    "ndcg@10": {
      "system": "baseline",
      "score": 0.7321099877019595
    },
    "citation_accuracy": {
      "system": "baseline",
      "score": 0.44952380952380955
    },
    "ndcg@5": {
      "system": "baseline",
      "score": 0.7237737640164681
    },
    "precision@5": {
      "system": "baseline",
      "score": 0.54
    },
    "hit_rate@10": {
      "system": "baseline",
      "score": 1.0
    },
    "recall@10": {
      "system": "baseline",
      "score": 0.7607142857142857
    },
    "grounding_accuracy": {
      "system": "baseline",
      "score": 1.0
    },
    "recall@3": {
      "system": "baseline",
      "score": 0.5345238095238095
    },
    "hit_rate@1": {
      "system": "baseline",
      "score": 0.7
    },
    "hit_rate@3": {
      "system": "baseline",
      "score": 0.9
    },
    "mrr": {
      "system": "baseline",
      "score": 0.825
    },
    "ndcg@3": {
      "system": "baseline",
      "score": 0.6350499802054138
    },
    "recall@5": {
      "system": "baseline",
      "score": 0.7321428571428571
    },
    "retrieval_latency": {
      "system": "chunk_600_ov40",
      "score": 0.4511052131652832
    },
    "recall@1": {
      "system": "baseline",
      "score": 0.20595238095238094
    },
    "hit_rate@5": {
      "system": "baseline",
      "score": 1.0
    },
    "average_response_time": {
      "system": "chunk_600_ov40",
      "score": 0.4511052131652832
    },
    "queries_per_second": {
      "system": "baseline",
      "score": 167.32506741985415
    }
  }
}