{
  "query_1": {
    "doc_ids": [
      "arxiv:2307.10169",
      "arxiv:2307.10169",
      "arxiv:2303.18223",
      "arxiv:2307.10169",
      "arxiv:2303.18223",
      "arxiv:2307.10169",
      "arxiv:2307.10169",
      "arxiv:2303.18223",
      "arxiv:2307.10169",
      "arxiv:2303.18223"
    ],
    "query_time": 0.11185884475708008,
    "metadata": {
      "scores": [
        0.60315293,
        0.5410124,
        0.5004866,
        0.49957055,
        0.4831934,
        0.4762546,
        0.42820287,
        0.4223412,
        0.4124989,
        0.3580771
      ],
      "num_hits": 10
    }
  },
  "query_2": {
    "doc_ids": [
      "arxiv:2106.09685",
      "arxiv:2308.10792",
      "arxiv:2305.14314",
      "arxiv:2106.09685",
      "arxiv:2306.09782",
      "arxiv:2412.10543",
      "arxiv:2306.11695",
      "arxiv:20-074",
      "arxiv:2106.09685",
      "arxiv:2306.09782"
    ],
    "query_time": 0.027585983276367188,
    "metadata": {
      "scores": [
        0.5981073,
        0.5922116,
        0.5603372,
        0.5469738,
        0.5357233,
        0.5338297,
        0.5308919,
        0.52692586,
        0.5238898,
        0.5235605
      ],
      "num_hits": 10
    }
  },
  "query_3": {
    "doc_ids": [
      "arxiv:2001.08361",
      "arxiv:2303.18223",
      "arxiv:2302.13971",
      "arxiv:333078981_693988129081760_4712707815225756708_n",
      "arxiv:10000000_662098952474184_2584067087619170692_n",
      "arxiv:2203.15556",
      "arxiv:2303.18223",
      "arxiv:2001.08361",
      "arxiv:2203.15556",
      "arxiv:2203.15556"
    ],
    "query_time": 0.022564172744750977,
    "metadata": {
      "scores": [
        0.71224856,
        0.6999988,
        0.6884725,
        0.6878826,
        0.67381096,
        0.67001617,
        0.66552645,
        0.6493593,
        0.6367841,
        0.6258284
      ],
      "num_hits": 10
    }
  },
  "query_4": {
    "doc_ids": [
      "arxiv:2303.18223",
      "arxiv:2303.18223",
      "arxiv:2303.18223",
      "arxiv:2303.18223",
      "arxiv:2303.18223",
      "arxiv:2303.18223",
      "arxiv:2307.10169",
      "arxiv:2303.18223",
      "arxiv:2501.19393",
      "arxiv:2412.19437"
    ],
    "query_time": 0.046914100646972656,
    "metadata": {
      "scores": [
        0.69809574,
        0.69133306,
        0.6528478,
        0.60270375,
        0.5948928,
        0.59045935,
        0.58076537,
        0.57890266,
        0.558522,
        0.55616
      ],
      "num_hits": 10
    }
  },
  "query_5": {
    "doc_ids": [
      "arxiv:2305.18290",
      "arxiv:2510.13794",
      "arxiv:2307.10169",
      "arxiv:2203.02155",
      "arxiv:2303.18223",
      "arxiv:10000000_662098952474184_2584067087619170692_n",
      "arxiv:2308.10792",
      "arxiv:2303.18223",
      "arxiv:2305.18290",
      "arxiv:2304.00612"
    ],
    "query_time": 0.03638410568237305,
    "metadata": {
      "scores": [
        0.54157865,
        0.5328868,
        0.5192796,
        0.51899755,
        0.51762444,
        0.50931734,
        0.49857923,
        0.49720544,
        0.49513203,
        0.49480158
      ],
      "num_hits": 10
    }
  },
  "query_6": {
    "doc_ids": [
      "arxiv:2211.05100",
      "arxiv:2211.09110",
      "arxiv:2203.15556",
      "arxiv:1909.08053",
      "arxiv:2207.00112",
      "arxiv:2211.05100",
      "arxiv:palm2techreport",
      "arxiv:2203.15556",
      "arxiv:2204.02311",
      "arxiv:2203.15556"
    ],
    "query_time": 0.016164302825927734,
    "metadata": {
      "scores": [
        0.6309767,
        0.61804175,
        0.603818,
        0.5937302,
        0.5896987,
        0.5885708,
        0.58578,
        0.5842801,
        0.57845515,
        0.5775151
      ],
      "num_hits": 10
    }
  },
  "query_7": {
    "doc_ids": [
      "arxiv:2312.00752",
      "arxiv:2307.03172",
      "arxiv:2307.03172",
      "arxiv:1901.02860",
      "arxiv:2303.18223",
      "arxiv:2305.13048",
      "arxiv:2307.03172",
      "arxiv:1901.02860",
      "arxiv:2307.03172",
      "arxiv:2307.10169"
    ],
    "query_time": 0.01846599578857422,
    "metadata": {
      "scores": [
        0.5598581,
        0.5504019,
        0.54930997,
        0.5473689,
        0.54519343,
        0.5414482,
        0.5087961,
        0.50076807,
        0.50006425,
        0.49874324
      ],
      "num_hits": 10
    }
  },
  "query_8": {
    "doc_ids": [
      "arxiv:2303.18223",
      "arxiv:2310.20707",
      "arxiv:2303.18223",
      "arxiv:2005.14165",
      "arxiv:palm2techreport",
      "arxiv:2310.20707",
      "arxiv:2310.20707",
      "arxiv:2303.18223",
      "arxiv:333078981_693988129081760_4712707815225756708_n",
      "arxiv:2304.01373"
    ],
    "query_time": 0.007892370223999023,
    "metadata": {
      "scores": [
        0.6276337,
        0.62101185,
        0.5722754,
        0.5673304,
        0.5571787,
        0.5530076,
        0.5510191,
        0.5504688,
        0.54794645,
        0.5459789
      ],
      "num_hits": 10
    }
  },
  "query_9": {
    "doc_ids": [
      "arxiv:2203.02155",
      "arxiv:10000000_662098952474184_2584067087619170692_n",
      "arxiv:2304.01373",
      "arxiv:2211.05100",
      "arxiv:2211.05100",
      "arxiv:2304.00612",
      "arxiv:2304.00612",
      "arxiv:2211.09110",
      "arxiv:2304.01373",
      "arxiv:2009.06489"
    ],
    "query_time": 0.009414196014404297,
    "metadata": {
      "scores": [
        0.5074836,
        0.48764014,
        0.4649021,
        0.46481392,
        0.443695,
        0.43823314,
        0.4359443,
        0.433374,
        0.43296665,
        0.40366417
      ],
      "num_hits": 10
    }
  },
  "query_10": {
    "doc_ids": [
      "arxiv:2203.02155",
      "arxiv:2203.02155",
      "arxiv:2203.02155",
      "arxiv:2303.18223",
      "arxiv:2307.10169",
      "arxiv:1901.02860",
      "arxiv:2203.02155",
      "arxiv:2305.03047",
      "arxiv:2303.18223",
      "arxiv:2510.13108"
    ],
    "query_time": 0.007616996765136719,
    "metadata": {
      "scores": [
        0.56727606,
        0.55413353,
        0.5158106,
        0.476847,
        0.46607602,
        0.45935488,
        0.45603597,
        0.44628567,
        0.44052553,
        0.43798864
      ],
      "num_hits": 10
    }
  }
}