{
  "query_1": {
    "doc_ids": [
      "arxiv:2307.10169#methods:part-6",
      "arxiv:2307.10169#methods:part-4",
      "arxiv:2307.10169#methods:part-3",
      "arxiv:2303.18223#result:part-15",
      "arxiv:2307.10169#methods:part-5",
      "arxiv:2303.18223#model:part-29",
      "arxiv:2303.18223#result:part-5",
      "arxiv:2307.10169#methods:part-67",
      "arxiv:2303.18223#result:part-4",
      "arxiv:2306.14048#introduction:part-8"
    ],
    "query_time": 0.49914026260375977,
    "metadata": {
      "scores": [
        0.5447079,
        0.5130952,
        0.48997954,
        0.448065,
        0.4473474,
        0.4423465,
        0.38377255,
        0.3477264,
        0.32418346,
        0.32222086
      ],
      "num_hits": 10
    }
  },
  "query_2": {
    "doc_ids": [
      "arxiv:2106.09685#introduction:part-7",
      "arxiv:2304.01933#method:part-7",
      "arxiv:2308.10792#model:part-13",
      "arxiv:2306.09782#introduction:part-1",
      "arxiv:2412.10543#introduction:part-5",
      "arxiv:2306.09782#introduction:part-2",
      "arxiv:2306.09782#experiment:part-1",
      "arxiv:2001.08361#related-work:part-15",
      "arxiv:2306.09782#method:part-1",
      "arxiv:2101.03961#introduction:part-1"
    ],
    "query_time": 0.147413969039917,
    "metadata": {
      "scores": [
        0.5584151,
        0.55104566,
        0.5438615,
        0.5357233,
        0.5332629,
        0.52449757,
        0.5235605,
        0.5213887,
        0.5170572,
        0.5167752
      ],
      "num_hits": 10
    }
  },
  "query_3": {
    "doc_ids": [
      "arxiv:2302.13971#related-work:part-2",
      "arxiv:2302.13971#introduction:part-1",
      "arxiv:333078981_693988129081760_4712707815225756708_n#introduction:part-1",
      "arxiv:333078981_693988129081760_4712707815225756708_n#related-work:part-2",
      "arxiv:2307.09288#related-work:part-1",
      "arxiv:10000000_662098952474184_2584067087619170692_n#related-work:part-1",
      "arxiv:2001.08361#abstract",
      "arxiv:2001.08361#model:part-7",
      "arxiv:2303.18223#introduction:part-12",
      "arxiv:2303.18223#introduction:part-9"
    ],
    "query_time": 0.02929377555847168,
    "metadata": {
      "scores": [
        0.69683045,
        0.6884725,
        0.6878826,
        0.6794228,
        0.67381096,
        0.67381096,
        0.6493593,
        0.644896,
        0.6408942,
        0.6408589
      ],
      "num_hits": 10
    }
  },
  "query_4": {
    "doc_ids": [
      "arxiv:2303.18223#result:part-28",
      "arxiv:2303.18223#result:part-19",
      "arxiv:2303.18223#result:part-27",
      "arxiv:2303.18223#result:part-26",
      "arxiv:2307.10169#methods:part-11",
      "arxiv:2307.10169#methods:part-57",
      "arxiv:2303.18223#result:part-21",
      "arxiv:2303.18223#introduction:part-8",
      "arxiv:2307.10169#methods:part-56",
      "arxiv:2305.14314#evaluation:part-1"
    ],
    "query_time": 0.011301279067993164,
    "metadata": {
      "scores": [
        0.6725225,
        0.62388897,
        0.61843264,
        0.61024344,
        0.5936734,
        0.57004297,
        0.5638163,
        0.5619629,
        0.5617122,
        0.55027187
      ],
      "num_hits": 10
    }
  },
  "query_5": {
    "doc_ids": [
      "arxiv:2510.13794#background:part-1",
      "arxiv:2307.09288#model:part-13",
      "arxiv:10000000_662098952474184_2584067087619170692_n#model:part-13",
      "arxiv:2203.02155#related-work:part-1",
      "arxiv:2305.14314#related-work:part-2",
      "arxiv:2203.02155#model:part-14",
      "arxiv:2510.13358#related-work:part-3",
      "arxiv:2304.00612#introduction:part-9",
      "arxiv:2305.18290#related-work:part-4",
      "arxiv:2510.13367#abstract"
    ],
    "query_time": 0.050415992736816406,
    "metadata": {
      "scores": [
        0.5328868,
        0.5214272,
        0.5214272,
        0.51899755,
        0.511114,
        0.502758,
        0.492221,
        0.48727462,
        0.48129904,
        0.48110765
      ],
      "num_hits": 10
    }
  },
  "query_6": {
    "doc_ids": [
      "arxiv:2307.10169#conclusion",
      "arxiv:2211.09110#model:part-8",
      "arxiv:2207.00112#introduction:part-1",
      "arxiv:palm2techreport#introduction:part-1",
      "arxiv:2203.15556#model:part-1",
      "arxiv:2304.01373#abstract:part-2",
      "arxiv:palm2techreport#introduction:part-2",
      "arxiv:2204.02311#introduction:part-5",
      "arxiv:2211.05100#evaluation:part-6",
      "arxiv:1909.08053#abstract:part-5"
    ],
    "query_time": 0.010167837142944336,
    "metadata": {
      "scores": [
        0.7156366,
        0.6486933,
        0.5896987,
        0.58578,
        0.5775151,
        0.57513773,
        0.5730182,
        0.57233816,
        0.57225585,
        0.561527
      ],
      "num_hits": 10
    }
  },
  "query_7": {
    "doc_ids": [
      "arxiv:2312.00752#introduction:part-1",
      "arxiv:2303.18223#method:part-8",
      "arxiv:2307.03172#introduction:part-2",
      "arxiv:2307.10169#introduction:part-30",
      "arxiv:1901.02860#model:part-2",
      "arxiv:2001.08361#related-work:part-12",
      "arxiv:2303.18223#model:part-25",
      "arxiv:1901.02860#related-work",
      "arxiv:2307.10169#introduction:part-35",
      "arxiv:2303.18223#method:part-10"
    ],
    "query_time": 0.010775089263916016,
    "metadata": {
      "scores": [
        0.5598581,
        0.55801845,
        0.5504019,
        0.5214592,
        0.5150876,
        0.5078948,
        0.5031983,
        0.50076807,
        0.4991266,
        0.4980782
      ],
      "num_hits": 10
    }
  },
  "query_8": {
    "doc_ids": [
      "arxiv:2303.18223#model:part-26",
      "arxiv:20-074#abstract:part-43",
      "arxiv:2310.20707#model:part-13",
      "arxiv:2310.20707#introduction:part-3",
      "arxiv:2303.18223#model:part-17",
      "arxiv:2005.14165#results:part-37",
      "arxiv:2211.09110#model:part-51",
      "arxiv:palm2techreport#evaluation:part-19",
      "arxiv:palm2techreport#introduction:part-3",
      "arxiv:10000000_662098952474184_2584067087619170692_n#model:part-28"
    ],
    "query_time": 0.00931406021118164,
    "metadata": {
      "scores": [
        0.57050955,
        0.5507511,
        0.54650855,
        0.5455641,
        0.54159176,
        0.53638536,
        0.53572136,
        0.5225334,
        0.51961786,
        0.5178824
      ],
      "num_hits": 10
    }
  },
  "query_9": {
    "doc_ids": [
      "arxiv:10000000_662098952474184_2584067087619170692_n#related-work:part-1",
      "arxiv:2307.09288#related-work:part-1",
      "arxiv:2211.09110#introduction:part-12",
      "arxiv:10000000_662098952474184_2584067087619170692_n#conclusion",
      "arxiv:2307.09288#conclusion",
      "arxiv:2304.00612#introduction:part-20",
      "arxiv:2301.13688#methods:part-3",
      "arxiv:2211.09110#introduction:part-17",
      "arxiv:2304.00612#abstract",
      "arxiv:2211.05100#evaluation:part-5"
    ],
    "query_time": 0.012841939926147461,
    "metadata": {
      "scores": [
        0.48764014,
        0.48764014,
        0.4600456,
        0.45026493,
        0.45026493,
        0.44931704,
        0.44174486,
        0.43856627,
        0.43823314,
        0.4221484
      ],
      "num_hits": 10
    }
  },
  "query_10": {
    "doc_ids": [
      "arxiv:2307.10169#methods:part-10",
      "arxiv:2203.02155#model:part-8",
      "arxiv:2203.02155#model:part-9",
      "arxiv:2305.03047#model:part-3",
      "arxiv:2305.03047#introduction:part-4",
      "arxiv:2303.18223#model:part-7",
      "arxiv:2203.02155#model:part-4",
      "arxiv:2203.02155#model:part-14",
      "arxiv:2303.18223#model:part-49",
      "arxiv:2305.03047#evaluation"
    ],
    "query_time": 0.02298593521118164,
    "metadata": {
      "scores": [
        0.6069608,
        0.59575665,
        0.5726921,
        0.5387726,
        0.5197471,
        0.5116853,
        0.50381404,
        0.47108883,
        0.4586761,
        0.44628567
      ],
      "num_hits": 10
    }
  }
}