{
  "query_1": {
    "doc_ids": [
      "arxiv:2307.10169#methods:part-3",
      "arxiv:2303.18223#result:part-11",
      "arxiv:2307.10169#methods:part-5",
      "arxiv:2303.18223#model:part-21",
      "arxiv:2307.10169#methods:part-2",
      "arxiv:2303.18223#result:part-10",
      "arxiv:2307.10169#methods:part-39",
      "arxiv:2307.10169#methods:part-4",
      "arxiv:2307.10169#introduction:part-12",
      "arxiv:2303.18223#result:part-3",
      "arxiv:2009.06489#introduction:part-11",
      "arxiv:2303.18223#result:part-4",
      "arxiv:2309.06180#background:part-4",
      "arxiv:2309.06180#method:part-3",
      "arxiv:2309.06180#method:part-5",
      "arxiv:2510.13367#introduction:part-3",
      "arxiv:2306.14048#introduction:part-2",
      "arxiv:2309.06180#method:part-2",
      "arxiv:2307.10169#methods:part-43",
      "arxiv:2303.18223#model:part-35"
    ],
    "metadata": {
      "scores": [
        0.5410124,
        0.4831934,
        0.42820287,
        0.4223412,
        0.4124989,
        0.35123843,
        0.33733708,
        0.33558333,
        0.33507875,
        0.32723898,
        0.30982104,
        0.30742437,
        0.30528176,
        0.29309785,
        0.29247397,
        0.29036194,
        0.28426787,
        0.28407693,
        0.28192723,
        0.28075004
      ]
    },
    "query_time": 0.7202379703521729
  },
  "query_2": {
    "doc_ids": [
      "arxiv:2106.09685#method:part-7",
      "arxiv:2306.09782#introduction:part-1",
      "arxiv:2304.01933#method:part-6",
      "arxiv:2412.10543#introduction:part-2",
      "arxiv:20-074#abstract:part-35",
      "arxiv:2106.09685#introduction:part-10",
      "arxiv:2306.09782#experiment:part-1",
      "arxiv:2307.10169#introduction:part-15",
      "arxiv:2306.09782#method:part-1",
      "arxiv:2101.03961#introduction:part-1",
      "arxiv:2001.08361#related-work:part-11",
      "arxiv:2301.13688#related-work:part-2",
      "arxiv:2312.09993#introduction:part-11",
      "arxiv:2210.07558#introduction:part-1",
      "arxiv:2308.10792#model:part-10",
      "arxiv:2308.10792#model:part-13",
      "arxiv:2412.10543#method:part-4",
      "arxiv:2306.09782#method:part-2",
      "arxiv:2301.13688#methods:part-3",
      "arxiv:2106.09685#introduction:part-2"
    ],
    "metadata": {
      "scores": [
        0.56739783,
        0.5357232,
        0.5348813,
        0.5338297,
        0.5269258,
        0.5238897,
        0.52356046,
        0.5203522,
        0.51705706,
        0.51677513,
        0.50919724,
        0.5066073,
        0.5060753,
        0.498883,
        0.4910104,
        0.4898302,
        0.48788217,
        0.48255765,
        0.48230496,
        0.48028883
      ]
    },
    "query_time": 0.057695865631103516
  },
  "query_3": {
    "doc_ids": [
      "arxiv:2001.08361#model:part-2",
      "arxiv:2303.18223#introduction:part-7",
      "arxiv:2302.13971#introduction:part-1",
      "arxiv:333078981_693988129081760_4712707815225756708_n#introduction:part-1",
      "arxiv:10000000_662098952474184_2584067087619170692_n#related-work:part-1",
      "arxiv:2307.09288#related-work:part-1",
      "arxiv:2203.15556#model:part-3",
      "arxiv:2001.08361#abstract",
      "arxiv:2203.15556#model:part-2",
      "arxiv:2307.10169#conclusion",
      "arxiv:2303.18223#introduction:part-8",
      "arxiv:2204.06745#introduction:part-1",
      "arxiv:2001.08361#results:part-7",
      "arxiv:2001.08361#related-work:part-2",
      "arxiv:333078981_693988129081760_4712707815225756708_n#related-work:part-2",
      "arxiv:2303.18223#introduction:part-9",
      "arxiv:1910.01108#introduction:part-1",
      "arxiv:2306.11695#introduction:part-1",
      "arxiv:2204.02311#related-work:part-2",
      "arxiv:2203.15556#model:part-1"
    ],
    "metadata": {
      "scores": [
        0.71224856,
        0.6999988,
        0.6884725,
        0.6878826,
        0.67381096,
        0.67381096,
        0.67001617,
        0.6493593,
        0.6258284,
        0.6199197,
        0.61928505,
        0.6191927,
        0.615829,
        0.60840404,
        0.6055071,
        0.6044551,
        0.59767663,
        0.597551,
        0.5924666,
        0.59002066
      ]
    },
    "query_time": 0.058995962142944336
  },
  "query_4": {
    "doc_ids": [
      "arxiv:2303.18223#result:part-20",
      "arxiv:2303.18223#result:part-14",
      "arxiv:2303.18223#result:part-18",
      "arxiv:2303.18223#introduction:part-6",
      "arxiv:333078981_693988129081760_4712707815225756708_n#approach:part-6",
      "arxiv:2303.18223#result:part-19",
      "arxiv:2305.14314#evaluation:part-1",
      "arxiv:2302.13971#approach:part-6",
      "arxiv:2304.00612#introduction:part-9",
      "arxiv:2303.18223#result:part-9",
      "arxiv:2303.18223#result:part-13",
      "arxiv:2412.19437#model",
      "arxiv:2501.19393#evaluation:part-1",
      "arxiv:palm2techreport#evaluation:part-7",
      "arxiv:2307.10169#methods:part-15",
      "arxiv:2307.10169#methods:part-41",
      "arxiv:2401.04088#results",
      "arxiv:2310.06825#results",
      "arxiv:2303.18223#model:part-39",
      "arxiv:2303.18223#model:part-28"
    ],
    "metadata": {
      "scores": [
        0.69133306,
        0.60270375,
        0.5948928,
        0.59045935,
        0.5544716,
        0.55077267,
        0.55027187,
        0.5472095,
        0.5463929,
        0.54589885,
        0.545563,
        0.5443043,
        0.5412934,
        0.5382583,
        0.5287875,
        0.5238121,
        0.5228506,
        0.5158947,
        0.513119,
        0.51042795
      ]
    },
    "query_time": 0.022787094116210938
  },
  "query_5": {
    "doc_ids": [
      "arxiv:2305.18290#related-work:part-2",
      "arxiv:2510.13794#background:part-1",
      "arxiv:2307.10169#methods:part-7",
      "arxiv:2203.02155#related-work:part-1",
      "arxiv:2303.18223#model:part-5",
      "arxiv:2307.09288#model:part-15",
      "arxiv:10000000_662098952474184_2584067087619170692_n#model:part-15",
      "arxiv:2303.18223#result:part-10",
      "arxiv:2305.18290#related-work:part-7",
      "arxiv:2304.00612#introduction:part-7",
      "arxiv:2510.13367#abstract",
      "arxiv:2305.03047#introduction:part-4",
      "arxiv:2510.13626#related-work",
      "arxiv:2510.13704#introduction:part-1",
      "arxiv:2510.13794#model:part-1",
      "arxiv:2510.13149#evaluation:part-3",
      "arxiv:2305.18290#abstract",
      "arxiv:2305.18290#related-work:part-3",
      "arxiv:2510.13794#background:part-2",
      "arxiv:2510.13358#conclusion"
    ],
    "metadata": {
      "scores": [
        0.54157865,
        0.5328868,
        0.5192796,
        0.51899755,
        0.51762444,
        0.50931734,
        0.50931734,
        0.49720544,
        0.49184775,
        0.48961115,
        0.48110765,
        0.47994897,
        0.47885683,
        0.47374225,
        0.47325897,
        0.47281468,
        0.47270155,
        0.47234577,
        0.46795264,
        0.46550915
      ]
    },
    "query_time": 0.05956101417541504
  },
  "query_6": {
    "doc_ids": [
      "arxiv:2307.10169#conclusion",
      "arxiv:2211.05100#abstract:part-2",
      "arxiv:2211.05100#model:part-5",
      "arxiv:2211.09110#model:part-6",
      "arxiv:2207.00112#introduction:part-1",
      "arxiv:palm2techreport#introduction:part-1",
      "arxiv:2204.02311#introduction:part-4",
      "arxiv:2203.15556#model:part-1",
      "arxiv:2001.08361#model:part-2",
      "arxiv:palm2techreport#evaluation:part-12",
      "arxiv:20-074#model:part-4",
      "arxiv:2305.07185#model:part-8",
      "arxiv:1910.01108#introduction:part-1",
      "arxiv:2211.05100#model:part-4",
      "arxiv:2211.05100#model:part-10",
      "arxiv:2211.09110#abstract",
      "arxiv:2303.18223#introduction:part-1",
      "arxiv:2308.10792#introduction:part-1",
      "arxiv:2211.05100#model:part-11",
      "arxiv:2302.14045#abstract:part-6"
    ],