{
  "query_1": {
    "doc_ids": [
      "blog:www.databricks.com",
      "blog:www.databricks.com",
      "arxiv:2412.10543",
      "arxiv:2412.10543",
      "blog:www.databricks.com",
      "blog:news.microsoft.com",
      "arxiv:2412.10543",
      "arxiv:2412.10543",
      "blog:www.databricks.com",
      "blog:news.microsoft.com"
    ],
    "query_time": 0.0663750171661377,
    "metadata": {
      "scores": [
        0.29762352,
        0.29762352,
        0.26916787,
        0.26916787,
        0.26212364,
        0.24468595,
        0.233757,
        0.22915973,
        0.22834289,
        0.22464421
      ],
      "num_hits": 10
    }
  },
  "query_2": {
    "doc_ids": [
      "arxiv:2412.10543",
      "arxiv:2412.10543",
      "arxiv:2412.10543",
      "blog:hazyresearch.stanford.edu",
      "blog:hazyresearch.stanford.edu",
      "arxiv:2412.10543",
      "arxiv:2412.10543",
      "arxiv:2412.10543",
      "arxiv:2412.10543",
      "arxiv:2412.10543"
    ],
    "query_time": 0.012479066848754883,
    "metadata": {
      "scores": [
        0.5338297,
        0.5338297,
        0.51503146,
        0.50347805,
        0.50347805,
        0.49510598,
        0.4878822,
        0.4878822,
        0.46621853,
        0.46621853
      ],
      "num_hits": 10
    }
  },
  "query_3": {
    "doc_ids": [
      "arxiv:2503.01840",
      "arxiv:2503.01840",
      "blog:www.amazon.science",
      "blog:www.databricks.com",
      "arxiv:2503.01840",
      "blog:www.databricks.com",
      "blog:www.databricks.com",
      "arxiv:2404.10630",
      "arxiv:2503.01840",
      "arxiv:2503.01840"
    ],
    "query_time": 0.013783931732177734,
    "metadata": {
      "scores": [
        0.5281773,
        0.5281773,
        0.46527508,
        0.45819277,
        0.4443095,
        0.43639088,
        0.43639088,
        0.42939982,
        0.42113763,
        0.42113763
      ],
      "num_hits": 10
    }
  },
  "query_4": {
    "doc_ids": [
      "blog:www.databricks.com",
      "arxiv:2404.10630",
      "arxiv:2412.10543",
      "arxiv:2404.10630",
      "arxiv:2404.10630",
      "arxiv:2404.10630",
      "arxiv:2412.10543",
      "arxiv:2404.10630",
      "arxiv:2503.01840",
      "arxiv:2503.01840"
    ],
    "query_time": 0.005457162857055664,
    "metadata": {
      "scores": [
        0.51127493,
        0.46092558,
        0.44762042,
        0.441965,
        0.441965,
        0.44073045,
        0.44028628,
        0.42572016,
        0.4194571,
        0.4194571
      ],
      "num_hits": 10
    }
  },
  "query_5": {
    "doc_ids": [
      "blog:medium.com",
      "blog:medium.com",
      "blog:medium.com",
      "blog:medium.com",
      "blog:medium.com",
      "blog:medium.com",
      "blog:medium.com",
      "blog:medium.com",
      "blog:medium.com",
      "blog:medium.com"
    ],
    "query_time": 0.012153148651123047,
    "metadata": {
      "scores": [
        0.41070694,
        0.3978459,
        0.3772481,
        0.36617714,
        0.36617714,
        0.35075247,
        0.35075247,
        0.34253162,
        0.33808485,
        0.33745414
      ],
      "num_hits": 10
    }
  },
  "query_6": {
    "doc_ids": [
      "blog:www.databricks.com",
      "blog:www.databricks.com",
      "blog:www.amazon.science",
      "arxiv:2404.10630",
      "arxiv:2503.01840",
      "arxiv:2503.01840",
      "arxiv:2503.01840",
      "arxiv:2404.10630",
      "arxiv:2412.10543",
      "arxiv:2412.10543"
    ],
    "query_time": 0.007647037506103516,
    "metadata": {
      "scores": [
        0.4346053,
        0.4346053,
        0.4181012,
        0.41353497,
        0.4010316,
        0.3969284,
        0.3969284,
        0.38068557,
        0.37095603,
        0.37095603
      ],
      "num_hits": 10
    }
  },
  "query_7": {
    "doc_ids": [
      "arxiv:2412.10543",
      "arxiv:2412.10543",
      "blog:www.databricks.com",
      "arxiv:2412.10543",
      "arxiv:2412.10543",
      "arxiv:2412.10543",
      "arxiv:2412.10543",
      "arxiv:2412.10543",
      "arxiv:2412.10543",
      "blog:hazyresearch.stanford.edu"
    ],
    "query_time": 0.009244918823242188,
    "metadata": {
      "scores": [
        0.39258504,
        0.39258504,
        0.3820873,
        0.3815238,
        0.3815238,
        0.3800707,
        0.3800707,
        0.37776512,
        0.37776512,
        0.37529048
      ],
      "num_hits": 10
    }
  },
  "query_8": {
    "doc_ids": [
      "arxiv:2404.10630",
      "arxiv:2404.10630",
      "blog:www.databricks.com",
      "blog:www.databricks.com",
      "arxiv:2412.10543",
      "arxiv:2412.10543",
      "arxiv:2412.10543",
      "arxiv:2503.01840",
      "blog:medium.com",
      "blog:medium.com"
    ],
    "query_time": 0.004991054534912109,
    "metadata": {
      "scores": [
        0.39830202,
        0.35290086,
        0.34662467,
        0.34662467,
        0.31609955,
        0.31609955,
        0.3147706,
        0.310716,
        0.30506733,
        0.30506733
      ],
      "num_hits": 10
    }
  },
  "query_9": {
    "doc_ids": [
      "blog:www.databricks.com",
      "arxiv:2404.10630",
      "blog:news.microsoft.com",
      "arxiv:2404.10630",
      "blog:news.microsoft.com",
      "blog:news.microsoft.com",
      "arxiv:2503.01840",
      "arxiv:2503.01840",
      "blog:news.microsoft.com",
      "blog:news.microsoft.com"
    ],
    "query_time": 0.009623050689697266,
    "metadata": {
      "scores": [
        0.3170222,
        0.31096178,
        0.27569187,
        0.27306035,
        0.27138907,
        0.27138907,
        0.26649427,
        0.26649427,
        0.2571805,
        0.2571805
      ],
      "num_hits": 10
    }
  },
  "query_10": {
    "doc_ids": [
      "arxiv:2412.10543",
      "arxiv:2503.01840",
      "arxiv:2503.01840",
      "arxiv:2404.10630",
      "blog:www.databricks.com",
      "blog:www.databricks.com",
      "arxiv:2412.10543",
      "arxiv:2412.10543",
      "arxiv:2412.10543",
      "arxiv:2412.10543"
    ],
    "query_time": 0.006260395050048828,
    "metadata": {
      "scores": [
        0.35321558,
        0.30881277,
        0.30881277,
        0.3068392,
        0.3021018,
        0.3021018,
        0.30198154,
        0.2972016,
        0.2947465,
        0.280197
      ],
      "num_hits": 10
    }
  }
}