{
  "system_metrics": {
    "baseline": {
      "precision@10": 0.44952380952380955,
      "hit_rate@5": 1.0,
      "hit_rate@3": 0.9,
      "precision@1": 0.7,
      "hit_rate@10": 1.0,
      "mrr": 0.825,
      "recall@5": 0.7321428571428571,
      "ndcg@3": 0.6350499802054138,
      "grounding_accuracy": 1.0,
      "recall@3": 0.5345238095238095,
      "recall@10": 0.7607142857142857,
      "hit_rate@1": 0.7,
      "ndcg@5": 0.7237737640164681,
      "ndcg@10": 0.7321099877019595,
      "precision@3": 0.6333333333333333,
      "citation_accuracy": 0.44952380952380955,
      "recall@1": 0.20595238095238094,
      "ndcg@1": 0.7,
      "precision@5": 0.54,
      "retrieval_latency": 0.005976390838623047,
      "average_response_time": 0.005976390838623047,
      "queries_per_second": 167.32506741985415
    },
    "chunk_250_ov20": {
      "precision@10": 0.3825,
      "hit_rate@5": 0.9,
      "hit_rate@3": 0.9,
      "precision@1": 0.6,
      "hit_rate@10": 0.9,
      "mrr": 0.75,
      "recall@5": 0.4738095238095238,
      "ndcg@3": 0.5025217950260285,
      "grounding_accuracy": 1.0,
      "recall@3": 0.44523809523809527,
      "recall@10": 0.5214285714285715,
      "hit_rate@1": 0.6,
      "ndcg@5": 0.5144065331195249,
      "ndcg@10": 0.5384335246669562,
      "precision@3": 0.5,
      "citation_accuracy": 0.3825,
      "recall@1": 0.18928571428571428,
      "ndcg@1": 0.55,
      "precision@5": 0.4,
      "retrieval_latency": 0.07403509616851807,
      "average_response_time": 0.07403509616851807,
      "queries_per_second": 13.507107463247003
    }
  },
  "best_systems": {
    "precision@10": {
      "system": "baseline",
      "score": 0.44952380952380955
    },
    "hit_rate@5": {
      "system": "baseline",
      "score": 1.0
    },
    "hit_rate@3": {
      "system": "baseline",
      "score": 0.9
    },
    "precision@1": {
      "system": "baseline",
      "score": 0.7
    },
    "hit_rate@10": {
      "system": "baseline",
      "score": 1.0
    },
    "mrr": {
      "system": "baseline",
      "score": 0.825
    },
    "recall@5": {
      "system": "baseline",
      "score": 0.7321428571428571
    },
    "ndcg@3": {
      "system": "baseline",
      "score": 0.6350499802054138
    },
    "grounding_accuracy": {
      "system": "baseline",
      "score": 1.0
    },
    "recall@3": {
      "system": "baseline",
      "score": 0.5345238095238095
    },
    "recall@10": {
      "system": "baseline",
      "score": 0.7607142857142857
    },
    "hit_rate@1": {
      "system": "baseline",
      "score": 0.7
    },
    "ndcg@5": {
      "system": "baseline",
      "score": 0.7237737640164681
    },
    "ndcg@10": {
      "system": "baseline",
      "score": 0.7321099877019595
    },
    "precision@3": {
      "system": "baseline",
      "score": 0.6333333333333333
    },
    "citation_accuracy": {
      "system": "baseline",
      "score": 0.44952380952380955
    },
    "recall@1": {
      "system": "baseline",
      "score": 0.20595238095238094
    },
    "ndcg@1": {
      "system": "baseline",
      "score": 0.7
    },
    "precision@5": {
      "system": "baseline",
      "score": 0.54
    },
    "retrieval_latency": {
      "system": "chunk_250_ov20",
      "score": 0.07403509616851807
    },
    "average_response_time": {
      "system": "chunk_250_ov20",
      "score": 0.07403509616851807
    },
    "queries_per_second": {
      "system": "baseline",
      "score": 167.32506741985415
    }
  }
}