{
  "query_1": {
    "doc_ids": [
      "arxiv:2307.10169#methods:part-8",
      "arxiv:2303.18223#result:part-20",
      "arxiv:2307.10169#methods:part-4",
      "arxiv:2307.10169#methods:part-3",
      "arxiv:2307.10169#methods:part-5",
      "arxiv:2307.10169#methods:part-7",
      "arxiv:2303.18223#result:part-18",
      "arxiv:2303.18223#model:part-65",
      "arxiv:2307.10169#methods:part-6",
      "arxiv:2303.18223#model:part-60"
    ],
    "query_time": 0.3333759307861328,
    "metadata": {
      "scores": [
        0.5861728,
        0.49519908,
        0.49068198,
        0.46413273,
        0.45818585,
        0.44520167,
        0.4323104,
        0.41867727,
        0.41145945,
        0.37626088
      ],
      "num_hits": 10
    }
  },
  "query_2": {
    "doc_ids": [
      "arxiv:2106.09685#introduction:part-7",
      "arxiv:2301.13688#related-work:part-3",
      "arxiv:2106.09685#introduction:part-9",
      "arxiv:2306.09782#introduction:part-1",
      "arxiv:2308.10792#model:part-17",
      "arxiv:2308.10792#model:part-20",
      "arxiv:2306.09782#experiment:part-1",
      "arxiv:2002.05202#introduction:part-5",
      "arxiv:2210.07558#experiments:part-2",
      "arxiv:2106.09685#method:part-12"
    ],
    "query_time": 0.042510986328125,
    "metadata": {
      "scores": [
        0.57976216,
        0.5696137,
        0.5451646,
        0.5357233,
        0.52737993,
        0.52670586,
        0.5235605,
        0.5201064,
        0.51786983,
        0.51728815
      ],
      "num_hits": 10
    }
  },
  "query_3": {
    "doc_ids": [
      "arxiv:2303.18223#introduction:part-12",
      "arxiv:2005.14165#related-work:part-2",
      "arxiv:2302.13971#introduction:part-1",
      "arxiv:333078981_693988129081760_4712707815225756708_n#introduction:part-1",
      "arxiv:2307.09288#related-work:part-1",
      "arxiv:10000000_662098952474184_2584067087619170692_n#related-work:part-1",
      "arxiv:2302.13971#related-work:part-2",
      "arxiv:2001.08361#model:part-9",
      "arxiv:2303.18223#introduction:part-13",
      "arxiv:2305.13048#background:part-10"
    ],
    "query_time": 0.0937960147857666,
    "metadata": {
      "scores": [
        0.72915727,
        0.7106247,
        0.6884725,
        0.6878826,
        0.67381096,
        0.67381096,
        0.6719768,
        0.65716076,
        0.6549393,
        0.6497756
      ],
      "num_hits": 10
    }
  },
  "query_4": {
    "doc_ids": [
      "arxiv:2303.18223#result:part-37",
      "arxiv:2303.18223#result:part-34",
      "arxiv:2307.10169#methods:part-26",
      "arxiv:2307.10169#methods:part-75",
      "arxiv:2303.18223#result:part-36",
      "arxiv:palm2techreport#evaluation:part-12",
      "arxiv:2307.10169#methods:part-77",
      "arxiv:2303.18223#result:part-35",
      "arxiv:2307.10169#methods:part-28",
      "arxiv:2404.10630#model:part-2"
    ],
    "query_time": 0.053369998931884766,
    "metadata": {
      "scores": [
        0.64115775,
        0.63124996,
        0.6289283,
        0.6270077,
        0.59627247,
        0.59427774,
        0.5891782,
        0.57643914,
        0.5675106,
        0.5667193
      ],
      "num_hits": 10
    }
  },
  "query_5": {
    "doc_ids": [
      "arxiv:2307.10169#methods:part-11",
      "arxiv:2305.18290#related-work:part-3",
      "arxiv:2307.09288#model:part-6",
      "arxiv:10000000_662098952474184_2584067087619170692_n#model:part-6",
      "arxiv:10000000_662098952474184_2584067087619170692_n#model:part-17",
      "arxiv:2307.09288#model:part-17",
      "arxiv:2510.13794#background:part-1",
      "arxiv:2307.09288#model:part-21",
      "arxiv:10000000_662098952474184_2584067087619170692_n#model:part-21",
      "arxiv:2203.02155#related-work:part-1"
    ],
    "query_time": 0.07474899291992188,
    "metadata": {
      "scores": [
        0.6429291,
        0.5632062,
        0.5441171,
        0.5441171,
        0.5371729,
        0.5371729,
        0.5328868,
        0.5221219,
        0.5221219,
        0.51899755
      ],
      "num_hits": 10
    }
  },
  "query_6": {
    "doc_ids": [
      "arxiv:2307.10169#conclusion",
      "arxiv:2211.05100#model:part-9",
      "arxiv:2303.18223#model:part-17",
      "arxiv:palm2techreport#introduction:part-2",
      "arxiv:2211.05100#abstract:part-3",
      "arxiv:2207.00112#introduction:part-1",
      "arxiv:palm2techreport#introduction:part-1",
      "arxiv:2211.05100#evaluation:part-21",
      "arxiv:2203.15556#method:part-6",
      "arxiv:2203.15556#model:part-1"
    ],
    "query_time": 0.04757094383239746,
    "metadata": {
      "scores": [
        0.7156366,
        0.62785965,
        0.622748,
        0.622201,
        0.6005182,
        0.5896987,
        0.58578,
        0.58266586,
        0.5824804,
        0.5775151
      ],
      "num_hits": 10
    }
  },
  "query_7": {
    "doc_ids": [
      "arxiv:2303.18223#method:part-11",
      "arxiv:2307.03172#introduction:part-2",
      "arxiv:2312.00752#introduction:part-1",
      "arxiv:2307.10169#introduction:part-40",
      "arxiv:1901.02860#model:part-2",
      "arxiv:1901.02860#related-work:part-1",
      "arxiv:2307.03172#related-work:part-1",
      "arxiv:2307.03172#abstract",
      "arxiv:2312.00752#conclusion",
      "arxiv:2312.00752#introduction:part-2"
    ],
    "query_time": 0.027883052825927734,
    "metadata": {
      "scores": [
        0.5752479,
        0.5700229,
        0.5598581,
        0.5432098,
        0.5137694,
        0.50076807,
        0.4961029,
        0.49580938,
        0.49276823,
        0.49015534
      ],
      "num_hits": 10
    }
  },
  "query_8": {
    "doc_ids": [
      "arxiv:2310.20707#introduction:part-3",
      "arxiv:2310.20707#introduction:part-6",
      "arxiv:2310.20707#model:part-22",
      "arxiv:2303.18223#model:part-27",
      "arxiv:2310.20707#model:part-17",
      "arxiv:palm2techreport#evaluation:part-25",
      "arxiv:2310.20707#model:part-3",
      "arxiv:2303.18223#model:part-34",
      "arxiv:333078981_693988129081760_4712707815225756708_n#approach:part-3",
      "arxiv:2303.18223#model:part-32"
    ],
    "query_time": 0.03624105453491211,
    "metadata": {
      "scores": [
        0.5812743,
        0.57560694,
        0.5734833,
        0.56642675,
        0.5649636,
        0.5628715,
        0.54423034,
        0.5435738,
        0.5143772,
        0.514293
      ],
      "num_hits": 10
    }
  },
  "query_9": {
    "doc_ids": [
      "arxiv:10000000_662098952474184_2584067087619170692_n#related-work:part-1",
      "arxiv:2307.09288#related-work:part-1",
      "arxiv:10000000_662098952474184_2584067087619170692_n#conclusion",
      "arxiv:2307.09288#conclusion",
      "arxiv:2304.00612#abstract",
      "arxiv:2307.09288#model:part-39",
      "arxiv:10000000_662098952474184_2584067087619170692_n#model:part-39",
      "arxiv:2204.06745#introduction:part-2",
      "arxiv:2204.06745#introduction:part-21",
      "arxiv:2211.09110#introduction:part-16"
    ],
    "query_time": 0.018331050872802734,
    "metadata": {
      "scores": [
        0.48764014,
        0.48764014,
        0.45026493,
        0.45026493,
        0.43823314,
        0.41513285,
        0.41513285,
        0.41434836,
        0.40760446,
        0.40665862
      ],
      "num_hits": 10
    }
  },
  "query_10": {
    "doc_ids": [
      "arxiv:2307.10169#methods:part-13",
      "arxiv:2203.02155#model:part-10",
      "arxiv:2305.03047#introduction:part-4",
      "arxiv:2307.09288#model:part-3",
      "arxiv:10000000_662098952474184_2584067087619170692_n#model:part-3",
      "arxiv:2203.02155#model:part-12",
      "arxiv:2305.03047#introduction:part-5",
      "arxiv:2203.02155#model:part-5",
      "arxiv:2303.18223#model:part-66",
      "arxiv:2203.02155#model:part-19"
    ],
    "query_time": 0.01252293586730957,