{
  "query_1": {
    "doc_ids": [
      "arxiv:2307.10169#methods:part-4",
      "arxiv:2307.10169#methods:part-3",
      "arxiv:2303.18223#result:part-11",
      "arxiv:2307.10169#methods:part-2",
      "arxiv:2307.10169#methods:part-5",
      "arxiv:2303.18223#model:part-21",
      "arxiv:2303.18223#result:part-10",
      "arxiv:2306.14048#introduction:part-8",
      "arxiv:2203.02155#model:part-3",
      "arxiv:2307.09288#model:part-6"
    ],
    "query_time": 0.5850179195404053,
    "metadata": {
      "scores": [
        0.56367296,
        0.5139116,
        0.49759582,
        0.4480646,
        0.4393258,
        0.40514976,
        0.37782675,
        0.3742765,
        0.3704607,
        0.36346453
      ]
    }
  },
  "query_2": {
    "doc_ids": [
      "arxiv:2412.10543#method:part-4",
      "arxiv:2106.09685#introduction:part-5",
      "arxiv:2412.10543#evaluation:part-4",
      "arxiv:2412.10543#introduction:part-8",
      "arxiv:2301.13688#related-work:part-2",
      "arxiv:2501.19393#abstract:part-7",
      "arxiv:2301.13688#model:part-6",
      "arxiv:2412.10543#introduction:part-3",
      "arxiv:2210.07558#model:part-2",
      "arxiv:20-074#abstract:part-14"
    ],
    "query_time": 0.12766480445861816,
    "metadata": {
      "scores": [
        0.5552783,
        0.53942686,
        0.5359434,
        0.5204935,
        0.51783544,
        0.51583827,
        0.5080346,
        0.5072238,
        0.5069505,
        0.48471534
      ]
    }
  },
  "query_3": {
    "doc_ids": [
      "arxiv:2204.06745#introduction:part-1",
      "arxiv:2307.10169#conclusion",
      "arxiv:2302.13971#introduction:part-1",
      "arxiv:2302.13971#related-work:part-2",
      "arxiv:2203.15556#model:part-1",
      "arxiv:333078981_693988129081760_4712707815225756708_n#introduction:part-1",
      "arxiv:2303.18223#model:part-3",
      "arxiv:333078981_693988129081760_4712707815225756708_n#related-work:part-2",
      "arxiv:2307.10169#abstract",
      "arxiv:2203.15556#approach:part-1"
    ],
    "query_time": 0.02572488784790039,
    "metadata": {
      "scores": [
        0.74183196,
        0.73479843,
        0.6868756,
        0.6802471,
        0.6759837,
        0.6734364,
        0.670987,
        0.6627122,
        0.65970564,
        0.6539437
      ]
    }
  },
  "query_4": {
    "doc_ids": [
      "arxiv:2303.18223#result:part-20",
      "arxiv:2303.18223#result:part-19",
      "arxiv:2307.10169#methods:part-41",
      "arxiv:2310.05492#experiments:part-2",
      "arxiv:2307.10169#methods:part-35",
      "arxiv:2404.10630#model:part-3",
      "arxiv:2303.18223#result:part-16",
      "arxiv:2303.18223#result:part-18",
      "arxiv:2303.18223#result:part-14",
      "arxiv:2307.10169#methods:part-15"
    ],
    "query_time": 0.02558588981628418,
    "metadata": {
      "scores": [
        0.6125626,
        0.5536339,
        0.54651433,
        0.53608567,
        0.52048373,
        0.519993,
        0.5161199,
        0.51554036,
        0.5129342,
        0.5088887
      ]
    }
  },
  "query_5": {
    "doc_ids": [
      "arxiv:2305.03047#introduction:part-4",
      "arxiv:10000000_662098952474184_2584067087619170692_n#model:part-10",
      "arxiv:2307.09288#model:part-10",
      "arxiv:2510.13794#model:part-1",
      "arxiv:2510.13794#background:part-1",
      "arxiv:2510.13794#background:part-2",
      "arxiv:2203.02155#related-work:part-7",
      "arxiv:2510.13358#conclusion",
      "arxiv:2305.18290#related-work:part-7",
      "arxiv:2307.10169#methods:part-6"
    ],
    "query_time": 0.02758312225341797,
    "metadata": {
      "scores": [
        0.5714438,
        0.5663097,
        0.5663097,
        0.5599553,
        0.5535158,
        0.542452,
        0.5234529,
        0.5042704,
        0.49615496,
        0.494028
      ]
    }
  },
  "query_6": {
    "doc_ids": [
      "arxiv:2307.10169#conclusion",
      "arxiv:2307.10169#abstract",
      "arxiv:2203.15556#model:part-1",
      "arxiv:2307.10169#related-work",
      "arxiv:2303.18223#model:part-3",
      "arxiv:2304.01373#abstract:part-9",
      "arxiv:2304.00612#introduction:part-1",
      "arxiv:2312.09993#introduction:part-4",
      "arxiv:2204.06745#introduction:part-1",
      "arxiv:2306.07629#introduction:part-1"
    ],
    "query_time": 0.025041818618774414,
    "metadata": {
      "scores": [
        0.6808543,
        0.6718607,
        0.6045903,
        0.5943576,
        0.5918642,
        0.5809713,
        0.57615435,
        0.55293065,
        0.55059314,
        0.54912764
      ]
    }
  },
  "query_7": {
    "doc_ids": [
      "arxiv:2307.03172#related-work",
      "arxiv:1901.02860#related-work",
      "arxiv:2312.00752#conclusion",
      "arxiv:2307.10169#introduction:part-26",
      "arxiv:2312.00752#introduction:part-6",
      "arxiv:2312.00752#introduction:part-1",
      "arxiv:2412.19437#method:part-13",
      "arxiv:2305.07185#method:part-2",
      "arxiv:2305.07185#model:part-2",
      "arxiv:2303.18223#model:part-34"
    ],
    "query_time": 0.0196990966796875,
    "metadata": {
      "scores": [
        0.5410305,
        0.53717256,
        0.5279811,
        0.5221891,
        0.5208639,
        0.51216865,
        0.503706,
        0.5018858,
        0.50126076,
        0.50040156
      ]
    }
  },
  "query_8": {
    "doc_ids": [
      "arxiv:2310.20707#model:part-10",
      "arxiv:2005.14165#results:part-26",
      "arxiv:2005.14165#results:part-27",
      "arxiv:2005.14165#results:part-25",
      "arxiv:2005.14165#results:part-23",
      "arxiv:2310.20707#model:part-12",
      "arxiv:2307.10169#introduction:part-2",
      "arxiv:2303.18223#model:part-15",
      "arxiv:2310.20707#introduction:part-2",
      "arxiv:2310.20707#model:part-11"
    ],
    "query_time": 0.009702205657958984,
    "metadata": {
      "scores": [
        0.6088691,
        0.59860367,
        0.56746817,
        0.55105096,
        0.550639,
        0.5496764,
        0.53771716,
        0.5296075,
        0.5261318,
        0.5250886
      ]
    }
  },
  "query_9": {
    "doc_ids": [
      "arxiv:2304.00612#introduction:part-13",
      "arxiv:2211.09110#model:part-17",
      "arxiv:2305.14314#related-work:part-4",
      "arxiv:2304.00612#abstract",
      "arxiv:2211.05100#abstract:part-4",
      "arxiv:2303.18223#model:part-9",
      "arxiv:2304.00612#introduction:part-2",
      "arxiv:2204.06745#introduction:part-12",
      "arxiv:2208.07339#related-work:part-3",
      "arxiv:2009.06489#introduction:part-14"
    ],
    "query_time": 0.02507185935974121,
    "metadata": {
      "scores": [
        0.4792335,
        0.44473553,
        0.42211673,
        0.42156136,
        0.40263924,
        0.396708,
        0.385777,
        0.37203163,
        0.3684042,
        0.36605552
      ]
    }
  },
  "query_10": {
    "doc_ids": [
      "arxiv:2510.13778#model:part-8",
      "arxiv:2308.10792#model:part-7",
      "arxiv:2004.14566#model",
      "arxiv:2211.05100#model:part-13",
      "arxiv:2109.06243#model",
      "arxiv:2301.13688#model:part-6",
      "arxiv:2310.20707#model:part-1",
      "arxiv:2307.10169#methods:part-28",
      "arxiv:2303.18223#model:part-5",
      "arxiv:2412.10543#introduction:part-3"
    ],
    "query_time": 0.019884109497070312,
    "metadata": {
      "scores": [
        0.40040997,
        0.3904905,
        0.38656303,
        0.37290168,
        0.35671514,
        0.35631338,
        0.35241708,
        0.3453015,
        0.34340534,
        0.33433056
      ]
    }
  }
}