{
  "system_metrics": {
    "baseline": {
      "retrieval_latency": 0.005976390838623047,
      "precision@1": 0.7,
      "precision@3": 0.6333333333333333,
      "recall@3": 0.5345238095238095,
      "ndcg@1": 0.7,
      "precision@10": 0.44952380952380955,
      "hit_rate@5": 1.0,
      "ndcg@5": 0.7237737640164681,
      "recall@1": 0.20595238095238094,
      "hit_rate@3": 0.9,
      "grounding_accuracy": 1.0,
      "hit_rate@1": 0.7,
      "citation_accuracy": 0.44952380952380955,
      "recall@10": 0.7607142857142857,
      "hit_rate@10": 1.0,
      "recall@5": 0.7321428571428571,
      "ndcg@3": 0.6350499802054138,
      "precision@5": 0.54,
      "ndcg@10": 0.7321099877019595,
      "mrr": 0.825,
      "average_response_time": 0.005976390838623047,
      "queries_per_second": 167.32506741985415
    },
    "chunk_500_ov80": {
      "retrieval_latency": 0.5156418323516846,
      "precision@1": 0.4,
      "precision@3": 0.4333333333333333,
      "recall@3": 0.3761904761904762,
      "ndcg@1": 0.4,
      "precision@10": 0.32253968253968257,
      "hit_rate@5": 0.9,
      "ndcg@5": 0.4709127610900084,
      "recall@1": 0.11428571428571428,
      "hit_rate@3": 0.7,
      "grounding_accuracy": 1.0,
      "hit_rate@1": 0.4,
      "citation_accuracy": 0.32253968253968257,
      "recall@10": 0.5857142857142856,
      "hit_rate@10": 0.9,
      "recall@5": 0.513095238095238,
      "ndcg@3": 0.4159155407049363,
      "precision@5": 0.37,
      "ndcg@10": 0.5050676690052638,
      "mrr": 0.5733333333333334,
      "average_response_time": 0.5156418323516846,
      "queries_per_second": 1.939330630797168
    }
  },
  "best_systems": {
    "retrieval_latency": {
      "system": "chunk_500_ov80",
      "score": 0.5156418323516846
    },
    "precision@1": {
      "system": "baseline",
      "score": 0.7
    },
    "precision@3": {
      "system": "baseline",
      "score": 0.6333333333333333
    },
    "recall@3": {
      "system": "baseline",
      "score": 0.5345238095238095
    },
    "ndcg@1": {
      "system": "baseline",
      "score": 0.7
    },
    "precision@10": {
      "system": "baseline",
      "score": 0.44952380952380955
    },
    "hit_rate@5": {
      "system": "baseline",
      "score": 1.0
    },
    "ndcg@5": {
      "system": "baseline",
      "score": 0.7237737640164681
    },
    "recall@1": {
      "system": "baseline",
      "score": 0.20595238095238094
    },
    "hit_rate@3": {
      "system": "baseline",
      "score": 0.9
    },
    "grounding_accuracy": {
      "system": "baseline",
      "score": 1.0
    },
    "hit_rate@1": {
      "system": "baseline",
      "score": 0.7
    },
    "citation_accuracy": {
      "system": "baseline",
      "score": 0.44952380952380955
    },
    "recall@10": {
      "system": "baseline",
      "score": 0.7607142857142857
    },
    "hit_rate@10": {
      "system": "baseline",
      "score": 1.0
    },
    "recall@5": {
      "system": "baseline",
      "score": 0.7321428571428571
    },
    "ndcg@3": {
      "system": "baseline",
      "score": 0.6350499802054138
    },
    "precision@5": {
      "system": "baseline",
      "score": 0.54
    },
    "ndcg@10": {
      "system": "baseline",
      "score": 0.7321099877019595
    },
    "mrr": {
      "system": "baseline",
      "score": 0.825
    },
    "average_response_time": {
      "system": "chunk_500_ov80",
      "score": 0.5156418323516846
    },
    "queries_per_second": {
      "system": "baseline",
      "score": 167.32506741985415
    }
  }
}