{
  "query_1": {
    "doc_ids": [
      "arxiv:2307.10169#methods:part-5",
      "arxiv:2307.10169#methods:part-3",
      "arxiv:2307.10169#methods:part-4",
      "arxiv:2307.10169#methods:part-2",
      "arxiv:2303.18223#result:part-11",
      "arxiv:2307.10169#methods:part-40",
      "arxiv:2303.18223#result:part-4",
      "arxiv:2303.18223#result:part-3",
      "arxiv:2307.09288#model:part-13",
      "arxiv:10000000_662098952474184_2584067087619170692_n#model:part-13"
    ],
    "query_time": 0.17669916152954102,
    "metadata": {
      "scores": [
        0.5862372,
        0.5610094,
        0.49342006,
        0.44518963,
        0.42539924,
        0.35631764,
        0.3471741,
        0.3458717,
        0.33235395,
        0.33235395
      ],
      "num_hits": 10
    }
  },
  "query_2": {
    "doc_ids": [
      "arxiv:2308.10792#model:part-10",
      "arxiv:2106.09685#introduction:part-11",
      "arxiv:20-074#abstract:part-36",
      "arxiv:2301.13688#related-work:part-2",
      "arxiv:2306.09782#introduction:part-1",
      "arxiv:2106.09685#method:part-7",
      "arxiv:2412.10543#introduction:part-2",
      "arxiv:2307.10169#introduction:part-15",
      "arxiv:2306.09782#experiment:part-1",
      "arxiv:2306.09782#method:part-1"
    ],
    "query_time": 1.330381155014038,
    "metadata": {
      "scores": [
        0.632644,
        0.6273535,
        0.5485624,
        0.5360862,
        0.5357233,
        0.52680564,
        0.5251984,
        0.5245868,
        0.5235605,
        0.5170572
      ],
      "num_hits": 10
    }
  },
  "query_3": {
    "doc_ids": [
      "arxiv:2001.08361#model:part-2",
      "arxiv:2303.18223#introduction:part-7",
      "arxiv:2302.13971#introduction:part-1",
      "arxiv:333078981_693988129081760_4712707815225756708_n#introduction:part-1",
      "arxiv:2307.09288#related-work:part-1",
      "arxiv:10000000_662098952474184_2584067087619170692_n#related-work:part-1",
      "arxiv:2001.08361#results:part-7",
      "arxiv:2001.08361#abstract",
      "arxiv:2203.15556#model:part-3",
      "arxiv:2203.15556#model:part-2"
    ],
    "query_time": 1.3455469608306885,
    "metadata": {
      "scores": [
        0.7125766,
        0.70492774,
        0.6884725,
        0.6878826,
        0.67381096,
        0.67381096,
        0.6604831,
        0.6493593,
        0.6420644,
        0.6286988
      ],
      "num_hits": 10
    }
  },
  "query_4": {
    "doc_ids": [
      "arxiv:2303.18223#result:part-21",
      "arxiv:2303.18223#result:part-19",
      "arxiv:2303.18223#result:part-20",
      "arxiv:2307.10169#methods:part-16",
      "arxiv:2303.18223#model:part-39",
      "arxiv:2305.14314#evaluation:part-1",
      "arxiv:2303.18223#result:part-13",
      "arxiv:2412.19437#model",
      "arxiv:2307.10169#methods:part-43",
      "arxiv:2501.19393#evaluation:part-1"
    ],
    "query_time": 0.9907798767089844,
    "metadata": {
      "scores": [
        0.68523395,
        0.65077,
        0.6125309,
        0.5870637,
        0.57536006,
        0.55027187,
        0.5488844,
        0.5443043,
        0.5424603,
        0.5412934
      ],
      "num_hits": 10
    }
  },
  "query_5": {
    "doc_ids": [
      "arxiv:2305.18290#related-work:part-2",
      "arxiv:2510.13794#background:part-1",
      "arxiv:2203.02155#related-work:part-1",
      "arxiv:2304.00612#introduction:part-7",
      "arxiv:2510.13367#abstract",
      "arxiv:2510.13626#related-work",
      "arxiv:10000000_662098952474184_2584067087619170692_n#model:part-2",
      "arxiv:2307.09288#model:part-2",
      "arxiv:2510.13704#introduction:part-1",
      "arxiv:2510.13794#model:part-1"
    ],
    "query_time": 0.6030111312866211,
    "metadata": {
      "scores": [
        0.55992067,
        0.5328868,
        0.51899755,
        0.4848011,
        0.48110765,
        0.47885683,
        0.4756096,
        0.4756096,
        0.47374225,
        0.47325897
      ],
      "num_hits": 10
    }
  },
  "query_6": {
    "doc_ids": [
      "arxiv:2307.10169#conclusion",
      "arxiv:2211.09110#model:part-6",
      "arxiv:2211.05100#abstract:part-2",
      "arxiv:2207.00112#introduction:part-1",
      "arxiv:palm2techreport#introduction:part-1",
      "arxiv:2203.15556#model:part-1",
      "arxiv:2101.03961#model:part-5",
      "arxiv:2211.05100#model:part-5",
      "arxiv:2204.02311#introduction:part-4",
      "arxiv:2001.08361#model:part-2"
    ],
    "query_time": 0.3221249580383301,
    "metadata": {
      "scores": [
        0.7156366,
        0.61733234,
        0.6153673,
        0.5896987,
        0.58578,
        0.5775151,
        0.57346016,
        0.5733574,
        0.5620923,
        0.5619005
      ],
      "num_hits": 10
    }
  },
  "query_7": {
    "doc_ids": [
      "arxiv:2312.00752#introduction:part-1",
      "arxiv:2305.13048#background:part-8",
      "arxiv:2303.18223#method:part-6",
      "arxiv:1901.02860#related-work",
      "arxiv:2303.18223#method:part-8",
      "arxiv:2307.03172#related-work",
      "arxiv:2307.03172#abstract",
      "arxiv:2312.00752#conclusion",
      "arxiv:1901.02860#model:part-3",
      "arxiv:2302.10866#introduction:part-1"
    ],
    "query_time": 0.1436140537261963,
    "metadata": {
      "scores": [
        0.5598581,
        0.52617604,
        0.5200336,
        0.50076807,
        0.49701852,
        0.4961029,
        0.49580938,
        0.49276823,
        0.47958952,
        0.47602513
      ],
      "num_hits": 10
    }
  },
  "query_8": {
    "doc_ids": [
      "arxiv:2302.13971#approach:part-2",
      "arxiv:palm2techreport#evaluation:part-14",
      "arxiv:2211.09110#model:part-38",
      "arxiv:333078981_693988129081760_4712707815225756708_n#approach:part-2",
      "arxiv:20-074#abstract:part-32",
      "arxiv:2310.20707#introduction:part-2",
      "arxiv:2304.01373#abstract:part-13",
      "arxiv:2302.13971#approach:part-1",
      "arxiv:palm2techreport#evaluation:part-15",
      "arxiv:333078981_693988129081760_4712707815225756708_n#conclusion"
    ],
    "query_time": 0.10087203979492188,
    "metadata": {
      "scores": [
        0.58155394,
        0.5736525,
        0.55742687,
        0.55250645,
        0.5507511,
        0.50871897,
        0.50616425,
        0.5051159,
        0.50444335,
        0.49866205
      ],
      "num_hits": 10
    }
  },
  "query_9": {
    "doc_ids": [
      "arxiv:10000000_662098952474184_2584067087619170692_n#related-work:part-1",
      "arxiv:2307.09288#related-work:part-1",
      "arxiv:2211.05100#model:part-2",
      "arxiv:10000000_662098952474184_2584067087619170692_n#model:part-17",
      "arxiv:2307.09288#model:part-17",
      "arxiv:2304.00612#abstract",
      "arxiv:2204.06745#introduction:part-12",
      "arxiv:2211.09110#introduction:part-9",
      "arxiv:2304.01373#abstract:part-2",
      "arxiv:2304.00612#introduction:part-15"
    ],
    "query_time": 0.08196306228637695,
    "metadata": {
      "scores": [
        0.48764014,
        0.48764014,
        0.44718465,
        0.44234186,
        0.44234186,
        0.43823314,
        0.4164926,
        0.4131726,
        0.41299713,
        0.40678543
      ],
      "num_hits": 10
    }
  },
  "query_10": {
    "doc_ids": [
      "arxiv:2303.18223#model:part-5",
      "arxiv:2203.02155#model:part-7",
      "arxiv:2203.02155#model:part-6",
      "arxiv:1901.02860#model:part-5",
      "arxiv:2305.03047#evaluation",
      "arxiv:2303.18223#result:part-17",
      "arxiv:2307.09288#model:part-2",
      "arxiv:10000000_662098952474184_2584067087619170692_n#model:part-2",
      "arxiv:2203.02155#model:part-11",
      "arxiv:2510.13048#approach:part-6"
    ],
    "query_time": 0.06142592430114746,
    "metadata": {
      "scores": [
        0.54330134,
        0.5332953,
        0.5084839,
        0.45928228,
        0.44628567,
        0.43542975,
        0.4249237,
        0.4249237,
        0.41757393,
        0.41613042
      ],
      "num_hits": 10
    }
  }
}