{
  "query_1": {
    "doc_ids": [
      "arxiv:2307.10169",
      "arxiv:2307.10169",
      "arxiv:2307.10169",
      "arxiv:2303.18223",
      "arxiv:2307.10169",
      "arxiv:2307.10169",
      "arxiv:2307.10169",
      "arxiv:2303.18223",
      "arxiv:2307.10169",
      "arxiv:2307.10169"
    ],
    "query_time": 0.04324793815612793,
    "metadata": {
      "scores": [
        0.6020861,
        0.5662808,
        0.49469367,
        0.48776454,
        0.42095,
        0.41221422,
        0.39963448,
        0.39566177,
        0.38255882,
        0.36266363
      ],
      "num_hits": 10
    }
  },
  "query_2": {
    "doc_ids": [
      "arxiv:2106.09685",
      "arxiv:2106.09685",
      "arxiv:2308.10792",
      "arxiv:2306.09782",
      "arxiv:2304.01933",
      "arxiv:2106.09685",
      "arxiv:2412.10543",
      "arxiv:2307.10169",
      "arxiv:20-074",
      "arxiv:2301.13688"
    ],
    "query_time": 0.008519887924194336,
    "metadata": {
      "scores": [
        0.6297055,
        0.6008617,
        0.57224286,
        0.5536719,
        0.54576147,
        0.54447836,
        0.5422321,
        0.5363811,
        0.52978104,
        0.52862793
      ],
      "num_hits": 10
    }
  },
  "query_3": {
    "doc_ids": [
      "arxiv:palm2techreport",
      "arxiv:2302.13971",
      "arxiv:333078981_693988129081760_4712707815225756708_n",
      "arxiv:2303.18223",
      "arxiv:2005.14165",
      "arxiv:2001.08361",
      "arxiv:2001.08361",
      "arxiv:2001.08361",
      "arxiv:10000000_662098952474184_2584067087619170692_n",
      "arxiv:2001.08361"
    ],
    "query_time": 0.018908262252807617,
    "metadata": {
      "scores": [
        0.75797045,
        0.71621335,
        0.70575297,
        0.70031047,
        0.68266314,
        0.6675589,
        0.663026,
        0.6600486,
        0.65664136,
        0.6493593
      ],
      "num_hits": 10
    }
  },
  "query_4": {
    "doc_ids": [
      "arxiv:2303.18223",
      "arxiv:2303.18223",
      "arxiv:2303.18223",
      "arxiv:2303.18223",
      "arxiv:2307.10169",
      "arxiv:2307.10169",
      "arxiv:2303.18223",
      "arxiv:palm2techreport",
      "arxiv:2303.18223",
      "arxiv:333078981_693988129081760_4712707815225756708_n"
    ],
    "query_time": 0.011369943618774414,
    "metadata": {
      "scores": [
        0.80905354,
        0.6952977,
        0.62906575,
        0.5932454,
        0.58099884,
        0.58042806,
        0.57809186,
        0.5717058,
        0.5709253,
        0.56935936
      ],
      "num_hits": 10
    }
  },
  "query_5": {
    "doc_ids": [
      "arxiv:2305.18290",
      "arxiv:2307.10169",
      "arxiv:2303.18223",
      "arxiv:2305.18290",
      "arxiv:10000000_662098952474184_2584067087619170692_n",
      "arxiv:2305.18290",
      "arxiv:10000000_662098952474184_2584067087619170692_n",
      "arxiv:2510.13794",
      "arxiv:2510.13358",
      "arxiv:2305.03047"
    ],
    "query_time": 0.018576860427856445,
    "metadata": {
      "scores": [
        0.5773983,
        0.5393496,
        0.51218873,
        0.5076783,
        0.5059713,
        0.5053185,
        0.50365686,
        0.4938677,
        0.49305615,
        0.4928223
      ],
      "num_hits": 10
    }
  },
  "query_6": {
    "doc_ids": [
      "arxiv:2204.02311",
      "arxiv:palm2techreport",
      "arxiv:palm2techreport",
      "arxiv:2211.09110",
      "arxiv:2211.05100",
      "arxiv:20-074",
      "arxiv:2304.01373",
      "arxiv:2204.02311",
      "arxiv:2211.05100",
      "arxiv:palm2techreport"
    ],
    "query_time": 0.013006210327148438,
    "metadata": {
      "scores": [
        0.6713463,
        0.6285194,
        0.6257006,
        0.6153557,
        0.607169,
        0.60420895,
        0.60289127,
        0.6006903,
        0.5924956,
        0.59115005
      ],
      "num_hits": 10
    }
  },
  "query_7": {
    "doc_ids": [
      "arxiv:2307.03172",
      "arxiv:2303.18223",
      "arxiv:2303.18223",
      "arxiv:2303.18223",
      "arxiv:2307.10169",
      "arxiv:2412.19437",
      "arxiv:2303.18223",
      "arxiv:2303.18223",
      "arxiv:2302.10866",
      "arxiv:2305.13048"
    ],
    "query_time": 0.011387825012207031,
    "metadata": {
      "scores": [
        0.6170123,
        0.5722956,
        0.5405502,
        0.536951,
        0.5304755,
        0.5289759,
        0.5283441,
        0.52739275,
        0.51894104,
        0.5121567
      ],
      "num_hits": 10
    }
  },
  "query_8": {
    "doc_ids": [
      "arxiv:2310.20707",
      "arxiv:2303.18223",
      "arxiv:2303.18223",
      "arxiv:2310.20707",
      "arxiv:2211.09110",
      "arxiv:2310.20707",
      "arxiv:2304.01373",
      "arxiv:2005.14165",
      "arxiv:palm2techreport",
      "arxiv:333078981_693988129081760_4712707815225756708_n"
    ],
    "query_time": 0.007086753845214844,
    "metadata": {
      "scores": [
        0.5851766,
        0.5730567,
        0.5672485,
        0.5651656,
        0.564775,
        0.5562849,
        0.555875,
        0.54418445,
        0.5338081,
        0.53157425
      ],
      "num_hits": 10
    }
  },
  "query_9": {
    "doc_ids": [
      "arxiv:2304.01373",
      "arxiv:2312.09993",
      "arxiv:2304.01373",
      "arxiv:2204.06745",
      "arxiv:2211.05100",
      "arxiv:2211.09110",
      "arxiv:2307.10169",
      "arxiv:2211.05100",
      "arxiv:2304.00612",
      "arxiv:10000000_662098952474184_2584067087619170692_n"
    ],
    "query_time": 0.009335994720458984,
    "metadata": {
      "scores": [
        0.5170544,
        0.5029149,
        0.45981258,
        0.45902583,
        0.45624658,
        0.45006442,
        0.4453286,
        0.443695,
        0.43823314,
        0.43569958
      ],
      "num_hits": 10
    }
  },
  "query_10": {
    "doc_ids": [
      "arxiv:2203.02155",
      "arxiv:2307.10169",
      "arxiv:2203.02155",
      "arxiv:2203.02155",
      "arxiv:2305.03047",
      "arxiv:2203.02155",
      "arxiv:2305.03047",
      "arxiv:2303.18223",
      "arxiv:2307.10169",
      "arxiv:2305.03047"
    ],
    "query_time": 0.009475231170654297,
    "metadata": {
      "scores": [
        0.5793617,
        0.5737771,
        0.55413353,
        0.52814543,
        0.5085893,
        0.48876,
        0.48297644,
        0.47822273,
        0.46308672,
        0.4475549
      ],
      "num_hits": 10
    }
  }
}