{
  "query_1": {
    "doc_ids": [
      "arxiv:2307.10169",
      "arxiv:2307.10169",
      "arxiv:2307.10169",
      "arxiv:2303.18223",
      "arxiv:2307.10169",
      "arxiv:2307.10169",
      "arxiv:2307.10169",
      "arxiv:2307.10169",
      "arxiv:2307.10169",
      "arxiv:2303.18223"
    ],
    "query_time": 0.058245182037353516,
    "metadata": {
      "scores": [
        0.6025705,
        0.5645738,
        0.50741327,
        0.485171,
        0.4844034,
        0.46358377,
        0.46281445,
        0.45208722,
        0.45165756,
        0.44755387
      ],
      "num_hits": 10
    }
  },
  "query_2": {
    "doc_ids": [
      "arxiv:2106.09685",
      "arxiv:2106.09685",
      "arxiv:2106.09685",
      "arxiv:2210.07558",
      "arxiv:2308.10792",
      "arxiv:2106.09685",
      "arxiv:2306.11695",
      "arxiv:2207.00112",
      "arxiv:2307.10169",
      "arxiv:2304.01933"
    ],
    "query_time": 0.007614850997924805,
    "metadata": {
      "scores": [
        0.5972144,
        0.59110737,
        0.5900571,
        0.5690844,
        0.5644443,
        0.5636035,
        0.5584255,
        0.55425674,
        0.55279946,
        0.5421012
      ],
      "num_hits": 10
    }
  },
  "query_3": {
    "doc_ids": [
      "arxiv:2001.08361",
      "arxiv:2203.15556",
      "arxiv:2204.06745",
      "arxiv:2302.13971",
      "arxiv:10000000_662098952474184_2584067087619170692_n",
      "arxiv:2303.18223",
      "arxiv:2001.08361",
      "arxiv:333078981_693988129081760_4712707815225756708_n",
      "arxiv:2001.08361",
      "arxiv:2203.15556"
    ],
    "query_time": 0.016309022903442383,
    "metadata": {
      "scores": [
        0.72736716,
        0.7137226,
        0.70918334,
        0.69742674,
        0.6945175,
        0.6939113,
        0.6868026,
        0.68634915,
        0.6751956,
        0.6712439
      ],
      "num_hits": 10
    }
  },
  "query_4": {
    "doc_ids": [
      "arxiv:2303.18223",
      "arxiv:2303.18223",
      "arxiv:2303.18223",
      "arxiv:2307.10169",
      "arxiv:2307.10169",
      "arxiv:2303.18223",
      "arxiv:2303.18223",
      "arxiv:2303.18223",
      "arxiv:2303.18223",
      "arxiv:2303.18223"
    ],
    "query_time": 0.009853124618530273,
    "metadata": {
      "scores": [
        0.6890825,
        0.6750697,
        0.6570495,
        0.63740516,
        0.6175246,
        0.6147745,
        0.61402327,
        0.6127638,
        0.6091722,
        0.5989719
      ],
      "num_hits": 10
    }
  },
  "query_5": {
    "doc_ids": [
      "arxiv:2307.10169",
      "arxiv:2305.18290",
      "arxiv:10000000_662098952474184_2584067087619170692_n",
      "arxiv:2303.18223",
      "arxiv:2307.10169",
      "arxiv:2203.02155",
      "arxiv:2305.18290",
      "arxiv:2510.13794",
      "arxiv:2305.14314",
      "arxiv:2203.02155"
    ],
    "query_time": 0.01271510124206543,
    "metadata": {
      "scores": [
        0.6421914,
        0.5608269,
        0.56053215,
        0.54426944,
        0.54238033,
        0.5418156,
        0.5394943,
        0.5304153,
        0.5299978,
        0.52564657
      ],
      "num_hits": 10
    }
  },
  "query_6": {
    "doc_ids": [
      "arxiv:2307.10169",
      "arxiv:2204.02311",
      "arxiv:palm2techreport",
      "arxiv:2211.09110",
      "arxiv:2211.05100",
      "arxiv:2211.05100",
      "arxiv:2211.05100",
      "arxiv:1909.08053",
      "arxiv:2211.05100",
      "arxiv:2203.15556"
    ],
    "query_time": 0.010102033615112305,
    "metadata": {
      "scores": [
        0.74236554,
        0.6626339,
        0.63724285,
        0.6328866,
        0.63231367,
        0.62592614,
        0.6122223,
        0.6063857,
        0.6042042,
        0.6040327
      ],
      "num_hits": 10
    }
  },
  "query_7": {
    "doc_ids": [
      "arxiv:2307.03172",
      "arxiv:2305.07185",
      "arxiv:1901.02860",
      "arxiv:2305.13048",
      "arxiv:2303.18223",
      "arxiv:2307.03172",
      "arxiv:2303.18223",
      "arxiv:2307.10169",
      "arxiv:2312.00752",
      "arxiv:2312.00752"
    ],
    "query_time": 0.007402896881103516,
    "metadata": {
      "scores": [
        0.6160904,
        0.5596758,
        0.55384505,
        0.55203474,
        0.55168474,
        0.5479175,
        0.5472193,
        0.5424791,
        0.5413078,
        0.52805483
      ],
      "num_hits": 10
    }
  },
  "query_8": {
    "doc_ids": [
      "arxiv:2310.20707",
      "arxiv:2303.18223",
      "arxiv:2310.20707",
      "arxiv:palm2techreport",
      "arxiv:2005.14165",
      "arxiv:2304.01373",
      "arxiv:2303.18223",
      "arxiv:2304.01373",
      "arxiv:2310.20707",
      "arxiv:2310.20707"
    ],
    "query_time": 0.005858659744262695,
    "metadata": {
      "scores": [
        0.60654163,
        0.6008361,
        0.5762973,
        0.5705472,
        0.5687705,
        0.5625651,
        0.5614692,
        0.5586287,
        0.5533244,
        0.5505843
      ],
      "num_hits": 10
    }
  },
  "query_9": {
    "doc_ids": [
      "arxiv:2203.02155",
      "arxiv:2204.06745",
      "arxiv:10000000_662098952474184_2584067087619170692_n",
      "arxiv:2211.05100",
      "arxiv:10000000_662098952474184_2584067087619170692_n",
      "arxiv:10000000_662098952474184_2584067087619170692_n",
      "arxiv:2304.00612",
      "arxiv:2304.00612",
      "arxiv:2304.00612",
      "arxiv:2303.18223"
    ],
    "query_time": 0.007944822311401367,
    "metadata": {
      "scores": [
        0.49172518,
        0.48155954,
        0.4685477,
        0.46024698,
        0.45663416,
        0.4561305,
        0.43342885,
        0.43152094,
        0.4307771,
        0.42763472
      ],
      "num_hits": 10
    }
  },
  "query_10": {
    "doc_ids": [
      "arxiv:2203.02155",
      "arxiv:2203.02155",
      "arxiv:2203.02155",
      "arxiv:2203.02155",
      "arxiv:2307.10169",
      "arxiv:2203.02155",
      "arxiv:2305.03047",
      "arxiv:2305.03047",
      "arxiv:2307.10169",
      "arxiv:2203.02155"
    ],
    "query_time": 0.007803201675415039,
    "metadata": {
      "scores": [
        0.6296569,
        0.54368794,
        0.5269176,
        0.50850135,
        0.5029978,
        0.4940924,
        0.489656,
        0.4888892,
        0.48629513,
        0.4693179
      ],
      "num_hits": 10
    }
  }
}