{
  "system_metrics": {
    "chunk_clean_v1": {
      "ndcg@5": 0.7313898929829412,
      "retrieval_latency": 0.01402111053466797,
      "hit_rate@3": 0.9,
      "recall@3": 0.5345238095238095,
      "precision@3": 0.6333333333333333,
      "recall@5": 0.7464285714285714,
      "precision@10": 0.44952380952380955,
      "hit_rate@10": 1.0,
      "hit_rate@1": 0.7,
      "mrr": 0.825,
      "recall@10": 0.7607142857142857,
      "ndcg@3": 0.6350499802054138,
      "citation_accuracy": 0.44952380952380955,
      "precision@5": 0.5599999999999999,
      "hit_rate@5": 1.0,
      "recall@1": 0.20595238095238094,
      "ndcg@10": 0.7326412062009114,
      "grounding_accuracy": 1.0,
      "precision@1": 0.7,
      "ndcg@1": 0.7,
      "average_response_time": 0.01402111053466797,
      "queries_per_second": 71.321026785107
    },
    "chunk_clean_v7+19": {
      "ndcg@5": 0.628821382735,
      "retrieval_latency": 0.15942916870117188,
      "hit_rate@3": 1.0,
      "recall@3": 0.4595238095238095,
      "precision@3": 0.5,
      "recall@5": 0.588095238095238,
      "precision@10": 0.3553968253968254,
      "hit_rate@10": 1.0,
      "hit_rate@1": 0.7,
      "mrr": 0.8333333333333334,
      "recall@10": 0.8214285714285714,
      "ndcg@3": 0.5766542522971796,
      "citation_accuracy": 0.3553968253968254,
      "precision@5": 0.4,
      "hit_rate@5": 1.0,
      "recall@1": 0.20595238095238094,
      "ndcg@10": 0.7245879058410153,
      "grounding_accuracy": 1.0,
      "precision@1": 0.7,
      "ndcg@1": 0.65,
      "average_response_time": 0.15942916870117188,
      "queries_per_second": 6.272377935272076
    }
  },
  "best_systems": {
    "ndcg@5": {
      "system": "chunk_clean_v1",
      "score": 0.7313898929829412
    },
    "retrieval_latency": {
      "system": "chunk_clean_v7+19",
      "score": 0.15942916870117188
    },
    "hit_rate@3": {
      "system": "chunk_clean_v7+19",
      "score": 1.0
    },
    "recall@3": {
      "system": "chunk_clean_v1",
      "score": 0.5345238095238095
    },
    "precision@3": {
      "system": "chunk_clean_v1",
      "score": 0.6333333333333333
    },
    "recall@5": {
      "system": "chunk_clean_v1",
      "score": 0.7464285714285714
    },
    "precision@10": {
      "system": "chunk_clean_v1",
      "score": 0.44952380952380955
    },
    "hit_rate@10": {
      "system": "chunk_clean_v1",
      "score": 1.0
    },
    "hit_rate@1": {
      "system": "chunk_clean_v1",
      "score": 0.7
    },
    "mrr": {
      "system": "chunk_clean_v7+19",
      "score": 0.8333333333333334
    },
    "recall@10": {
      "system": "chunk_clean_v7+19",
      "score": 0.8214285714285714
    },
    "ndcg@3": {
      "system": "chunk_clean_v1",
      "score": 0.6350499802054138
    },
    "citation_accuracy": {
      "system": "chunk_clean_v1",
      "score": 0.44952380952380955
    },
    "precision@5": {
      "system": "chunk_clean_v1",
      "score": 0.5599999999999999
    },
    "hit_rate@5": {
      "system": "chunk_clean_v1",
      "score": 1.0
    },
    "recall@1": {
      "system": "chunk_clean_v1",
      "score": 0.20595238095238094
    },
    "ndcg@10": {
      "system": "chunk_clean_v1",
      "score": 0.7326412062009114
    },
    "grounding_accuracy": {
      "system": "chunk_clean_v1",
      "score": 1.0
    },
    "precision@1": {
      "system": "chunk_clean_v1",
      "score": 0.7
    },
    "ndcg@1": {
      "system": "chunk_clean_v1",
      "score": 0.7
    },
    "average_response_time": {
      "system": "chunk_clean_v7+19",
      "score": 0.15942916870117188
    },
    "queries_per_second": {
      "system": "chunk_clean_v1",
      "score": 71.321026785107
    }
  }
}