{
  "system_metrics": {
    "chunk_clean_v1": {
      "precision@3": 0.6333333333333333,
      "hit_rate@10": 1.0,
      "ndcg@1": 0.7,
      "recall@3": 0.5345238095238095,
      "hit_rate@5": 1.0,
      "ndcg@10": 0.7326412062009114,
      "hit_rate@1": 0.7,
      "ndcg@3": 0.6350499802054138,
      "recall@1": 0.20595238095238094,
      "ndcg@5": 0.7313898929829412,
      "precision@1": 0.7,
      "recall@5": 0.7464285714285714,
      "retrieval_latency": 0.01402111053466797,
      "precision@10": 0.44952380952380955,
      "hit_rate@3": 0.9,
      "recall@10": 0.7607142857142857,
      "precision@5": 0.5599999999999999,
      "citation_accuracy": 0.44952380952380955,
      "mrr": 0.825,
      "grounding_accuracy": 1.0,
      "average_response_time": 0.01402111053466797,
      "queries_per_second": 71.321026785107
    },
    "chunk_clean_v4": {
      "precision@3": 0.5666666666666667,
      "hit_rate@10": 1.0,
      "ndcg@1": 0.7,
      "recall@3": 0.5119047619047619,
      "hit_rate@5": 1.0,
      "ndcg@10": 0.648476484523175,
      "hit_rate@1": 0.7,
      "ndcg@3": 0.5673387790462192,
      "recall@1": 0.24166666666666664,
      "ndcg@5": 0.6409786315192018,
      "precision@1": 0.7,
      "recall@5": 0.6511904761904762,
      "retrieval_latency": 0.015091490745544434,
      "precision@10": 0.41607142857142854,
      "hit_rate@3": 1.0,
      "recall@10": 0.6654761904761904,
      "precision@5": 0.495,
      "citation_accuracy": 0.41607142857142854,
      "mrr": 0.8333333333333334,
      "grounding_accuracy": 1.0,
      "average_response_time": 0.015091490745544434,
      "queries_per_second": 66.26250626004173
    }
  },
  "best_systems": {
    "precision@3": {
      "system": "chunk_clean_v1",
      "score": 0.6333333333333333
    },
    "hit_rate@10": {
      "system": "chunk_clean_v1",
      "score": 1.0
    },
    "ndcg@1": {
      "system": "chunk_clean_v1",
      "score": 0.7
    },
    "recall@3": {
      "system": "chunk_clean_v1",
      "score": 0.5345238095238095
    },
    "hit_rate@5": {
      "system": "chunk_clean_v1",
      "score": 1.0
    },
    "ndcg@10": {
      "system": "chunk_clean_v1",
      "score": 0.7326412062009114
    },
    "hit_rate@1": {
      "system": "chunk_clean_v1",
      "score": 0.7
    },
    "ndcg@3": {
      "system": "chunk_clean_v1",
      "score": 0.6350499802054138
    },
    "recall@1": {
      "system": "chunk_clean_v4",
      "score": 0.24166666666666664
    },
    "ndcg@5": {
      "system": "chunk_clean_v1",
      "score": 0.7313898929829412
    },
    "precision@1": {
      "system": "chunk_clean_v1",
      "score": 0.7
    },
    "recall@5": {
      "system": "chunk_clean_v1",
      "score": 0.7464285714285714
    },
    "retrieval_latency": {
      "system": "chunk_clean_v4",
      "score": 0.015091490745544434
    },
    "precision@10": {
      "system": "chunk_clean_v1",
      "score": 0.44952380952380955
    },
    "hit_rate@3": {
      "system": "chunk_clean_v4",
      "score": 1.0
    },
    "recall@10": {
      "system": "chunk_clean_v1",
      "score": 0.7607142857142857
    },
    "precision@5": {
      "system": "chunk_clean_v1",
      "score": 0.5599999999999999
    },
    "citation_accuracy": {
      "system": "chunk_clean_v1",
      "score": 0.44952380952380955
    },
    "mrr": {
      "system": "chunk_clean_v4",
      "score": 0.8333333333333334
    },
    "grounding_accuracy": {
      "system": "chunk_clean_v1",
      "score": 1.0
    },
    "average_response_time": {
      "system": "chunk_clean_v4",
      "score": 0.015091490745544434
    },
    "queries_per_second": {
      "system": "chunk_clean_v1",
      "score": 71.321026785107
    }
  }
}