{
  "system_metrics": {
    "chunk_clean_v1": {
      "ndcg@5": 0.7313898929829412,
      "grounding_accuracy": 1.0,
      "ndcg@1": 0.7,
      "mrr": 0.825,
      "hit_rate@5": 1.0,
      "precision@10": 0.44952380952380955,
      "retrieval_latency": 0.01402111053466797,
      "recall@1": 0.20595238095238094,
      "ndcg@3": 0.6350499802054138,
      "recall@5": 0.7464285714285714,
      "ndcg@10": 0.7326412062009114,
      "hit_rate@10": 1.0,
      "hit_rate@1": 0.7,
      "recall@10": 0.7607142857142857,
      "hit_rate@3": 0.9,
      "citation_accuracy": 0.44952380952380955,
      "precision@3": 0.6333333333333333,
      "recall@3": 0.5345238095238095,
      "precision@5": 0.5599999999999999,
      "precision@1": 0.7,
      "average_response_time": 0.01402111053466797,
      "queries_per_second": 71.321026785107
    },
    "chunk_clean_v6": {
      "ndcg@5": 0.6195646744637752,
      "grounding_accuracy": 1.0,
      "ndcg@1": 0.7,
      "mrr": 0.825,
      "hit_rate@5": 1.0,
      "precision@10": 0.46238095238095234,
      "retrieval_latency": 0.014384889602661132,
      "recall@1": 0.22261904761904763,
      "ndcg@3": 0.5301415241560229,
      "recall@5": 0.5845238095238094,
      "ndcg@10": 0.6463279851917465,
      "hit_rate@10": 1.0,
      "hit_rate@1": 0.7,
      "recall@10": 0.6464285714285715,
      "hit_rate@3": 0.9,
      "citation_accuracy": 0.46238095238095234,
      "precision@3": 0.45,
      "recall@3": 0.37857142857142856,
      "precision@5": 0.4833333333333333,
      "precision@1": 0.7,
      "average_response_time": 0.014384889602661132,
      "queries_per_second": 69.51739134758496
    }
  },
  "best_systems": {
    "ndcg@5": {
      "system": "chunk_clean_v1",
      "score": 0.7313898929829412
    },
    "grounding_accuracy": {
      "system": "chunk_clean_v1",
      "score": 1.0
    },
    "ndcg@1": {
      "system": "chunk_clean_v1",
      "score": 0.7
    },
    "mrr": {
      "system": "chunk_clean_v1",
      "score": 0.825
    },
    "hit_rate@5": {
      "system": "chunk_clean_v1",
      "score": 1.0
    },
    "precision@10": {
      "system": "chunk_clean_v6",
      "score": 0.46238095238095234
    },
    "retrieval_latency": {
      "system": "chunk_clean_v6",
      "score": 0.014384889602661132
    },
    "recall@1": {
      "system": "chunk_clean_v6",
      "score": 0.22261904761904763
    },
    "ndcg@3": {
      "system": "chunk_clean_v1",
      "score": 0.6350499802054138
    },
    "recall@5": {
      "system": "chunk_clean_v1",
      "score": 0.7464285714285714
    },
    "ndcg@10": {
      "system": "chunk_clean_v1",
      "score": 0.7326412062009114
    },
    "hit_rate@10": {
      "system": "chunk_clean_v1",
      "score": 1.0
    },
    "hit_rate@1": {
      "system": "chunk_clean_v1",
      "score": 0.7
    },
    "recall@10": {
      "system": "chunk_clean_v1",
      "score": 0.7607142857142857
    },
    "hit_rate@3": {
      "system": "chunk_clean_v1",
      "score": 0.9
    },
    "citation_accuracy": {
      "system": "chunk_clean_v6",
      "score": 0.46238095238095234
    },
    "precision@3": {
      "system": "chunk_clean_v1",
      "score": 0.6333333333333333
    },
    "recall@3": {
      "system": "chunk_clean_v1",
      "score": 0.5345238095238095
    },
    "precision@5": {
      "system": "chunk_clean_v1",
      "score": 0.5599999999999999
    },
    "precision@1": {
      "system": "chunk_clean_v1",
      "score": 0.7
    },
    "average_response_time": {
      "system": "chunk_clean_v6",
      "score": 0.014384889602661132
    },
    "queries_per_second": {
      "system": "chunk_clean_v1",
      "score": 71.321026785107
    }
  }
}