{
  "system_metrics": {
    "chunk_clean_v1": {
      "recall@1": 0.20595238095238094,
      "ndcg@3": 0.6350499802054138,
      "ndcg@1": 0.7,
      "recall@3": 0.5345238095238095,
      "retrieval_latency": 0.01402111053466797,
      "grounding_accuracy": 1.0,
      "precision@5": 0.5599999999999999,
      "ndcg@10": 0.7326412062009114,
      "precision@10": 0.44952380952380955,
      "hit_rate@10": 1.0,
      "hit_rate@5": 1.0,
      "precision@1": 0.7,
      "hit_rate@3": 0.9,
      "recall@10": 0.7607142857142857,
      "recall@5": 0.7464285714285714,
      "mrr": 0.825,
      "hit_rate@1": 0.7,
      "citation_accuracy": 0.44952380952380955,
      "ndcg@5": 0.7313898929829412,
      "precision@3": 0.6333333333333333,
      "average_response_time": 0.01402111053466797,
      "queries_per_second": 71.321026785107
    },
    "chunk_clean_v3_fieldaware": {
      "recall@1": 0.17261904761904762,
      "ndcg@3": 0.6014356249025113,
      "ndcg@1": 0.55,
      "recall@3": 0.5345238095238095,
      "retrieval_latency": 0.011667847633361816,
      "grounding_accuracy": 0.9857142857142858,
      "precision@5": 0.52,
      "ndcg@10": 0.7028778248482462,
      "precision@10": 0.4553571428571429,
      "hit_rate@10": 1.0,
      "hit_rate@5": 0.9,
      "precision@1": 0.6,
      "hit_rate@3": 0.9,
      "recall@10": 0.7940476190476191,
      "recall@5": 0.6630952380952381,
      "mrr": 0.75,
      "hit_rate@1": 0.6,
      "citation_accuracy": 0.4553571428571429,
      "ndcg@5": 0.6675363524647222,
      "precision@3": 0.6333333333333333,
      "average_response_time": 0.011667847633361816,
      "queries_per_second": 85.70561010247556
    }
  },
  "best_systems": {
    "recall@1": {
      "system": "chunk_clean_v1",
      "score": 0.20595238095238094
    },
    "ndcg@3": {
      "system": "chunk_clean_v1",
      "score": 0.6350499802054138
    },
    "ndcg@1": {
      "system": "chunk_clean_v1",
      "score": 0.7
    },
    "recall@3": {
      "system": "chunk_clean_v1",
      "score": 0.5345238095238095
    },
    "retrieval_latency": {
      "system": "chunk_clean_v1",
      "score": 0.01402111053466797
    },
    "grounding_accuracy": {
      "system": "chunk_clean_v1",
      "score": 1.0
    },
    "precision@5": {
      "system": "chunk_clean_v1",
      "score": 0.5599999999999999
    },
    "ndcg@10": {
      "system": "chunk_clean_v1",
      "score": 0.7326412062009114
    },
    "precision@10": {
      "system": "chunk_clean_v3_fieldaware",
      "score": 0.4553571428571429
    },
    "hit_rate@10": {
      "system": "chunk_clean_v1",
      "score": 1.0
    },
    "hit_rate@5": {
      "system": "chunk_clean_v1",
      "score": 1.0
    },
    "precision@1": {
      "system": "chunk_clean_v1",
      "score": 0.7
    },
    "hit_rate@3": {
      "system": "chunk_clean_v1",
      "score": 0.9
    },
    "recall@10": {
      "system": "chunk_clean_v3_fieldaware",
      "score": 0.7940476190476191
    },
    "recall@5": {
      "system": "chunk_clean_v1",
      "score": 0.7464285714285714
    },
    "mrr": {
      "system": "chunk_clean_v1",
      "score": 0.825
    },
    "hit_rate@1": {
      "system": "chunk_clean_v1",
      "score": 0.7
    },
    "citation_accuracy": {
      "system": "chunk_clean_v3_fieldaware",
      "score": 0.4553571428571429
    },
    "ndcg@5": {
      "system": "chunk_clean_v1",
      "score": 0.7313898929829412
    },
    "precision@3": {
      "system": "chunk_clean_v1",
      "score": 0.6333333333333333
    },
    "average_response_time": {
      "system": "chunk_clean_v1",
      "score": 0.01402111053466797
    },
    "queries_per_second": {
      "system": "chunk_clean_v3_fieldaware",
      "score": 85.70561010247556
    }
  }
}